f_sequence,r_sequence,f_gene,r_gene,f_author_gene_list,r_author_gene_list,f_evalue,r_evalue,f_Occurrence_Count,r_Occurrence_Count,f_pmcid_list,r_pmcid_list,f_Tm_C,r_Tm_C,f_GC_pct,r_GC_pct,f_total_citations,r_total_citations,f_pmcid_count,r_pmcid_count,f_match_start,r_match_start,f_match_end,r_match_end,f_orientation,r_orientation,f_self_comp,r_self_comp,pair_comp,f_reg_pmcid_list,f_inv_pmcid_list,r_reg_pmcid_list,r_inv_pmcid_list,pair_shared_pmcid_count,f_reg_pmcid_count,r_reg_pmcid_count,f_inv_pmcid_count,r_inv_pmcid_count,pair_shared_pmcid_list,f_cross_specificity_0,r_cross_specificity_0,f_cross_specificity_0_seq,r_cross_specificity_0_seq,f_cross_specificity_1,r_cross_specificity_1,f_cross_specificity_1_seq,r_cross_specificity_1_seq,f_cross_specificity_2,r_cross_specificity_2,f_cross_specificity_2_seq,r_cross_specificity_2_seq,f_cross_specificity_3,r_cross_specificity_3,f_cross_specificity_3_seq,r_cross_specificity_3_seq,f_cross_specificity_4,r_cross_specificity_4,f_cross_specificity_4_seq,r_cross_specificity_4_seq,evidence_score,biophysics_score,synergy_score,pickr_score
GGAAGCACGGCAGCAGAATA,AACTTGAGGGAGAAGTAGGAATGG,IL12B,IL12B,"IL-12 (18), IL-12p40 (9), Il12b (7), Il12p40 (7), IL-12-F (3), IL-12-FW (2), IL-12a (2), IL12 (2), IL12b (2), IL12p40 (2), Il-12 (2), Il12 (2), MOUSE (2), mouse (2), p40 (2), For (1), GAPDH (1), IL- (1), IL-12-sense (1), IL-12B (1), IL-12b (1), IL-12p40-F (1), IL-12p40For (1), IL-12p70 (1), IL-23 (1), IL12-FW (1), IL12bNM_008352 (1), Il-12_Tilapia_fw (1), Il-12b (1), Interleukin (1), Mice (1), Mouse (1), Mus_Il12b (1), mIL-12 (1), mIL-12-F (1), murine (1)","IL-12 (18), Il12p40 (8), Il12b (5), IL-12-R (3), IL-12p40 (3), IL12p40 (3), GAPDH (2), IL-12a (2), IL-12b (2), COX-2 (1), CXCL10 (1), Chil3 (1), Direction (1), GGA (1), Gapdh (1), Gene (1), Genes (1), IL-10 (1), IL-10-F (1), IL-12-antisense (1), IL-12B (1), IL-12p40Rev (1), IL12-RV (1), IL12b (1), IL12bNM_008352 (1), Il-12 (1), Il-12_Tilapia_rv (1), MMP-2 (1), Mice (1), Murine (1), REAGENT (1), mIL-12-F (1), mIL-12-R (1), mIL12p40-qR (1), mIl12b (1), mIl6 (1), murine (1)",3.5,0.39,89,106,"PMC10072111, PMC10122309, PMC10597467, PMC10747217, PMC10796079, PMC10798563, PMC10861823, PMC10952994, PMC11055558, PMC11186637, PMC11600198, PMC11763583, PMC11982544, PMC12048997, PMC2212025, PMC2212966, PMC2691956, PMC2848020, PMC3116916, PMC3174963, PMC3673914, PMC3701681, PMC3726775, PMC3812020, PMC3930092, PMC4009731, PMC4312504, PMC4316187, PMC4450756, PMC4477963, PMC5352199, PMC5427131, PMC5438602, PMC5548869, PMC5605431, PMC5626405, PMC5799305, PMC5815252, PMC5836516, PMC5864864, PMC5866536, PMC5897363, PMC5929384, PMC5940246, PMC5976527, PMC6059467, PMC6200811, PMC6268574, PMC6454603, PMC6621971, PMC6726780, PMC6943172, PMC6960141, PMC7035466, PMC7063113, PMC7126853, PMC7325470, PMC7497224, PMC7583932, PMC7662559, PMC7795342, PMC7823216, PMC7824804, PMC7827370, PMC8070793, PMC8074041, PMC8163552, PMC8176923, PMC8264587, PMC8279472, PMC8473681, PMC8636194, PMC8718515, PMC8923121, PMC9019633, PMC9025264, PMC9075632, PMC9324481, PMC9410837, PMC9513582, PMC9534818, PMC9544816, PMC9898909, PMC9922942","PMC10072111, PMC10122309, PMC10597467, PMC10798563, PMC10861823, PMC10952994, PMC11055558, PMC11186637, PMC11239810, PMC11487550, PMC11763583, PMC11982544, PMC12048997, PMC2212025, PMC2691956, PMC2848020, PMC3116916, PMC3174963, PMC3701681, PMC3782044, PMC3930092, PMC4009731, PMC4155410, PMC4275388, PMC4312504, PMC4316187, PMC4450756, PMC4477963, PMC4495563, PMC4709561, PMC4976526, PMC5329177, PMC5352199, PMC5438602, PMC5494067, PMC5548869, PMC5605431, PMC5626405, PMC5742144, PMC5760107, PMC5799305, PMC5815252, PMC5836516, PMC5864864, PMC5866536, PMC5897363, PMC5929384, PMC5940246, PMC5976527, PMC6059467, PMC6200811, PMC6268574, PMC6454603, PMC6547911, PMC6621971, PMC6726780, PMC6892624, PMC6943172, PMC6960141, PMC7035466, PMC7063113, PMC7126853, PMC7226952, PMC7325470, PMC7497224, PMC7583932, PMC7662559, PMC7795342, PMC7823216, PMC7824804, PMC7827370, PMC7927270, PMC8070793, PMC8074041, PMC8143410, PMC8163552, PMC8176923, PMC8264587, PMC8279472, PMC8294323, PMC8386542, PMC8473681, PMC8636194, PMC8718515, PMC8923121, PMC9019633, PMC9025264, PMC9075632, PMC9324481, PMC9410837, PMC9513582, PMC9534818, PMC9544816, PMC9576521, PMC9674924, PMC9898909, PMC9922942",61.4,60.45,55.0,45.8,2009,2404,84,97,686.0,842.0,705.0,865.0,forward,reverse_complement,2,4,3,"PMC10072111,PMC10122309,PMC10597467,PMC10747217,PMC10796079,PMC10798563,PMC10861823,PMC10952994,PMC11055558,PMC11186637,PMC11600198,PMC11763583,PMC11982544,PMC12048997,PMC2212025,PMC2212966,PMC2691956,PMC2848020,PMC3116916,PMC3174963,PMC3673914,PMC3701681,PMC3726775,PMC3812020,PMC3930092,PMC4009731,PMC4312504,PMC4316187,PMC4450756,PMC4477963,PMC5352199,PMC5427131,PMC5438602,PMC5548869,PMC5605431,PMC5626405,PMC5799305,PMC5815252,PMC5836516,PMC5864864,PMC5866536,PMC5897363,PMC5929384,PMC5940246,PMC5976527,PMC6059467,PMC6200811,PMC6268574,PMC6454603,PMC6621971,PMC6726780,PMC6943172,PMC6960141,PMC7035466,PMC7063113,PMC7126853,PMC7325470,PMC7497224,PMC7583932,PMC7662559,PMC7795342,PMC7823216,PMC7824804,PMC7827370,PMC8070793,PMC8074041,PMC8163552,PMC8176923,PMC8264587,PMC8279472,PMC8473681,PMC8636194,PMC8718515,PMC8923121,PMC9019633,PMC9025264,PMC9075632,PMC9324481,PMC9410837,PMC9513582,PMC9534818,PMC9544816,PMC9898909,PMC9922942",,"PMC10072111,PMC10122309,PMC10597467,PMC10798563,PMC10861823,PMC10952994,PMC11055558,PMC11186637,PMC11239810,PMC11487550,PMC11763583,PMC11982544,PMC12048997,PMC2212025,PMC2691956,PMC2848020,PMC3116916,PMC3174963,PMC3701681,PMC3782044,PMC3930092,PMC4009731,PMC4155410,PMC4275388,PMC4312504,PMC4316187,PMC4450756,PMC4477963,PMC4495563,PMC4709561,PMC4976526,PMC5329177,PMC5352199,PMC5438602,PMC5494067,PMC5548869,PMC5605431,PMC5626405,PMC5742144,PMC5760107,PMC5799305,PMC5815252,PMC5836516,PMC5864864,PMC5866536,PMC5897363,PMC5929384,PMC5940246,PMC5976527,PMC6059467,PMC6200811,PMC6268574,PMC6454603,PMC6547911,PMC6621971,PMC6726780,PMC6892624,PMC6943172,PMC6960141,PMC7035466,PMC7063113,PMC7126853,PMC7226952,PMC7325470,PMC7497224,PMC7583932,PMC7662559,PMC7795342,PMC7823216,PMC7824804,PMC7827370,PMC7927270,PMC8070793,PMC8074041,PMC8143410,PMC8163552,PMC8176923,PMC8264587,PMC8279472,PMC8294323,PMC8386542,PMC8473681,PMC8636194,PMC8718515,PMC8923121,PMC9019633,PMC9025264,PMC9075632,PMC9324481,PMC9410837,PMC9513582,PMC9534818,PMC9544816,PMC9576521,PMC9674924,PMC9898909,PMC9922942",,76,84,97,0,0,"PMC10072111,PMC10122309,PMC10597467,PMC10798563,PMC10861823,PMC10952994,PMC11055558,PMC11186637,PMC11763583,PMC11982544,PMC12048997,PMC2212025,PMC2691956,PMC2848020,PMC3116916,PMC3174963,PMC3701681,PMC3930092,PMC4009731,PMC4312504,PMC4316187,PMC4450756,PMC4477963,PMC5352199,PMC5438602,PMC5548869,PMC5605431,PMC5626405,PMC5799305,PMC5815252,PMC5836516,PMC5864864,PMC5866536,PMC5897363,PMC5929384,PMC5940246,PMC5976527,PMC6059467,PMC6200811,PMC6268574,PMC6454603,PMC6621971,PMC6726780,PMC6943172,PMC6960141,PMC7035466,PMC7063113,PMC7126853,PMC7325470,PMC7497224,PMC7583932,PMC7662559,PMC7795342,PMC7823216,PMC7824804,PMC7827370,PMC8070793,PMC8074041,PMC8163552,PMC8176923,PMC8264587,PMC8279472,PMC8473681,PMC8636194,PMC8718515,PMC8923121,PMC9019633,PMC9025264,PMC9075632,PMC9324481,PMC9410837,PMC9513582,PMC9534818,PMC9544816,PMC9898909,PMC9922942",,,,,,,,,,,,,,,,,,,,,1.0,0.8972222222222221,0.6833333333333347,90.58333333333334
GGAAGCACGGCAGCAGAATA,TCTTCAAAGGCTTCATCTGCAA,IL12B,IL12B,"IL-12 (18), IL-12p40 (9), Il12b (7), Il12p40 (7), IL-12-F (3), IL-12-FW (2), IL-12a (2), IL12 (2), IL12b (2), IL12p40 (2), Il-12 (2), Il12 (2), MOUSE (2), mouse (2), p40 (2), For (1), GAPDH (1), IL- (1), IL-12-sense (1), IL-12B (1), IL-12b (1), IL-12p40-F (1), IL-12p40For (1), IL-12p70 (1), IL-23 (1), IL12-FW (1), IL12bNM_008352 (1), Il-12_Tilapia_fw (1), Il-12b (1), Interleukin (1), Mice (1), Mouse (1), Mus_Il12b (1), mIL-12 (1), mIL-12-F (1), murine (1)","IL-12p40 (3), IL-12 (2), A-3 (1), For (1), HPRT (1), IL-12b (1), IL-15 (1), IL12p40 (1), Ifnb (1), Il12b (1), Murine (1), P40 (1), TTCATCAG-3 (1), The (1), mIL-12 (1)",3.5,1.3,89,20,"PMC10072111, PMC10122309, PMC10597467, PMC10747217, PMC10796079, PMC10798563, PMC10861823, PMC10952994, PMC11055558, PMC11186637, PMC11600198, PMC11763583, PMC11982544, PMC12048997, PMC2212025, PMC2212966, PMC2691956, PMC2848020, PMC3116916, PMC3174963, PMC3673914, PMC3701681, PMC3726775, PMC3812020, PMC3930092, PMC4009731, PMC4312504, PMC4316187, PMC4450756, PMC4477963, PMC5352199, PMC5427131, PMC5438602, PMC5548869, PMC5605431, PMC5626405, PMC5799305, PMC5815252, PMC5836516, PMC5864864, PMC5866536, PMC5897363, PMC5929384, PMC5940246, PMC5976527, PMC6059467, PMC6200811, PMC6268574, PMC6454603, PMC6621971, PMC6726780, PMC6943172, PMC6960141, PMC7035466, PMC7063113, PMC7126853, PMC7325470, PMC7497224, PMC7583932, PMC7662559, PMC7795342, PMC7823216, PMC7824804, PMC7827370, PMC8070793, PMC8074041, PMC8163552, PMC8176923, PMC8264587, PMC8279472, PMC8473681, PMC8636194, PMC8718515, PMC8923121, PMC9019633, PMC9025264, PMC9075632, PMC9324481, PMC9410837, PMC9513582, PMC9534818, PMC9544816, PMC9898909, PMC9922942","PMC10003108, PMC10369930, PMC11150769, PMC2212952, PMC2213193, PMC3425550, PMC3525658, PMC4389243, PMC5342705, PMC5660477, PMC5675380, PMC6002122, PMC6119693, PMC7229175, PMC8463873, PMC8809074, PMC8907821, PMC9024221, PMC9909354",61.4,59.18,55.0,40.9,2009,1213,84,19,686.0,771.0,705.0,792.0,forward,reverse_complement,2,4,5,"PMC10072111,PMC10122309,PMC10597467,PMC10747217,PMC10796079,PMC10798563,PMC10861823,PMC10952994,PMC11055558,PMC11186637,PMC11600198,PMC11763583,PMC11982544,PMC12048997,PMC2212025,PMC2212966,PMC2691956,PMC2848020,PMC3116916,PMC3174963,PMC3673914,PMC3701681,PMC3726775,PMC3812020,PMC3930092,PMC4009731,PMC4312504,PMC4316187,PMC4450756,PMC4477963,PMC5352199,PMC5427131,PMC5438602,PMC5548869,PMC5605431,PMC5626405,PMC5799305,PMC5815252,PMC5836516,PMC5864864,PMC5866536,PMC5897363,PMC5929384,PMC5940246,PMC5976527,PMC6059467,PMC6200811,PMC6268574,PMC6454603,PMC6621971,PMC6726780,PMC6943172,PMC6960141,PMC7035466,PMC7063113,PMC7126853,PMC7325470,PMC7497224,PMC7583932,PMC7662559,PMC7795342,PMC7823216,PMC7824804,PMC7827370,PMC8070793,PMC8074041,PMC8163552,PMC8176923,PMC8264587,PMC8279472,PMC8473681,PMC8636194,PMC8718515,PMC8923121,PMC9019633,PMC9025264,PMC9075632,PMC9324481,PMC9410837,PMC9513582,PMC9534818,PMC9544816,PMC9898909,PMC9922942",,"PMC10003108,PMC10369930,PMC11150769,PMC2212952,PMC2213193,PMC3425550,PMC3525658,PMC4389243,PMC5342705,PMC5660477,PMC5675380,PMC6002122,PMC6119693,PMC7229175,PMC8463873,PMC8809074,PMC8907821,PMC9024221,PMC9909354",,0,84,19,0,0,,,,,,,,,,,,,,,,,,,,,,0.702069116981048,0.8350000000000001,0.26000000000000034,65.35345584905241
GGAAGCACGGCAGCAGAATA,CAGGAGTCAGGGTACTCCCA,IL12B,IL12B,"IL-12 (18), IL-12p40 (9), Il12b (7), Il12p40 (7), IL-12-F (3), IL-12-FW (2), IL-12a (2), IL12 (2), IL12b (2), IL12p40 (2), Il-12 (2), Il12 (2), MOUSE (2), mouse (2), p40 (2), For (1), GAPDH (1), IL- (1), IL-12-sense (1), IL-12B (1), IL-12b (1), IL-12p40-F (1), IL-12p40For (1), IL-12p70 (1), IL-23 (1), IL12-FW (1), IL12bNM_008352 (1), Il-12_Tilapia_fw (1), Il-12b (1), Interleukin (1), Mice (1), Mouse (1), Mus_Il12b (1), mIL-12 (1), mIL-12-F (1), murine (1)","IL-12 (4), IL-12p40 (2), IL-12B (1), IL-12b (1), IL12b (1), Ifng (1), Il12 (1), Il12b (1), NM-022611.1 (1), REAGENT (1), mus (1)",3.5,0.87,89,17,"PMC10072111, PMC10122309, PMC10597467, PMC10747217, PMC10796079, PMC10798563, PMC10861823, PMC10952994, PMC11055558, PMC11186637, PMC11600198, PMC11763583, PMC11982544, PMC12048997, PMC2212025, PMC2212966, PMC2691956, PMC2848020, PMC3116916, PMC3174963, PMC3673914, PMC3701681, PMC3726775, PMC3812020, PMC3930092, PMC4009731, PMC4312504, PMC4316187, PMC4450756, PMC4477963, PMC5352199, PMC5427131, PMC5438602, PMC5548869, PMC5605431, PMC5626405, PMC5799305, PMC5815252, PMC5836516, PMC5864864, PMC5866536, PMC5897363, PMC5929384, PMC5940246, PMC5976527, PMC6059467, PMC6200811, PMC6268574, PMC6454603, PMC6621971, PMC6726780, PMC6943172, PMC6960141, PMC7035466, PMC7063113, PMC7126853, PMC7325470, PMC7497224, PMC7583932, PMC7662559, PMC7795342, PMC7823216, PMC7824804, PMC7827370, PMC8070793, PMC8074041, PMC8163552, PMC8176923, PMC8264587, PMC8279472, PMC8473681, PMC8636194, PMC8718515, PMC8923121, PMC9019633, PMC9025264, PMC9075632, PMC9324481, PMC9410837, PMC9513582, PMC9534818, PMC9544816, PMC9898909, PMC9922942","PMC10458163, PMC10643921, PMC11128112, PMC11363845, PMC11413701, PMC11955453, PMC11990213, PMC4014502, PMC5062839, PMC5859022, PMC5948771, PMC6205598, PMC7156681, PMC7187533, PMC7547440, PMC9212208, PMC9727083",61.4,60.63,55.0,60.0,2009,303,84,17,686.0,813.0,705.0,832.0,forward,reverse_complement,2,5,3,"PMC10072111,PMC10122309,PMC10597467,PMC10747217,PMC10796079,PMC10798563,PMC10861823,PMC10952994,PMC11055558,PMC11186637,PMC11600198,PMC11763583,PMC11982544,PMC12048997,PMC2212025,PMC2212966,PMC2691956,PMC2848020,PMC3116916,PMC3174963,PMC3673914,PMC3701681,PMC3726775,PMC3812020,PMC3930092,PMC4009731,PMC4312504,PMC4316187,PMC4450756,PMC4477963,PMC5352199,PMC5427131,PMC5438602,PMC5548869,PMC5605431,PMC5626405,PMC5799305,PMC5815252,PMC5836516,PMC5864864,PMC5866536,PMC5897363,PMC5929384,PMC5940246,PMC5976527,PMC6059467,PMC6200811,PMC6268574,PMC6454603,PMC6621971,PMC6726780,PMC6943172,PMC6960141,PMC7035466,PMC7063113,PMC7126853,PMC7325470,PMC7497224,PMC7583932,PMC7662559,PMC7795342,PMC7823216,PMC7824804,PMC7827370,PMC8070793,PMC8074041,PMC8163552,PMC8176923,PMC8264587,PMC8279472,PMC8473681,PMC8636194,PMC8718515,PMC8923121,PMC9019633,PMC9025264,PMC9075632,PMC9324481,PMC9410837,PMC9513582,PMC9534818,PMC9544816,PMC9898909,PMC9922942",,"PMC11128112,PMC11990213,PMC5948771,PMC7547440,PMC9727083","PMC10458163,PMC10643921,PMC11363845,PMC11413701,PMC11955453,PMC4014502,PMC5062839,PMC5859022,PMC6205598,PMC7156681,PMC7187533,PMC9212208",0,84,5,0,12,,,,,,,,,,,,,,,,,,,,,,0.6326131321630669,0.8455555555555555,0.7433333333333347,71.86398994148671
GGAAGCACGGCAGCAGAATA,GGTTTGATGATGTCCCTGATGA,IL12B,IL12B,"IL-12 (18), IL-12p40 (9), Il12b (7), Il12p40 (7), IL-12-F (3), IL-12-FW (2), IL-12a (2), IL12 (2), IL12b (2), IL12p40 (2), Il-12 (2), Il12 (2), MOUSE (2), mouse (2), p40 (2), For (1), GAPDH (1), IL- (1), IL-12-sense (1), IL-12B (1), IL-12b (1), IL-12p40-F (1), IL-12p40For (1), IL-12p70 (1), IL-23 (1), IL12-FW (1), IL12bNM_008352 (1), Il-12_Tilapia_fw (1), Il-12b (1), Interleukin (1), Mice (1), Mouse (1), Mus_Il12b (1), mIL-12 (1), mIL-12-F (1), murine (1)","IL-12 (2), IL-12p40 (2), Il12b (2), F-5 (1), IL12p40 (1), Values (1), mIl12b_R (1)",3.5,0.000345,89,12,"PMC10072111, PMC10122309, PMC10597467, PMC10747217, PMC10796079, PMC10798563, PMC10861823, PMC10952994, PMC11055558, PMC11186637, PMC11600198, PMC11763583, PMC11982544, PMC12048997, PMC2212025, PMC2212966, PMC2691956, PMC2848020, PMC3116916, PMC3174963, PMC3673914, PMC3701681, PMC3726775, PMC3812020, PMC3930092, PMC4009731, PMC4312504, PMC4316187, PMC4450756, PMC4477963, PMC5352199, PMC5427131, PMC5438602, PMC5548869, PMC5605431, PMC5626405, PMC5799305, PMC5815252, PMC5836516, PMC5864864, PMC5866536, PMC5897363, PMC5929384, PMC5940246, PMC5976527, PMC6059467, PMC6200811, PMC6268574, PMC6454603, PMC6621971, PMC6726780, PMC6943172, PMC6960141, PMC7035466, PMC7063113, PMC7126853, PMC7325470, PMC7497224, PMC7583932, PMC7662559, PMC7795342, PMC7823216, PMC7824804, PMC7827370, PMC8070793, PMC8074041, PMC8163552, PMC8176923, PMC8264587, PMC8279472, PMC8473681, PMC8636194, PMC8718515, PMC8923121, PMC9019633, PMC9025264, PMC9075632, PMC9324481, PMC9410837, PMC9513582, PMC9534818, PMC9544816, PMC9898909, PMC9922942","PMC11091332, PMC11796412, PMC3750155, PMC4976367, PMC5727422, PMC7011629, PMC7113642, PMC7242473, PMC8671160, PMC9279577, PMC9555797, PMC9946980",61.4,58.78,55.0,45.5,2009,178,84,12,686.0,733.0,705.0,754.0,forward,reverse_complement,2,2,3,"PMC10072111,PMC10122309,PMC10597467,PMC10747217,PMC10796079,PMC10798563,PMC10861823,PMC10952994,PMC11055558,PMC11186637,PMC11600198,PMC11763583,PMC11982544,PMC12048997,PMC2212025,PMC2212966,PMC2691956,PMC2848020,PMC3116916,PMC3174963,PMC3673914,PMC3701681,PMC3726775,PMC3812020,PMC3930092,PMC4009731,PMC4312504,PMC4316187,PMC4450756,PMC4477963,PMC5352199,PMC5427131,PMC5438602,PMC5548869,PMC5605431,PMC5626405,PMC5799305,PMC5815252,PMC5836516,PMC5864864,PMC5866536,PMC5897363,PMC5929384,PMC5940246,PMC5976527,PMC6059467,PMC6200811,PMC6268574,PMC6454603,PMC6621971,PMC6726780,PMC6943172,PMC6960141,PMC7035466,PMC7063113,PMC7126853,PMC7325470,PMC7497224,PMC7583932,PMC7662559,PMC7795342,PMC7823216,PMC7824804,PMC7827370,PMC8070793,PMC8074041,PMC8163552,PMC8176923,PMC8264587,PMC8279472,PMC8473681,PMC8636194,PMC8718515,PMC8923121,PMC9019633,PMC9025264,PMC9075632,PMC9324481,PMC9410837,PMC9513582,PMC9534818,PMC9544816,PMC9898909,PMC9922942",,"PMC11091332,PMC11796412,PMC7113642,PMC8671160,PMC9946980","PMC3750155,PMC4976367,PMC5727422,PMC7011629,PMC7242473,PMC9279577,PMC9555797",0,84,5,0,7,,,,,,,,,,,,,,,,,,,,,,0.6195263129588617,0.8544444444444446,0.12666666666666748,59.14298231460978
GGAAGCACGGCAGCAGAATA,CCACCTGTGAGTTCTTCAAAGGC,IL12B,IL12B,"IL-12 (18), IL-12p40 (9), Il12b (7), Il12p40 (7), IL-12-F (3), IL-12-FW (2), IL-12a (2), IL12 (2), IL12b (2), IL12p40 (2), Il-12 (2), Il12 (2), MOUSE (2), mouse (2), p40 (2), For (1), GAPDH (1), IL- (1), IL-12-sense (1), IL-12B (1), IL-12b (1), IL-12p40-F (1), IL-12p40For (1), IL-12p70 (1), IL-23 (1), IL12-FW (1), IL12bNM_008352 (1), Il-12_Tilapia_fw (1), Il-12b (1), Interleukin (1), Mice (1), Mouse (1), Mus_Il12b (1), mIL-12 (1), mIL-12-F (1), murine (1)","Il12b (3), IL-12 (2), Il-12 (2), Ccl5 (1), Ifng (1), Il-12p40 (1), TNF (1), Tnfa (1)",3.5,0.33,89,13,"PMC10072111, PMC10122309, PMC10597467, PMC10747217, PMC10796079, PMC10798563, PMC10861823, PMC10952994, PMC11055558, PMC11186637, PMC11600198, PMC11763583, PMC11982544, PMC12048997, PMC2212025, PMC2212966, PMC2691956, PMC2848020, PMC3116916, PMC3174963, PMC3673914, PMC3701681, PMC3726775, PMC3812020, PMC3930092, PMC4009731, PMC4312504, PMC4316187, PMC4450756, PMC4477963, PMC5352199, PMC5427131, PMC5438602, PMC5548869, PMC5605431, PMC5626405, PMC5799305, PMC5815252, PMC5836516, PMC5864864, PMC5866536, PMC5897363, PMC5929384, PMC5940246, PMC5976527, PMC6059467, PMC6200811, PMC6268574, PMC6454603, PMC6621971, PMC6726780, PMC6943172, PMC6960141, PMC7035466, PMC7063113, PMC7126853, PMC7325470, PMC7497224, PMC7583932, PMC7662559, PMC7795342, PMC7823216, PMC7824804, PMC7827370, PMC8070793, PMC8074041, PMC8163552, PMC8176923, PMC8264587, PMC8279472, PMC8473681, PMC8636194, PMC8718515, PMC8923121, PMC9019633, PMC9025264, PMC9075632, PMC9324481, PMC9410837, PMC9513582, PMC9534818, PMC9544816, PMC9898909, PMC9922942","PMC10375149, PMC10834803, PMC10933546, PMC11668009, PMC5980348, PMC6091234, PMC8253254, PMC9116420, PMC9673965, PMC9718183, PMC9902321",61.4,62.52,55.0,52.2,2009,104,84,11,686.0,782.0,705.0,804.0,forward,reverse_complement,2,3,4,"PMC10072111,PMC10122309,PMC10597467,PMC10747217,PMC10796079,PMC10798563,PMC10861823,PMC10952994,PMC11055558,PMC11186637,PMC11600198,PMC11763583,PMC11982544,PMC12048997,PMC2212025,PMC2212966,PMC2691956,PMC2848020,PMC3116916,PMC3174963,PMC3673914,PMC3701681,PMC3726775,PMC3812020,PMC3930092,PMC4009731,PMC4312504,PMC4316187,PMC4450756,PMC4477963,PMC5352199,PMC5427131,PMC5438602,PMC5548869,PMC5605431,PMC5626405,PMC5799305,PMC5815252,PMC5836516,PMC5864864,PMC5866536,PMC5897363,PMC5929384,PMC5940246,PMC5976527,PMC6059467,PMC6200811,PMC6268574,PMC6454603,PMC6621971,PMC6726780,PMC6943172,PMC6960141,PMC7035466,PMC7063113,PMC7126853,PMC7325470,PMC7497224,PMC7583932,PMC7662559,PMC7795342,PMC7823216,PMC7824804,PMC7827370,PMC8070793,PMC8074041,PMC8163552,PMC8176923,PMC8264587,PMC8279472,PMC8473681,PMC8636194,PMC8718515,PMC8923121,PMC9019633,PMC9025264,PMC9075632,PMC9324481,PMC9410837,PMC9513582,PMC9534818,PMC9544816,PMC9898909,PMC9922942",,"PMC10375149,PMC10834803,PMC10933546,PMC11668009,PMC5980348,PMC6091234,PMC8253254,PMC9116420,PMC9673965,PMC9718183,PMC9902321",,0,84,11,0,0,,,,,,,,,,,,,,,,,,,,,,0.653855026761026,0.7822222222222222,0.6266666666666652,68.69275133805127
GGAAGCACGGCAGCAGAATA,CTGATGAAGAAGCTGGTGCTGT,IL12B,IL12B,"IL-12 (18), IL-12p40 (9), Il12b (7), Il12p40 (7), IL-12-F (3), IL-12-FW (2), IL-12a (2), IL12 (2), IL12b (2), IL12p40 (2), Il-12 (2), Il12 (2), MOUSE (2), mouse (2), p40 (2), For (1), GAPDH (1), IL- (1), IL-12-sense (1), IL-12B (1), IL-12b (1), IL-12p40-F (1), IL-12p40For (1), IL-12p70 (1), IL-23 (1), IL12-FW (1), IL12bNM_008352 (1), Il-12_Tilapia_fw (1), Il-12b (1), Interleukin (1), Mice (1), Mouse (1), Mus_Il12b (1), mIL-12 (1), mIL-12-F (1), murine (1)","IL-12p40 (5), IL-12 (3), IL-12b (1), Ifnb (1), Il12b (1), NM_001303244 (1), mIL-12 (1)",3.5,0.33,89,13,"PMC10072111, PMC10122309, PMC10597467, PMC10747217, PMC10796079, PMC10798563, PMC10861823, PMC10952994, PMC11055558, PMC11186637, PMC11600198, PMC11763583, PMC11982544, PMC12048997, PMC2212025, PMC2212966, PMC2691956, PMC2848020, PMC3116916, PMC3174963, PMC3673914, PMC3701681, PMC3726775, PMC3812020, PMC3930092, PMC4009731, PMC4312504, PMC4316187, PMC4450756, PMC4477963, PMC5352199, PMC5427131, PMC5438602, PMC5548869, PMC5605431, PMC5626405, PMC5799305, PMC5815252, PMC5836516, PMC5864864, PMC5866536, PMC5897363, PMC5929384, PMC5940246, PMC5976527, PMC6059467, PMC6200811, PMC6268574, PMC6454603, PMC6621971, PMC6726780, PMC6943172, PMC6960141, PMC7035466, PMC7063113, PMC7126853, PMC7325470, PMC7497224, PMC7583932, PMC7662559, PMC7795342, PMC7823216, PMC7824804, PMC7827370, PMC8070793, PMC8074041, PMC8163552, PMC8176923, PMC8264587, PMC8279472, PMC8473681, PMC8636194, PMC8718515, PMC8923121, PMC9019633, PMC9025264, PMC9075632, PMC9324481, PMC9410837, PMC9513582, PMC9534818, PMC9544816, PMC9898909, PMC9922942","PMC10003108, PMC11150769, PMC2213193, PMC3425550, PMC3525658, PMC5660477, PMC5675380, PMC6002122, PMC7229175, PMC8809074, PMC8907821, PMC9024221, PMC9909354",61.4,61.54,55.0,50.0,2009,550,84,13,686.0,718.0,705.0,739.0,forward,reverse_complement,2,4,5,"PMC10072111,PMC10122309,PMC10597467,PMC10747217,PMC10796079,PMC10798563,PMC10861823,PMC10952994,PMC11055558,PMC11186637,PMC11600198,PMC11763583,PMC11982544,PMC12048997,PMC2212025,PMC2212966,PMC2691956,PMC2848020,PMC3116916,PMC3174963,PMC3673914,PMC3701681,PMC3726775,PMC3812020,PMC3930092,PMC4009731,PMC4312504,PMC4316187,PMC4450756,PMC4477963,PMC5352199,PMC5427131,PMC5438602,PMC5548869,PMC5605431,PMC5626405,PMC5799305,PMC5815252,PMC5836516,PMC5864864,PMC5866536,PMC5897363,PMC5929384,PMC5940246,PMC5976527,PMC6059467,PMC6200811,PMC6268574,PMC6454603,PMC6621971,PMC6726780,PMC6943172,PMC6960141,PMC7035466,PMC7063113,PMC7126853,PMC7325470,PMC7497224,PMC7583932,PMC7662559,PMC7795342,PMC7823216,PMC7824804,PMC7827370,PMC8070793,PMC8074041,PMC8163552,PMC8176923,PMC8264587,PMC8279472,PMC8473681,PMC8636194,PMC8718515,PMC8923121,PMC9019633,PMC9025264,PMC9075632,PMC9324481,PMC9410837,PMC9513582,PMC9534818,PMC9544816,PMC9898909,PMC9922942",,,"PMC10003108,PMC11150769,PMC2213193,PMC3425550,PMC3525658,PMC5660477,PMC5675380,PMC6002122,PMC7229175,PMC8809074,PMC8907821,PMC9024221,PMC9909354",0,84,0,0,13,,,,,,,,,,,,,,,,,,,,,,0.525447363576515,0.8366666666666668,0.9533333333333331,70.43903484549242
GGAAGCACGGCAGCAGAATA,TACTCCCAGCTGACCTCCAC,IL12B,IL12B,"IL-12 (18), IL-12p40 (9), Il12b (7), Il12p40 (7), IL-12-F (3), IL-12-FW (2), IL-12a (2), IL12 (2), IL12b (2), IL12p40 (2), Il-12 (2), Il12 (2), MOUSE (2), mouse (2), p40 (2), For (1), GAPDH (1), IL- (1), IL-12-sense (1), IL-12B (1), IL-12b (1), IL-12p40-F (1), IL-12p40For (1), IL-12p70 (1), IL-23 (1), IL12-FW (1), IL12bNM_008352 (1), Il-12_Tilapia_fw (1), Il-12b (1), Interleukin (1), Mice (1), Mouse (1), Mus_Il12b (1), mIL-12 (1), mIL-12-F (1), murine (1)","Mouse (2), IL-12p40 (1), Interleukin (1), VEGFa (1)",3.5,0.004,89,11,"PMC10072111, PMC10122309, PMC10597467, PMC10747217, PMC10796079, PMC10798563, PMC10861823, PMC10952994, PMC11055558, PMC11186637, PMC11600198, PMC11763583, PMC11982544, PMC12048997, PMC2212025, PMC2212966, PMC2691956, PMC2848020, PMC3116916, PMC3174963, PMC3673914, PMC3701681, PMC3726775, PMC3812020, PMC3930092, PMC4009731, PMC4312504, PMC4316187, PMC4450756, PMC4477963, PMC5352199, PMC5427131, PMC5438602, PMC5548869, PMC5605431, PMC5626405, PMC5799305, PMC5815252, PMC5836516, PMC5864864, PMC5866536, PMC5897363, PMC5929384, PMC5940246, PMC5976527, PMC6059467, PMC6200811, PMC6268574, PMC6454603, PMC6621971, PMC6726780, PMC6943172, PMC6960141, PMC7035466, PMC7063113, PMC7126853, PMC7325470, PMC7497224, PMC7583932, PMC7662559, PMC7795342, PMC7823216, PMC7824804, PMC7827370, PMC8070793, PMC8074041, PMC8163552, PMC8176923, PMC8264587, PMC8279472, PMC8473681, PMC8636194, PMC8718515, PMC8923121, PMC9019633, PMC9025264, PMC9075632, PMC9324481, PMC9410837, PMC9513582, PMC9534818, PMC9544816, PMC9898909, PMC9922942","PMC11087979, PMC3246787, PMC3390375, PMC3973661, PMC4157812, PMC4735956, PMC5118818, PMC6340868, PMC6423659, PMC8229285, PMC8321543",61.4,61.28,55.0,60.0,2009,150,84,11,686.0,801.0,705.0,820.0,forward,reverse_complement,2,6,4,"PMC10072111,PMC10122309,PMC10597467,PMC10747217,PMC10796079,PMC10798563,PMC10861823,PMC10952994,PMC11055558,PMC11186637,PMC11600198,PMC11763583,PMC11982544,PMC12048997,PMC2212025,PMC2212966,PMC2691956,PMC2848020,PMC3116916,PMC3174963,PMC3673914,PMC3701681,PMC3726775,PMC3812020,PMC3930092,PMC4009731,PMC4312504,PMC4316187,PMC4450756,PMC4477963,PMC5352199,PMC5427131,PMC5438602,PMC5548869,PMC5605431,PMC5626405,PMC5799305,PMC5815252,PMC5836516,PMC5864864,PMC5866536,PMC5897363,PMC5929384,PMC5940246,PMC5976527,PMC6059467,PMC6200811,PMC6268574,PMC6454603,PMC6621971,PMC6726780,PMC6943172,PMC6960141,PMC7035466,PMC7063113,PMC7126853,PMC7325470,PMC7497224,PMC7583932,PMC7662559,PMC7795342,PMC7823216,PMC7824804,PMC7827370,PMC8070793,PMC8074041,PMC8163552,PMC8176923,PMC8264587,PMC8279472,PMC8473681,PMC8636194,PMC8718515,PMC8923121,PMC9019633,PMC9025264,PMC9075632,PMC9324481,PMC9410837,PMC9513582,PMC9534818,PMC9544816,PMC9898909,PMC9922942",,"PMC3246787,PMC3390375,PMC3973661,PMC4157812,PMC4735956,PMC5118818,PMC6340868,PMC6423659,PMC8229285,PMC8321543",PMC11087979,0,84,10,0,1,,,,,,,,,,,,,,,,,,,,,,0.6491416408011084,0.8094444444444445,0.9600000000000009,75.94041537338877
AGACCCTGCCCATTGAACTG,AACTTGAGGGAGAAGTAGGAATGG,IL12B,IL12B,"IL-12 (7), IL-12-R (1), IL-12b (1), IL-12p40 (1), IL12b (1), Il-12 (1), Il12 (1), Il12p40 (1), Rewards (1)","IL-12 (18), Il12p40 (8), Il12b (5), IL-12-R (3), IL-12p40 (3), IL12p40 (3), GAPDH (2), IL-12a (2), IL-12b (2), COX-2 (1), CXCL10 (1), Chil3 (1), Direction (1), GGA (1), Gapdh (1), Gene (1), Genes (1), IL-10 (1), IL-10-F (1), IL-12-antisense (1), IL-12B (1), IL-12p40Rev (1), IL12-RV (1), IL12b (1), IL12bNM_008352 (1), Il-12 (1), Il-12_Tilapia_rv (1), MMP-2 (1), Mice (1), Murine (1), REAGENT (1), mIL-12-F (1), mIL-12-R (1), mIL12p40-qR (1), mIl12b (1), mIl6 (1), murine (1)",3.5,0.39,18,106,"PMC10607261, PMC10785713, PMC11990213, PMC2698136, PMC2886833, PMC2908538, PMC5133373, PMC5850208, PMC5865807, PMC5948771, PMC6100297, PMC6322236, PMC6401634, PMC6844068, PMC6857089, PMC7138104, PMC7851346, PMC9204975","PMC10072111, PMC10122309, PMC10597467, PMC10798563, PMC10861823, PMC10952994, PMC11055558, PMC11186637, PMC11239810, PMC11487550, PMC11763583, PMC11982544, PMC12048997, PMC2212025, PMC2691956, PMC2848020, PMC3116916, PMC3174963, PMC3701681, PMC3782044, PMC3930092, PMC4009731, PMC4155410, PMC4275388, PMC4312504, PMC4316187, PMC4450756, PMC4477963, PMC4495563, PMC4709561, PMC4976526, PMC5329177, PMC5352199, PMC5438602, PMC5494067, PMC5548869, PMC5605431, PMC5626405, PMC5742144, PMC5760107, PMC5799305, PMC5815252, PMC5836516, PMC5864864, PMC5866536, PMC5897363, PMC5929384, PMC5940246, PMC5976527, PMC6059467, PMC6200811, PMC6268574, PMC6454603, PMC6547911, PMC6621971, PMC6726780, PMC6892624, PMC6943172, PMC6960141, PMC7035466, PMC7063113, PMC7126853, PMC7226952, PMC7325470, PMC7497224, PMC7583932, PMC7662559, PMC7795342, PMC7823216, PMC7824804, PMC7827370, PMC7927270, PMC8070793, PMC8074041, PMC8143410, PMC8163552, PMC8176923, PMC8264587, PMC8279472, PMC8294323, PMC8386542, PMC8473681, PMC8636194, PMC8718515, PMC8923121, PMC9019633, PMC9025264, PMC9075632, PMC9324481, PMC9410837, PMC9513582, PMC9534818, PMC9544816, PMC9576521, PMC9674924, PMC9898909, PMC9922942",60.63,60.45,55.0,45.8,339,2404,18,97,661.0,842.0,680.0,865.0,forward,reverse_complement,2,4,5,"PMC10785713,PMC11990213,PMC2698136,PMC2886833,PMC5133373,PMC5865807,PMC5948771,PMC6322236,PMC6401634,PMC6844068,PMC7138104,PMC9204975","PMC10607261,PMC2908538,PMC5850208,PMC6100297,PMC6857089,PMC7851346","PMC10072111,PMC10122309,PMC10597467,PMC10798563,PMC10861823,PMC10952994,PMC11055558,PMC11186637,PMC11239810,PMC11487550,PMC11763583,PMC11982544,PMC12048997,PMC2212025,PMC2691956,PMC2848020,PMC3116916,PMC3174963,PMC3701681,PMC3782044,PMC3930092,PMC4009731,PMC4155410,PMC4275388,PMC4312504,PMC4316187,PMC4450756,PMC4477963,PMC4495563,PMC4709561,PMC4976526,PMC5329177,PMC5352199,PMC5438602,PMC5494067,PMC5548869,PMC5605431,PMC5626405,PMC5742144,PMC5760107,PMC5799305,PMC5815252,PMC5836516,PMC5864864,PMC5866536,PMC5897363,PMC5929384,PMC5940246,PMC5976527,PMC6059467,PMC6200811,PMC6268574,PMC6454603,PMC6547911,PMC6621971,PMC6726780,PMC6892624,PMC6943172,PMC6960141,PMC7035466,PMC7063113,PMC7126853,PMC7226952,PMC7325470,PMC7497224,PMC7583932,PMC7662559,PMC7795342,PMC7823216,PMC7824804,PMC7827370,PMC7927270,PMC8070793,PMC8074041,PMC8143410,PMC8163552,PMC8176923,PMC8264587,PMC8279472,PMC8294323,PMC8386542,PMC8473681,PMC8636194,PMC8718515,PMC8923121,PMC9019633,PMC9025264,PMC9075632,PMC9324481,PMC9410837,PMC9513582,PMC9534818,PMC9544816,PMC9576521,PMC9674924,PMC9898909,PMC9922942",,0,12,97,6,0,,,,,,,,,,,,,,,,,,,,,,0.6901034186941934,0.9399999999999997,0.9400000000000001,81.50517093470967
AGACCCTGCCCATTGAACTG,TCTTCAAAGGCTTCATCTGCAA,IL12B,IL12B,"IL-12 (7), IL-12-R (1), IL-12b (1), IL-12p40 (1), IL12b (1), Il-12 (1), Il12 (1), Il12p40 (1), Rewards (1)","IL-12p40 (3), IL-12 (2), A-3 (1), For (1), HPRT (1), IL-12b (1), IL-15 (1), IL12p40 (1), Ifnb (1), Il12b (1), Murine (1), P40 (1), TTCATCAG-3 (1), The (1), mIL-12 (1)",3.5,1.3,18,20,"PMC10607261, PMC10785713, PMC11990213, PMC2698136, PMC2886833, PMC2908538, PMC5133373, PMC5850208, PMC5865807, PMC5948771, PMC6100297, PMC6322236, PMC6401634, PMC6844068, PMC6857089, PMC7138104, PMC7851346, PMC9204975","PMC10003108, PMC10369930, PMC11150769, PMC2212952, PMC2213193, PMC3425550, PMC3525658, PMC4389243, PMC5342705, PMC5660477, PMC5675380, PMC6002122, PMC6119693, PMC7229175, PMC8463873, PMC8809074, PMC8907821, PMC9024221, PMC9909354",60.63,59.18,55.0,40.9,339,1213,18,19,661.0,771.0,680.0,792.0,forward,reverse_complement,2,4,5,"PMC10785713,PMC11990213,PMC2698136,PMC2886833,PMC5133373,PMC5865807,PMC5948771,PMC6322236,PMC6401634,PMC6844068,PMC7138104,PMC9204975","PMC10607261,PMC2908538,PMC5850208,PMC6100297,PMC6857089,PMC7851346","PMC10003108,PMC10369930,PMC11150769,PMC2212952,PMC2213193,PMC3425550,PMC3525658,PMC4389243,PMC5342705,PMC5660477,PMC5675380,PMC6002122,PMC6119693,PMC7229175,PMC8463873,PMC8809074,PMC8907821,PMC9024221,PMC9909354",,0,12,19,6,0,,,,,,,,,,,,,,,,,,,,,,0.5401040333943141,0.8777777777777775,0.5166666666666657,63.67186833638235
AGACCCTGCCCATTGAACTG,CAGGAGTCAGGGTACTCCCA,IL12B,IL12B,"IL-12 (7), IL-12-R (1), IL-12b (1), IL-12p40 (1), IL12b (1), Il-12 (1), Il12 (1), Il12p40 (1), Rewards (1)","IL-12 (4), IL-12p40 (2), IL-12B (1), IL-12b (1), IL12b (1), Ifng (1), Il12 (1), Il12b (1), NM-022611.1 (1), REAGENT (1), mus (1)",3.5,0.87,18,17,"PMC10607261, PMC10785713, PMC11990213, PMC2698136, PMC2886833, PMC2908538, PMC5133373, PMC5850208, PMC5865807, PMC5948771, PMC6100297, PMC6322236, PMC6401634, PMC6844068, PMC6857089, PMC7138104, PMC7851346, PMC9204975","PMC10458163, PMC10643921, PMC11128112, PMC11363845, PMC11413701, PMC11955453, PMC11990213, PMC4014502, PMC5062839, PMC5859022, PMC5948771, PMC6205598, PMC7156681, PMC7187533, PMC7547440, PMC9212208, PMC9727083",60.63,60.63,55.0,60.0,339,303,18,17,661.0,813.0,680.0,832.0,forward,reverse_complement,2,5,6,"PMC10785713,PMC11990213,PMC2698136,PMC2886833,PMC5133373,PMC5865807,PMC5948771,PMC6322236,PMC6401634,PMC6844068,PMC7138104,PMC9204975","PMC10607261,PMC2908538,PMC5850208,PMC6100297,PMC6857089,PMC7851346","PMC11128112,PMC11990213,PMC5948771,PMC7547440,PMC9727083","PMC10458163,PMC10643921,PMC11363845,PMC11413701,PMC11955453,PMC4014502,PMC5062839,PMC5859022,PMC6205598,PMC7156681,PMC7187533,PMC9212208",2,12,5,6,12,"PMC11990213,PMC5948771",,,,,,,,,,,,,,,,,,,,,0.0,0.0,0.0,0.0
AGACCCTGCCCATTGAACTG,GGTTTGATGATGTCCCTGATGA,IL12B,IL12B,"IL-12 (7), IL-12-R (1), IL-12b (1), IL-12p40 (1), IL12b (1), Il-12 (1), Il12 (1), Il12p40 (1), Rewards (1)","IL-12 (2), IL-12p40 (2), Il12b (2), F-5 (1), IL12p40 (1), Values (1), mIl12b_R (1)",3.5,0.000345,18,12,"PMC10607261, PMC10785713, PMC11990213, PMC2698136, PMC2886833, PMC2908538, PMC5133373, PMC5850208, PMC5865807, PMC5948771, PMC6100297, PMC6322236, PMC6401634, PMC6844068, PMC6857089, PMC7138104, PMC7851346, PMC9204975","PMC11091332, PMC11796412, PMC3750155, PMC4976367, PMC5727422, PMC7011629, PMC7113642, PMC7242473, PMC8671160, PMC9279577, PMC9555797, PMC9946980",60.63,58.78,55.0,45.5,339,178,18,12,661.0,733.0,680.0,754.0,forward,reverse_complement,2,2,3,"PMC10785713,PMC11990213,PMC2698136,PMC2886833,PMC5133373,PMC5865807,PMC5948771,PMC6322236,PMC6401634,PMC6844068,PMC7138104,PMC9204975","PMC10607261,PMC2908538,PMC5850208,PMC6100297,PMC6857089,PMC7851346","PMC11091332,PMC11796412,PMC7113642,PMC8671160,PMC9946980","PMC3750155,PMC4976367,PMC5727422,PMC7011629,PMC7242473,PMC9279577,PMC9555797",0,12,5,6,7,,,,,,,,,,,,,,,,,,,,,,0.4575612293721277,0.8972222222222221,0.38333333333333286,57.461394801939704
AGACCCTGCCCATTGAACTG,CCACCTGTGAGTTCTTCAAAGGC,IL12B,IL12B,"IL-12 (7), IL-12-R (1), IL-12b (1), IL-12p40 (1), IL12b (1), Il-12 (1), Il12 (1), Il12p40 (1), Rewards (1)","Il12b (3), IL-12 (2), Il-12 (2), Ccl5 (1), Ifng (1), Il-12p40 (1), TNF (1), Tnfa (1)",3.5,0.33,18,13,"PMC10607261, PMC10785713, PMC11990213, PMC2698136, PMC2886833, PMC2908538, PMC5133373, PMC5850208, PMC5865807, PMC5948771, PMC6100297, PMC6322236, PMC6401634, PMC6844068, PMC6857089, PMC7138104, PMC7851346, PMC9204975","PMC10375149, PMC10834803, PMC10933546, PMC11668009, PMC5980348, PMC6091234, PMC8253254, PMC9116420, PMC9673965, PMC9718183, PMC9902321",60.63,62.52,55.0,52.2,339,104,18,11,661.0,782.0,680.0,804.0,forward,reverse_complement,2,3,5,"PMC10785713,PMC11990213,PMC2698136,PMC2886833,PMC5133373,PMC5865807,PMC5948771,PMC6322236,PMC6401634,PMC6844068,PMC7138104,PMC9204975","PMC10607261,PMC2908538,PMC5850208,PMC6100297,PMC6857089,PMC7851346","PMC10375149,PMC10834803,PMC10933546,PMC11668009,PMC5980348,PMC6091234,PMC8253254,PMC9116420,PMC9673965,PMC9718183,PMC9902321",,0,12,11,6,0,,,,,,,,,,,,,,,,,,,,,,0.491889943174292,0.8249999999999997,0.3699999999999998,56.744497158714594
AGACCCTGCCCATTGAACTG,TATTCTGCTGCCGTGCTTCC,IL12B,IL12B,"IL-12 (7), IL-12-R (1), IL-12b (1), IL-12p40 (1), IL12b (1), Il-12 (1), Il12 (1), Il12p40 (1), Rewards (1)","IL-12 (18), IL-12p40 (9), Il12b (7), Il12p40 (7), IL-12-F (3), IL-12-FW (2), IL-12a (2), IL12 (2), IL12b (2), IL12p40 (2), Il-12 (2), Il12 (2), MOUSE (2), mouse (2), p40 (2), For (1), GAPDH (1), IL- (1), IL-12-sense (1), IL-12B (1), IL-12b (1), IL-12p40-F (1), IL-12p40For (1), IL-12p70 (1), IL-23 (1), IL12-FW (1), IL12bNM_008352 (1), Il-12_Tilapia_fw (1), Il-12b (1), Interleukin (1), Mice (1), Mouse (1), Mus_Il12b (1), mIL-12 (1), mIL-12-F (1), murine (1)",3.5,3.5,18,89,"PMC10607261, PMC10785713, PMC11990213, PMC2698136, PMC2886833, PMC2908538, PMC5133373, PMC5850208, PMC5865807, PMC5948771, PMC6100297, PMC6322236, PMC6401634, PMC6844068, PMC6857089, PMC7138104, PMC7851346, PMC9204975","PMC10072111, PMC10122309, PMC10597467, PMC10747217, PMC10796079, PMC10798563, PMC10861823, PMC10952994, PMC11055558, PMC11186637, PMC11600198, PMC11763583, PMC11982544, PMC12048997, PMC2212025, PMC2212966, PMC2691956, PMC2848020, PMC3116916, PMC3174963, PMC3673914, PMC3701681, PMC3726775, PMC3812020, PMC3930092, PMC4009731, PMC4312504, PMC4316187, PMC4450756, PMC4477963, PMC5352199, PMC5427131, PMC5438602, PMC5548869, PMC5605431, PMC5626405, PMC5799305, PMC5815252, PMC5836516, PMC5864864, PMC5866536, PMC5897363, PMC5929384, PMC5940246, PMC5976527, PMC6059467, PMC6200811, PMC6268574, PMC6454603, PMC6621971, PMC6726780, PMC6943172, PMC6960141, PMC7035466, PMC7063113, PMC7126853, PMC7325470, PMC7497224, PMC7583932, PMC7662559, PMC7795342, PMC7823216, PMC7824804, PMC7827370, PMC8070793, PMC8074041, PMC8163552, PMC8176923, PMC8264587, PMC8279472, PMC8473681, PMC8636194, PMC8718515, PMC8923121, PMC9019633, PMC9025264, PMC9075632, PMC9324481, PMC9410837, PMC9513582, PMC9534818, PMC9544816, PMC9898909, PMC9922942",60.63,61.4,55.0,55.0,339,2009,18,84,661.0,686.0,680.0,705.0,forward,reverse_complement,2,2,3,"PMC10785713,PMC11990213,PMC2698136,PMC2886833,PMC5133373,PMC5865807,PMC5948771,PMC6322236,PMC6401634,PMC6844068,PMC7138104,PMC9204975","PMC10607261,PMC2908538,PMC5850208,PMC6100297,PMC6857089,PMC7851346",,"PMC10072111,PMC10122309,PMC10597467,PMC10747217,PMC10796079,PMC10798563,PMC10861823,PMC10952994,PMC11055558,PMC11186637,PMC11600198,PMC11763583,PMC11982544,PMC12048997,PMC2212025,PMC2212966,PMC2691956,PMC2848020,PMC3116916,PMC3174963,PMC3673914,PMC3701681,PMC3726775,PMC3812020,PMC3930092,PMC4009731,PMC4312504,PMC4316187,PMC4450756,PMC4477963,PMC5352199,PMC5427131,PMC5438602,PMC5548869,PMC5605431,PMC5626405,PMC5799305,PMC5815252,PMC5836516,PMC5864864,PMC5866536,PMC5897363,PMC5929384,PMC5940246,PMC5976527,PMC6059467,PMC6200811,PMC6268574,PMC6454603,PMC6621971,PMC6726780,PMC6943172,PMC6960141,PMC7035466,PMC7063113,PMC7126853,PMC7325470,PMC7497224,PMC7583932,PMC7662559,PMC7795342,PMC7823216,PMC7824804,PMC7827370,PMC8070793,PMC8074041,PMC8163552,PMC8176923,PMC8264587,PMC8279472,PMC8473681,PMC8636194,PMC8718515,PMC8923121,PMC9019633,PMC9025264,PMC9075632,PMC9324481,PMC9410837,PMC9513582,PMC9534818,PMC9544816,PMC9898909,PMC9922942",0,12,0,6,84,,,,,,,,,,,,,,,,,,,,,,0.4360135734941383,0.8872222222222221,0.7433333333333347,63.28401200804027
AGACCCTGCCCATTGAACTG,CTGATGAAGAAGCTGGTGCTGT,IL12B,IL12B,"IL-12 (7), IL-12-R (1), IL-12b (1), IL-12p40 (1), IL12b (1), Il-12 (1), Il12 (1), Il12p40 (1), Rewards (1)","IL-12p40 (5), IL-12 (3), IL-12b (1), Ifnb (1), Il12b (1), NM_001303244 (1), mIL-12 (1)",3.5,0.33,18,13,"PMC10607261, PMC10785713, PMC11990213, PMC2698136, PMC2886833, PMC2908538, PMC5133373, PMC5850208, PMC5865807, PMC5948771, PMC6100297, PMC6322236, PMC6401634, PMC6844068, PMC6857089, PMC7138104, PMC7851346, PMC9204975","PMC10003108, PMC11150769, PMC2213193, PMC3425550, PMC3525658, PMC5660477, PMC5675380, PMC6002122, PMC7229175, PMC8809074, PMC8907821, PMC9024221, PMC9909354",60.63,61.54,55.0,50.0,339,550,18,13,661.0,718.0,680.0,739.0,forward,reverse_complement,2,4,3,"PMC10785713,PMC11990213,PMC2698136,PMC2886833,PMC5133373,PMC5865807,PMC5948771,PMC6322236,PMC6401634,PMC6844068,PMC7138104,PMC9204975","PMC10607261,PMC2908538,PMC5850208,PMC6100297,PMC6857089,PMC7851346",,"PMC10003108,PMC11150769,PMC2213193,PMC3425550,PMC3525658,PMC5660477,PMC5675380,PMC6002122,PMC7229175,PMC8809074,PMC8907821,PMC9024221,PMC9909354",0,12,0,6,13,,,,,,,,,,,,,,,,,,,,,,0.363482279989781,0.8794444444444443,0.6966666666666679,58.49078066615574
AGACCCTGCCCATTGAACTG,TACTCCCAGCTGACCTCCAC,IL12B,IL12B,"IL-12 (7), IL-12-R (1), IL-12b (1), IL-12p40 (1), IL12b (1), Il-12 (1), Il12 (1), Il12p40 (1), Rewards (1)","Mouse (2), IL-12p40 (1), Interleukin (1), VEGFa (1)",3.5,0.004,18,11,"PMC10607261, PMC10785713, PMC11990213, PMC2698136, PMC2886833, PMC2908538, PMC5133373, PMC5850208, PMC5865807, PMC5948771, PMC6100297, PMC6322236, PMC6401634, PMC6844068, PMC6857089, PMC7138104, PMC7851346, PMC9204975","PMC11087979, PMC3246787, PMC3390375, PMC3973661, PMC4157812, PMC4735956, PMC5118818, PMC6340868, PMC6423659, PMC8229285, PMC8321543",60.63,61.28,55.0,60.0,339,150,18,11,661.0,801.0,680.0,820.0,forward,reverse_complement,2,6,3,"PMC10785713,PMC11990213,PMC2698136,PMC2886833,PMC5133373,PMC5865807,PMC5948771,PMC6322236,PMC6401634,PMC6844068,PMC7138104,PMC9204975","PMC10607261,PMC2908538,PMC5850208,PMC6100297,PMC6857089,PMC7851346","PMC3246787,PMC3390375,PMC3973661,PMC4157812,PMC4735956,PMC5118818,PMC6340868,PMC6423659,PMC8229285,PMC8321543",PMC11087979,0,12,10,6,1,,,,,,,,,,,,,,,,,,,,,,0.4871765572143744,0.852222222222222,0.7833333333333338,65.59216119405205
ACAGCACCAGCTTCTTCATCAG,AACTTGAGGGAGAAGTAGGAATGG,IL12B,IL12B,"IL-12p40 (5), IL-12 (3), IL-12b (1), Ifnb (1), Il12b (1), NM_001303244 (1), mIL-12 (1)","IL-12 (18), Il12p40 (8), Il12b (5), IL-12-R (3), IL-12p40 (3), IL12p40 (3), GAPDH (2), IL-12a (2), IL-12b (2), COX-2 (1), CXCL10 (1), Chil3 (1), Direction (1), GGA (1), Gapdh (1), Gene (1), Genes (1), IL-10 (1), IL-10-F (1), IL-12-antisense (1), IL-12B (1), IL-12p40Rev (1), IL12-RV (1), IL12b (1), IL12bNM_008352 (1), Il-12 (1), Il-12_Tilapia_rv (1), MMP-2 (1), Mice (1), Murine (1), REAGENT (1), mIL-12-F (1), mIL-12-R (1), mIL12p40-qR (1), mIl12b (1), mIl6 (1), murine (1)",0.33,0.39,13,106,"PMC10003108, PMC11150769, PMC2213193, PMC3425550, PMC3525658, PMC5660477, PMC5675380, PMC6002122, PMC7229175, PMC8809074, PMC8907821, PMC9024221, PMC9909354","PMC10072111, PMC10122309, PMC10597467, PMC10798563, PMC10861823, PMC10952994, PMC11055558, PMC11186637, PMC11239810, PMC11487550, PMC11763583, PMC11982544, PMC12048997, PMC2212025, PMC2691956, PMC2848020, PMC3116916, PMC3174963, PMC3701681, PMC3782044, PMC3930092, PMC4009731, PMC4155410, PMC4275388, PMC4312504, PMC4316187, PMC4450756, PMC4477963, PMC4495563, PMC4709561, PMC4976526, PMC5329177, PMC5352199, PMC5438602, PMC5494067, PMC5548869, PMC5605431, PMC5626405, PMC5742144, PMC5760107, PMC5799305, PMC5815252, PMC5836516, PMC5864864, PMC5866536, PMC5897363, PMC5929384, PMC5940246, PMC5976527, PMC6059467, PMC6200811, PMC6268574, PMC6454603, PMC6547911, PMC6621971, PMC6726780, PMC6892624, PMC6943172, PMC6960141, PMC7035466, PMC7063113, PMC7126853, PMC7226952, PMC7325470, PMC7497224, PMC7583932, PMC7662559, PMC7795342, PMC7823216, PMC7824804, PMC7827370, PMC7927270, PMC8070793, PMC8074041, PMC8143410, PMC8163552, PMC8176923, PMC8264587, PMC8279472, PMC8294323, PMC8386542, PMC8473681, PMC8636194, PMC8718515, PMC8923121, PMC9019633, PMC9025264, PMC9075632, PMC9324481, PMC9410837, PMC9513582, PMC9534818, PMC9544816, PMC9576521, PMC9674924, PMC9898909, PMC9922942",61.54,60.45,50.0,45.8,550,2404,13,97,718.0,842.0,739.0,865.0,forward,reverse_complement,4,4,5,"PMC10003108,PMC11150769,PMC2213193,PMC3425550,PMC3525658,PMC5660477,PMC5675380,PMC6002122,PMC7229175,PMC8809074,PMC8907821,PMC9024221,PMC9909354",,"PMC10072111,PMC10122309,PMC10597467,PMC10798563,PMC10861823,PMC10952994,PMC11055558,PMC11186637,PMC11239810,PMC11487550,PMC11763583,PMC11982544,PMC12048997,PMC2212025,PMC2691956,PMC2848020,PMC3116916,PMC3174963,PMC3701681,PMC3782044,PMC3930092,PMC4009731,PMC4155410,PMC4275388,PMC4312504,PMC4316187,PMC4450756,PMC4477963,PMC4495563,PMC4709561,PMC4976526,PMC5329177,PMC5352199,PMC5438602,PMC5494067,PMC5548869,PMC5605431,PMC5626405,PMC5742144,PMC5760107,PMC5799305,PMC5815252,PMC5836516,PMC5864864,PMC5866536,PMC5897363,PMC5929384,PMC5940246,PMC5976527,PMC6059467,PMC6200811,PMC6268574,PMC6454603,PMC6547911,PMC6621971,PMC6726780,PMC6892624,PMC6943172,PMC6960141,PMC7035466,PMC7063113,PMC7126853,PMC7226952,PMC7325470,PMC7497224,PMC7583932,PMC7662559,PMC7795342,PMC7823216,PMC7824804,PMC7827370,PMC7927270,PMC8070793,PMC8074041,PMC8143410,PMC8163552,PMC8176923,PMC8264587,PMC8279472,PMC8294323,PMC8386542,PMC8473681,PMC8636194,PMC8718515,PMC8923121,PMC9019633,PMC9025264,PMC9075632,PMC9324481,PMC9410837,PMC9513582,PMC9534818,PMC9544816,PMC9576521,PMC9674924,PMC9898909,PMC9922942",,0,13,97,0,0,,,,,,,,,,,,,,,,,,,,,,0.681836947196538,0.8894444444444443,0.6366666666666678,73.50851402649359
ACAGCACCAGCTTCTTCATCAG,TCTTCAAAGGCTTCATCTGCAA,IL12B,IL12B,"IL-12p40 (5), IL-12 (3), IL-12b (1), Ifnb (1), Il12b (1), NM_001303244 (1), mIL-12 (1)","IL-12p40 (3), IL-12 (2), A-3 (1), For (1), HPRT (1), IL-12b (1), IL-15 (1), IL12p40 (1), Ifnb (1), Il12b (1), Murine (1), P40 (1), TTCATCAG-3 (1), The (1), mIL-12 (1)",0.33,1.3,13,20,"PMC10003108, PMC11150769, PMC2213193, PMC3425550, PMC3525658, PMC5660477, PMC5675380, PMC6002122, PMC7229175, PMC8809074, PMC8907821, PMC9024221, PMC9909354","PMC10003108, PMC10369930, PMC11150769, PMC2212952, PMC2213193, PMC3425550, PMC3525658, PMC4389243, PMC5342705, PMC5660477, PMC5675380, PMC6002122, PMC6119693, PMC7229175, PMC8463873, PMC8809074, PMC8907821, PMC9024221, PMC9909354",61.54,59.18,50.0,40.9,550,1213,13,19,718.0,771.0,739.0,792.0,forward,reverse_complement,4,4,3,"PMC10003108,PMC11150769,PMC2213193,PMC3425550,PMC3525658,PMC5660477,PMC5675380,PMC6002122,PMC7229175,PMC8809074,PMC8907821,PMC9024221,PMC9909354",,"PMC10003108,PMC10369930,PMC11150769,PMC2212952,PMC2213193,PMC3425550,PMC3525658,PMC4389243,PMC5342705,PMC5660477,PMC5675380,PMC6002122,PMC6119693,PMC7229175,PMC8463873,PMC8809074,PMC8907821,PMC9024221,PMC9909354",,13,13,19,0,0,"PMC10003108,PMC11150769,PMC2213193,PMC3425550,PMC3525658,PMC5660477,PMC5675380,PMC6002122,PMC7229175,PMC8809074,PMC8907821,PMC9024221,PMC9909354",,,,,,,,,,,,,,,,,,,,,0.9368374289690224,0.8272222222222222,0.21333333333333349,75.92520478178446
ACAGCACCAGCTTCTTCATCAG,CAGGAGTCAGGGTACTCCCA,IL12B,IL12B,"IL-12p40 (5), IL-12 (3), IL-12b (1), Ifnb (1), Il12b (1), NM_001303244 (1), mIL-12 (1)","IL-12 (4), IL-12p40 (2), IL-12B (1), IL-12b (1), IL12b (1), Ifng (1), Il12 (1), Il12b (1), NM-022611.1 (1), REAGENT (1), mus (1)",0.33,0.87,13,17,"PMC10003108, PMC11150769, PMC2213193, PMC3425550, PMC3525658, PMC5660477, PMC5675380, PMC6002122, PMC7229175, PMC8809074, PMC8907821, PMC9024221, PMC9909354","PMC10458163, PMC10643921, PMC11128112, PMC11363845, PMC11413701, PMC11955453, PMC11990213, PMC4014502, PMC5062839, PMC5859022, PMC5948771, PMC6205598, PMC7156681, PMC7187533, PMC7547440, PMC9212208, PMC9727083",61.54,60.63,50.0,60.0,550,303,13,17,718.0,813.0,739.0,832.0,forward,reverse_complement,4,5,3,"PMC10003108,PMC11150769,PMC2213193,PMC3425550,PMC3525658,PMC5660477,PMC5675380,PMC6002122,PMC7229175,PMC8809074,PMC8907821,PMC9024221,PMC9909354",,"PMC11128112,PMC11990213,PMC5948771,PMC7547440,PMC9727083","PMC10458163,PMC10643921,PMC11363845,PMC11413701,PMC11955453,PMC4014502,PMC5062839,PMC5859022,PMC6205598,PMC7156681,PMC7187533,PMC9212208",0,13,5,0,12,,,,,,,,,,,,,,,,,,,,,,0.46238157707867744,0.8377777777777776,0.6966666666666679,62.18574552060056
ACAGCACCAGCTTCTTCATCAG,CCACCTGTGAGTTCTTCAAAGGC,IL12B,IL12B,"IL-12p40 (5), IL-12 (3), IL-12b (1), Ifnb (1), Il12b (1), NM_001303244 (1), mIL-12 (1)","Il12b (3), IL-12 (2), Il-12 (2), Ccl5 (1), Ifng (1), Il-12p40 (1), TNF (1), Tnfa (1)",0.33,0.33,13,13,"PMC10003108, PMC11150769, PMC2213193, PMC3425550, PMC3525658, PMC5660477, PMC5675380, PMC6002122, PMC7229175, PMC8809074, PMC8907821, PMC9024221, PMC9909354","PMC10375149, PMC10834803, PMC10933546, PMC11668009, PMC5980348, PMC6091234, PMC8253254, PMC9116420, PMC9673965, PMC9718183, PMC9902321",61.54,62.52,50.0,52.2,550,104,13,11,718.0,782.0,739.0,804.0,forward,reverse_complement,4,3,4,"PMC10003108,PMC11150769,PMC2213193,PMC3425550,PMC3525658,PMC5660477,PMC5675380,PMC6002122,PMC7229175,PMC8809074,PMC8907821,PMC9024221,PMC9909354",,"PMC10375149,PMC10834803,PMC10933546,PMC11668009,PMC5980348,PMC6091234,PMC8253254,PMC9116420,PMC9673965,PMC9718183,PMC9902321",,0,13,11,0,0,,,,,,,,,,,,,,,,,,,,,,0.4836234716766366,0.7744444444444443,0.673333333333332,60.881173583831796
ACAGCACCAGCTTCTTCATCAG,TACTCCCAGCTGACCTCCAC,IL12B,IL12B,"IL-12p40 (5), IL-12 (3), IL-12b (1), Ifnb (1), Il12b (1), NM_001303244 (1), mIL-12 (1)","Mouse (2), IL-12p40 (1), Interleukin (1), VEGFa (1)",0.33,0.004,13,11,"PMC10003108, PMC11150769, PMC2213193, PMC3425550, PMC3525658, PMC5660477, PMC5675380, PMC6002122, PMC7229175, PMC8809074, PMC8907821, PMC9024221, PMC9909354","PMC11087979, PMC3246787, PMC3390375, PMC3973661, PMC4157812, PMC4735956, PMC5118818, PMC6340868, PMC6423659, PMC8229285, PMC8321543",61.54,61.28,50.0,60.0,550,150,13,11,718.0,801.0,739.0,820.0,forward,reverse_complement,4,6,5,"PMC10003108,PMC11150769,PMC2213193,PMC3425550,PMC3525658,PMC5660477,PMC5675380,PMC6002122,PMC7229175,PMC8809074,PMC8907821,PMC9024221,PMC9909354",,"PMC3246787,PMC3390375,PMC3973661,PMC4157812,PMC4735956,PMC5118818,PMC6340868,PMC6423659,PMC8229285,PMC8321543",PMC11087979,0,13,10,0,1,,,,,,,,,,,,,,,,,,,,,,0.478910085716719,0.8016666666666666,0.913333333333334,66.26217095250263
AGGTCACACTGGACCAAAGG,AACTTGAGGGAGAAGTAGGAATGG,IL12B,IL12B,"Il12p40 (3), IL-12 (2), IL-12p40 (2), IL- (1), IL-12b (1), IL12b (1), Mouse (1), Primer (1)","IL-12 (18), Il12p40 (8), Il12b (5), IL-12-R (3), IL-12p40 (3), IL12p40 (3), GAPDH (2), IL-12a (2), IL-12b (2), COX-2 (1), CXCL10 (1), Chil3 (1), Direction (1), GGA (1), Gapdh (1), Gene (1), Genes (1), IL-10 (1), IL-10-F (1), IL-12-antisense (1), IL-12B (1), IL-12p40Rev (1), IL12-RV (1), IL12b (1), IL12bNM_008352 (1), Il-12 (1), Il-12_Tilapia_rv (1), MMP-2 (1), Mice (1), Murine (1), REAGENT (1), mIL-12-F (1), mIL-12-R (1), mIL12p40-qR (1), mIl12b (1), mIl6 (1), murine (1)",3.5,0.39,13,106,"PMC10957222, PMC11619207, PMC3790761, PMC4450074, PMC4917654, PMC5477572, PMC5669594, PMC6688631, PMC6883548, PMC7568172, PMC7830595, PMC8110749, PMC9045305","PMC10072111, PMC10122309, PMC10597467, PMC10798563, PMC10861823, PMC10952994, PMC11055558, PMC11186637, PMC11239810, PMC11487550, PMC11763583, PMC11982544, PMC12048997, PMC2212025, PMC2691956, PMC2848020, PMC3116916, PMC3174963, PMC3701681, PMC3782044, PMC3930092, PMC4009731, PMC4155410, PMC4275388, PMC4312504, PMC4316187, PMC4450756, PMC4477963, PMC4495563, PMC4709561, PMC4976526, PMC5329177, PMC5352199, PMC5438602, PMC5494067, PMC5548869, PMC5605431, PMC5626405, PMC5742144, PMC5760107, PMC5799305, PMC5815252, PMC5836516, PMC5864864, PMC5866536, PMC5897363, PMC5929384, PMC5940246, PMC5976527, PMC6059467, PMC6200811, PMC6268574, PMC6454603, PMC6547911, PMC6621971, PMC6726780, PMC6892624, PMC6943172, PMC6960141, PMC7035466, PMC7063113, PMC7126853, PMC7226952, PMC7325470, PMC7497224, PMC7583932, PMC7662559, PMC7795342, PMC7823216, PMC7824804, PMC7827370, PMC7927270, PMC8070793, PMC8074041, PMC8143410, PMC8163552, PMC8176923, PMC8264587, PMC8279472, PMC8294323, PMC8386542, PMC8473681, PMC8636194, PMC8718515, PMC8923121, PMC9019633, PMC9025264, PMC9075632, PMC9324481, PMC9410837, PMC9513582, PMC9534818, PMC9544816, PMC9576521, PMC9674924, PMC9898909, PMC9922942",60.19,60.45,55.0,45.8,134,2404,13,97,583.0,842.0,602.0,865.0,forward,reverse_complement,4,4,3,"PMC10957222,PMC11619207,PMC3790761,PMC4450074,PMC4917654,PMC5477572,PMC5669594,PMC6688631,PMC6883548,PMC7568172,PMC7830595,PMC8110749,PMC9045305",,"PMC10072111,PMC10122309,PMC10597467,PMC10798563,PMC10861823,PMC10952994,PMC11055558,PMC11186637,PMC11239810,PMC11487550,PMC11763583,PMC11982544,PMC12048997,PMC2212025,PMC2691956,PMC2848020,PMC3116916,PMC3174963,PMC3701681,PMC3782044,PMC3930092,PMC4009731,PMC4155410,PMC4275388,PMC4312504,PMC4316187,PMC4450756,PMC4477963,PMC4495563,PMC4709561,PMC4976526,PMC5329177,PMC5352199,PMC5438602,PMC5494067,PMC5548869,PMC5605431,PMC5626405,PMC5742144,PMC5760107,PMC5799305,PMC5815252,PMC5836516,PMC5864864,PMC5866536,PMC5897363,PMC5929384,PMC5940246,PMC5976527,PMC6059467,PMC6200811,PMC6268574,PMC6454603,PMC6547911,PMC6621971,PMC6726780,PMC6892624,PMC6943172,PMC6960141,PMC7035466,PMC7063113,PMC7126853,PMC7226952,PMC7325470,PMC7497224,PMC7583932,PMC7662559,PMC7795342,PMC7823216,PMC7824804,PMC7827370,PMC7927270,PMC8070793,PMC8074041,PMC8143410,PMC8163552,PMC8176923,PMC8264587,PMC8279472,PMC8294323,PMC8386542,PMC8473681,PMC8636194,PMC8718515,PMC8923121,PMC9019633,PMC9025264,PMC9075632,PMC9324481,PMC9410837,PMC9513582,PMC9534818,PMC9544816,PMC9576521,PMC9674924,PMC9898909,PMC9922942",,0,13,97,0,0,,,,,,,,,,,,,,,,,,,,,,0.681836947196538,0.9644444444444444,0.9133333333333317,81.29184735982686
AGGTCACACTGGACCAAAGG,TCTTCAAAGGCTTCATCTGCAA,IL12B,IL12B,"Il12p40 (3), IL-12 (2), IL-12p40 (2), IL- (1), IL-12b (1), IL12b (1), Mouse (1), Primer (1)","IL-12p40 (3), IL-12 (2), A-3 (1), For (1), HPRT (1), IL-12b (1), IL-15 (1), IL12p40 (1), Ifnb (1), Il12b (1), Murine (1), P40 (1), TTCATCAG-3 (1), The (1), mIL-12 (1)",3.5,1.3,13,20,"PMC10957222, PMC11619207, PMC3790761, PMC4450074, PMC4917654, PMC5477572, PMC5669594, PMC6688631, PMC6883548, PMC7568172, PMC7830595, PMC8110749, PMC9045305","PMC10003108, PMC10369930, PMC11150769, PMC2212952, PMC2213193, PMC3425550, PMC3525658, PMC4389243, PMC5342705, PMC5660477, PMC5675380, PMC6002122, PMC6119693, PMC7229175, PMC8463873, PMC8809074, PMC8907821, PMC9024221, PMC9909354",60.19,59.18,55.0,40.9,134,1213,13,19,583.0,771.0,602.0,792.0,forward,reverse_complement,4,4,3,"PMC10957222,PMC11619207,PMC3790761,PMC4450074,PMC4917654,PMC5477572,PMC5669594,PMC6688631,PMC6883548,PMC7568172,PMC7830595,PMC8110749,PMC9045305",,"PMC10003108,PMC10369930,PMC11150769,PMC2212952,PMC2213193,PMC3425550,PMC3525658,PMC4389243,PMC5342705,PMC5660477,PMC5675380,PMC6002122,PMC6119693,PMC7229175,PMC8463873,PMC8809074,PMC8907821,PMC9024221,PMC9909354",,0,13,19,0,0,,,,,,,,,,,,,,,,,,,,,,0.5318375618966587,0.9022222222222223,0.663333333333334,66.92521142816629
AGGTCACACTGGACCAAAGG,CAGGAGTCAGGGTACTCCCA,IL12B,IL12B,"Il12p40 (3), IL-12 (2), IL-12p40 (2), IL- (1), IL-12b (1), IL12b (1), Mouse (1), Primer (1)","IL-12 (4), IL-12p40 (2), IL-12B (1), IL-12b (1), IL12b (1), Ifng (1), Il12 (1), Il12b (1), NM-022611.1 (1), REAGENT (1), mus (1)",3.5,0.87,13,17,"PMC10957222, PMC11619207, PMC3790761, PMC4450074, PMC4917654, PMC5477572, PMC5669594, PMC6688631, PMC6883548, PMC7568172, PMC7830595, PMC8110749, PMC9045305","PMC10458163, PMC10643921, PMC11128112, PMC11363845, PMC11413701, PMC11955453, PMC11990213, PMC4014502, PMC5062839, PMC5859022, PMC5948771, PMC6205598, PMC7156681, PMC7187533, PMC7547440, PMC9212208, PMC9727083",60.19,60.63,55.0,60.0,134,303,13,17,583.0,813.0,602.0,832.0,forward,reverse_complement,4,5,3,"PMC10957222,PMC11619207,PMC3790761,PMC4450074,PMC4917654,PMC5477572,PMC5669594,PMC6688631,PMC6883548,PMC7568172,PMC7830595,PMC8110749,PMC9045305",,"PMC11128112,PMC11990213,PMC5948771,PMC7547440,PMC9727083","PMC10458163,PMC10643921,PMC11363845,PMC11413701,PMC11955453,PMC4014502,PMC5062839,PMC5859022,PMC6205598,PMC7156681,PMC7187533,PMC9212208",0,13,5,0,12,,,,,,,,,,,,,,,,,,,,,,0.46238157707867744,0.9127777777777777,0.8533333333333317,67.56907885393385
AGGTCACACTGGACCAAAGG,CGTGCTTCCAACGCCAGTTCAA,IL12B,IL12B,"Il12p40 (3), IL-12 (2), IL-12p40 (2), IL- (1), IL-12b (1), IL12b (1), Mouse (1), Primer (1)","Il12b (3), Il12p40 (3), IL-12 (2), Il-12 (2), GGC (1), IL-12p40 (1), Il-12p40 (1), REAGENT (1)",3.5,20.0,13,14,"PMC10957222, PMC11619207, PMC3790761, PMC4450074, PMC4917654, PMC5477572, PMC5669594, PMC6688631, PMC6883548, PMC7568172, PMC7830595, PMC8110749, PMC9045305","PMC10375149, PMC10651647, PMC10834803, PMC10933546, PMC11668009, PMC5980348, PMC6091234, PMC8189765, PMC8253254, PMC9116420, PMC9673965, PMC9718183, PMC9902321",60.19,65.0,55.0,54.5,134,329,13,13,583.0,673.0,602.0,694.0,forward,reverse_complement,4,3,5,"PMC10957222,PMC11619207,PMC3790761,PMC4450074,PMC4917654,PMC5477572,PMC5669594,PMC6688631,PMC6883548,PMC7568172,PMC7830595,PMC8110749,PMC9045305",,,"PMC10375149,PMC10651647,PMC10834803,PMC10933546,PMC11668009,PMC5980348,PMC6091234,PMC8189765,PMC8253254,PMC9116420,PMC9673965,PMC9718183,PMC9902321",0,13,0,0,13,,,,,,,,,,,,,,,,,,,,,,0.3552158084921256,0.8227777777777778,0.0,42.444123757939614
AGGTCACACTGGACCAAAGG,GGTTTGATGATGTCCCTGATGA,IL12B,IL12B,"Il12p40 (3), IL-12 (2), IL-12p40 (2), IL- (1), IL-12b (1), IL12b (1), Mouse (1), Primer (1)","IL-12 (2), IL-12p40 (2), Il12b (2), F-5 (1), IL12p40 (1), Values (1), mIl12b_R (1)",3.5,0.000345,13,12,"PMC10957222, PMC11619207, PMC3790761, PMC4450074, PMC4917654, PMC5477572, PMC5669594, PMC6688631, PMC6883548, PMC7568172, PMC7830595, PMC8110749, PMC9045305","PMC11091332, PMC11796412, PMC3750155, PMC4976367, PMC5727422, PMC7011629, PMC7113642, PMC7242473, PMC8671160, PMC9279577, PMC9555797, PMC9946980",60.19,58.78,55.0,45.5,134,178,13,12,583.0,733.0,602.0,754.0,forward,reverse_complement,4,2,4,"PMC10957222,PMC11619207,PMC3790761,PMC4450074,PMC4917654,PMC5477572,PMC5669594,PMC6688631,PMC6883548,PMC7568172,PMC7830595,PMC8110749,PMC9045305",,"PMC11091332,PMC11796412,PMC7113642,PMC8671160,PMC9946980","PMC3750155,PMC4976367,PMC5727422,PMC7011629,PMC7242473,PMC9279577,PMC9555797",0,13,5,0,7,,,,,,,,,,,,,,,,,,,,,,0.44929475787447215,0.9216666666666669,0.5300000000000011,60.71473789372362
AGGTCACACTGGACCAAAGG,CCACCTGTGAGTTCTTCAAAGGC,IL12B,IL12B,"Il12p40 (3), IL-12 (2), IL-12p40 (2), IL- (1), IL-12b (1), IL12b (1), Mouse (1), Primer (1)","Il12b (3), IL-12 (2), Il-12 (2), Ccl5 (1), Ifng (1), Il-12p40 (1), TNF (1), Tnfa (1)",3.5,0.33,13,13,"PMC10957222, PMC11619207, PMC3790761, PMC4450074, PMC4917654, PMC5477572, PMC5669594, PMC6688631, PMC6883548, PMC7568172, PMC7830595, PMC8110749, PMC9045305","PMC10375149, PMC10834803, PMC10933546, PMC11668009, PMC5980348, PMC6091234, PMC8253254, PMC9116420, PMC9673965, PMC9718183, PMC9902321",60.19,62.52,55.0,52.2,134,104,13,11,583.0,782.0,602.0,804.0,forward,reverse_complement,4,3,5,"PMC10957222,PMC11619207,PMC3790761,PMC4450074,PMC4917654,PMC5477572,PMC5669594,PMC6688631,PMC6883548,PMC7568172,PMC7830595,PMC8110749,PMC9045305",,"PMC10375149,PMC10834803,PMC10933546,PMC11668009,PMC5980348,PMC6091234,PMC8253254,PMC9116420,PMC9673965,PMC9718183,PMC9902321",,0,13,11,0,0,,,,,,,,,,,,,,,,,,,,,,0.4836234716766366,0.8494444444444444,0.2233333333333315,54.131173583831796
AGGTCACACTGGACCAAAGG,TATTCTGCTGCCGTGCTTCC,IL12B,IL12B,"Il12p40 (3), IL-12 (2), IL-12p40 (2), IL- (1), IL-12b (1), IL12b (1), Mouse (1), Primer (1)","IL-12 (18), IL-12p40 (9), Il12b (7), Il12p40 (7), IL-12-F (3), IL-12-FW (2), IL-12a (2), IL12 (2), IL12b (2), IL12p40 (2), Il-12 (2), Il12 (2), MOUSE (2), mouse (2), p40 (2), For (1), GAPDH (1), IL- (1), IL-12-sense (1), IL-12B (1), IL-12b (1), IL-12p40-F (1), IL-12p40For (1), IL-12p70 (1), IL-23 (1), IL12-FW (1), IL12bNM_008352 (1), Il-12_Tilapia_fw (1), Il-12b (1), Interleukin (1), Mice (1), Mouse (1), Mus_Il12b (1), mIL-12 (1), mIL-12-F (1), murine (1)",3.5,3.5,13,89,"PMC10957222, PMC11619207, PMC3790761, PMC4450074, PMC4917654, PMC5477572, PMC5669594, PMC6688631, PMC6883548, PMC7568172, PMC7830595, PMC8110749, PMC9045305","PMC10072111, PMC10122309, PMC10597467, PMC10747217, PMC10796079, PMC10798563, PMC10861823, PMC10952994, PMC11055558, PMC11186637, PMC11600198, PMC11763583, PMC11982544, PMC12048997, PMC2212025, PMC2212966, PMC2691956, PMC2848020, PMC3116916, PMC3174963, PMC3673914, PMC3701681, PMC3726775, PMC3812020, PMC3930092, PMC4009731, PMC4312504, PMC4316187, PMC4450756, PMC4477963, PMC5352199, PMC5427131, PMC5438602, PMC5548869, PMC5605431, PMC5626405, PMC5799305, PMC5815252, PMC5836516, PMC5864864, PMC5866536, PMC5897363, PMC5929384, PMC5940246, PMC5976527, PMC6059467, PMC6200811, PMC6268574, PMC6454603, PMC6621971, PMC6726780, PMC6943172, PMC6960141, PMC7035466, PMC7063113, PMC7126853, PMC7325470, PMC7497224, PMC7583932, PMC7662559, PMC7795342, PMC7823216, PMC7824804, PMC7827370, PMC8070793, PMC8074041, PMC8163552, PMC8176923, PMC8264587, PMC8279472, PMC8473681, PMC8636194, PMC8718515, PMC8923121, PMC9019633, PMC9025264, PMC9075632, PMC9324481, PMC9410837, PMC9513582, PMC9534818, PMC9544816, PMC9898909, PMC9922942",60.19,61.4,55.0,55.0,134,2009,13,84,583.0,686.0,602.0,705.0,forward,reverse_complement,4,2,3,"PMC10957222,PMC11619207,PMC3790761,PMC4450074,PMC4917654,PMC5477572,PMC5669594,PMC6688631,PMC6883548,PMC7568172,PMC7830595,PMC8110749,PMC9045305",,,"PMC10072111,PMC10122309,PMC10597467,PMC10747217,PMC10796079,PMC10798563,PMC10861823,PMC10952994,PMC11055558,PMC11186637,PMC11600198,PMC11763583,PMC11982544,PMC12048997,PMC2212025,PMC2212966,PMC2691956,PMC2848020,PMC3116916,PMC3174963,PMC3673914,PMC3701681,PMC3726775,PMC3812020,PMC3930092,PMC4009731,PMC4312504,PMC4316187,PMC4450756,PMC4477963,PMC5352199,PMC5427131,PMC5438602,PMC5548869,PMC5605431,PMC5626405,PMC5799305,PMC5815252,PMC5836516,PMC5864864,PMC5866536,PMC5897363,PMC5929384,PMC5940246,PMC5976527,PMC6059467,PMC6200811,PMC6268574,PMC6454603,PMC6621971,PMC6726780,PMC6943172,PMC6960141,PMC7035466,PMC7063113,PMC7126853,PMC7325470,PMC7497224,PMC7583932,PMC7662559,PMC7795342,PMC7823216,PMC7824804,PMC7827370,PMC8070793,PMC8074041,PMC8163552,PMC8176923,PMC8264587,PMC8279472,PMC8473681,PMC8636194,PMC8718515,PMC8923121,PMC9019633,PMC9025264,PMC9075632,PMC9324481,PMC9410837,PMC9513582,PMC9534818,PMC9544816,PMC9898909,PMC9922942",0,13,0,0,84,,,,,,,,,,,,,,,,,,,,,,0.42774710199648286,0.9116666666666668,0.5966666666666665,60.67068843315747
AGGTCACACTGGACCAAAGG,CAGTTCAATGGGCAGGGTCT,IL12B,IL12B,"Il12p40 (3), IL-12 (2), IL-12p40 (2), IL- (1), IL-12b (1), IL12b (1), Mouse (1), Primer (1)","IL-12 (7), IL-12-R (1), IL-12b (1), IL-12p40 (1), IL12b (1), Il-12 (1), Il12 (1), Il12p40 (1), Rewards (1)",3.5,3.5,13,18,"PMC10957222, PMC11619207, PMC3790761, PMC4450074, PMC4917654, PMC5477572, PMC5669594, PMC6688631, PMC6883548, PMC7568172, PMC7830595, PMC8110749, PMC9045305","PMC10607261, PMC10785713, PMC11990213, PMC2698136, PMC2886833, PMC2908538, PMC5133373, PMC5850208, PMC5865807, PMC5948771, PMC6100297, PMC6322236, PMC6401634, PMC6844068, PMC6857089, PMC7138104, PMC7851346, PMC9204975",60.19,60.63,55.0,55.0,134,339,13,18,583.0,661.0,602.0,680.0,forward,reverse_complement,4,2,4,"PMC10957222,PMC11619207,PMC3790761,PMC4450074,PMC4917654,PMC5477572,PMC5669594,PMC6688631,PMC6883548,PMC7568172,PMC7830595,PMC8110749,PMC9045305",,"PMC10607261,PMC2908538,PMC5850208,PMC6100297,PMC6857089,PMC7851346","PMC10785713,PMC11990213,PMC2698136,PMC2886833,PMC5133373,PMC5865807,PMC5948771,PMC6322236,PMC6401634,PMC6844068,PMC7138104,PMC9204975",0,13,6,0,12,,,,,,,,,,,,,,,,,,,,,,0.47290618960588365,0.9544444444444444,0.8533333333333317,69.34530948029416
AGGTCACACTGGACCAAAGG,CTGATGAAGAAGCTGGTGCTGT,IL12B,IL12B,"Il12p40 (3), IL-12 (2), IL-12p40 (2), IL- (1), IL-12b (1), IL12b (1), Mouse (1), Primer (1)","IL-12p40 (5), IL-12 (3), IL-12b (1), Ifnb (1), Il12b (1), NM_001303244 (1), mIL-12 (1)",3.5,0.33,13,13,"PMC10957222, PMC11619207, PMC3790761, PMC4450074, PMC4917654, PMC5477572, PMC5669594, PMC6688631, PMC6883548, PMC7568172, PMC7830595, PMC8110749, PMC9045305","PMC10003108, PMC11150769, PMC2213193, PMC3425550, PMC3525658, PMC5660477, PMC5675380, PMC6002122, PMC7229175, PMC8809074, PMC8907821, PMC9024221, PMC9909354",60.19,61.54,55.0,50.0,134,550,13,13,583.0,718.0,602.0,739.0,forward,reverse_complement,4,4,4,"PMC10957222,PMC11619207,PMC3790761,PMC4450074,PMC4917654,PMC5477572,PMC5669594,PMC6688631,PMC6883548,PMC7568172,PMC7830595,PMC8110749,PMC9045305",,,"PMC10003108,PMC11150769,PMC2213193,PMC3425550,PMC3525658,PMC5660477,PMC5675380,PMC6002122,PMC7229175,PMC8809074,PMC8907821,PMC9024221,PMC9909354",0,13,0,0,13,,,,,,,,,,,,,,,,,,,,,,0.3552158084921256,0.903888888888889,0.5499999999999996,55.877457091272944
AGGTCACACTGGACCAAAGG,TACTCCCAGCTGACCTCCAC,IL12B,IL12B,"Il12p40 (3), IL-12 (2), IL-12p40 (2), IL- (1), IL-12b (1), IL12b (1), Mouse (1), Primer (1)","Mouse (2), IL-12p40 (1), Interleukin (1), VEGFa (1)",3.5,0.004,13,11,"PMC10957222, PMC11619207, PMC3790761, PMC4450074, PMC4917654, PMC5477572, PMC5669594, PMC6688631, PMC6883548, PMC7568172, PMC7830595, PMC8110749, PMC9045305","PMC11087979, PMC3246787, PMC3390375, PMC3973661, PMC4157812, PMC4735956, PMC5118818, PMC6340868, PMC6423659, PMC8229285, PMC8321543",60.19,61.28,55.0,60.0,134,150,13,11,583.0,801.0,602.0,820.0,forward,reverse_complement,4,6,6,"PMC10957222,PMC11619207,PMC3790761,PMC4450074,PMC4917654,PMC5477572,PMC5669594,PMC6688631,PMC6883548,PMC7568172,PMC7830595,PMC8110749,PMC9045305",,"PMC3246787,PMC3390375,PMC3973661,PMC4157812,PMC4735956,PMC5118818,PMC6340868,PMC6423659,PMC8229285,PMC8321543",PMC11087979,0,13,10,0,1,,,,,,,,,,,,,,,,,,,,,,0.0,0.0,0.0,0.0
GTGGAGGTCAGCTGGGAGTA,AACTTGAGGGAGAAGTAGGAATGG,IL12B,IL12B,"Mouse (2), IL-12p40 (1), Interleukin (1), VEGFa (1)","IL-12 (18), Il12p40 (8), Il12b (5), IL-12-R (3), IL-12p40 (3), IL12p40 (3), GAPDH (2), IL-12a (2), IL-12b (2), COX-2 (1), CXCL10 (1), Chil3 (1), Direction (1), GGA (1), Gapdh (1), Gene (1), Genes (1), IL-10 (1), IL-10-F (1), IL-12-antisense (1), IL-12B (1), IL-12p40Rev (1), IL12-RV (1), IL12b (1), IL12bNM_008352 (1), Il-12 (1), Il-12_Tilapia_rv (1), MMP-2 (1), Mice (1), Murine (1), REAGENT (1), mIL-12-F (1), mIL-12-R (1), mIL12p40-qR (1), mIl12b (1), mIl6 (1), murine (1)",0.004,0.39,11,106,"PMC11087979, PMC3246787, PMC3390375, PMC3973661, PMC4157812, PMC4735956, PMC5118818, PMC6340868, PMC6423659, PMC8229285, PMC8321543","PMC10072111, PMC10122309, PMC10597467, PMC10798563, PMC10861823, PMC10952994, PMC11055558, PMC11186637, PMC11239810, PMC11487550, PMC11763583, PMC11982544, PMC12048997, PMC2212025, PMC2691956, PMC2848020, PMC3116916, PMC3174963, PMC3701681, PMC3782044, PMC3930092, PMC4009731, PMC4155410, PMC4275388, PMC4312504, PMC4316187, PMC4450756, PMC4477963, PMC4495563, PMC4709561, PMC4976526, PMC5329177, PMC5352199, PMC5438602, PMC5494067, PMC5548869, PMC5605431, PMC5626405, PMC5742144, PMC5760107, PMC5799305, PMC5815252, PMC5836516, PMC5864864, PMC5866536, PMC5897363, PMC5929384, PMC5940246, PMC5976527, PMC6059467, PMC6200811, PMC6268574, PMC6454603, PMC6547911, PMC6621971, PMC6726780, PMC6892624, PMC6943172, PMC6960141, PMC7035466, PMC7063113, PMC7126853, PMC7226952, PMC7325470, PMC7497224, PMC7583932, PMC7662559, PMC7795342, PMC7823216, PMC7824804, PMC7827370, PMC7927270, PMC8070793, PMC8074041, PMC8143410, PMC8163552, PMC8176923, PMC8264587, PMC8279472, PMC8294323, PMC8386542, PMC8473681, PMC8636194, PMC8718515, PMC8923121, PMC9019633, PMC9025264, PMC9075632, PMC9324481, PMC9410837, PMC9513582, PMC9534818, PMC9544816, PMC9576521, PMC9674924, PMC9898909, PMC9922942",61.28,60.45,60.0,45.8,150,2404,11,97,801.0,842.0,820.0,865.0,forward,reverse_complement,6,4,3,PMC11087979,"PMC3246787,PMC3390375,PMC3973661,PMC4157812,PMC4735956,PMC5118818,PMC6340868,PMC6423659,PMC8229285,PMC8321543","PMC10072111,PMC10122309,PMC10597467,PMC10798563,PMC10861823,PMC10952994,PMC11055558,PMC11186637,PMC11239810,PMC11487550,PMC11763583,PMC11982544,PMC12048997,PMC2212025,PMC2691956,PMC2848020,PMC3116916,PMC3174963,PMC3701681,PMC3782044,PMC3930092,PMC4009731,PMC4155410,PMC4275388,PMC4312504,PMC4316187,PMC4450756,PMC4477963,PMC4495563,PMC4709561,PMC4976526,PMC5329177,PMC5352199,PMC5438602,PMC5494067,PMC5548869,PMC5605431,PMC5626405,PMC5742144,PMC5760107,PMC5799305,PMC5815252,PMC5836516,PMC5864864,PMC5866536,PMC5897363,PMC5929384,PMC5940246,PMC5976527,PMC6059467,PMC6200811,PMC6268574,PMC6454603,PMC6547911,PMC6621971,PMC6726780,PMC6892624,PMC6943172,PMC6960141,PMC7035466,PMC7063113,PMC7126853,PMC7226952,PMC7325470,PMC7497224,PMC7583932,PMC7662559,PMC7795342,PMC7823216,PMC7824804,PMC7827370,PMC7927270,PMC8070793,PMC8074041,PMC8143410,PMC8163552,PMC8176923,PMC8264587,PMC8279472,PMC8294323,PMC8386542,PMC8473681,PMC8636194,PMC8718515,PMC8923121,PMC9019633,PMC9025264,PMC9075632,PMC9324481,PMC9410837,PMC9513582,PMC9534818,PMC9544816,PMC9576521,PMC9674924,PMC9898909,PMC9922942",,0,1,97,10,0,,,,,,,,,,,,,,,,,,,,,,0.5702282997194636,0.862222222222222,0.7233333333333338,68.84474831930652
GTGGAGGTCAGCTGGGAGTA,CCACCTGTGAGTTCTTCAAAGGC,IL12B,IL12B,"Mouse (2), IL-12p40 (1), Interleukin (1), VEGFa (1)","Il12b (3), IL-12 (2), Il-12 (2), Ccl5 (1), Ifng (1), Il-12p40 (1), TNF (1), Tnfa (1)",0.004,0.33,11,13,"PMC11087979, PMC3246787, PMC3390375, PMC3973661, PMC4157812, PMC4735956, PMC5118818, PMC6340868, PMC6423659, PMC8229285, PMC8321543","PMC10375149, PMC10834803, PMC10933546, PMC11668009, PMC5980348, PMC6091234, PMC8253254, PMC9116420, PMC9673965, PMC9718183, PMC9902321",61.28,62.52,60.0,52.2,150,104,11,11,801.0,782.0,820.0,804.0,forward,reverse_complement,6,3,4,PMC11087979,"PMC3246787,PMC3390375,PMC3973661,PMC4157812,PMC4735956,PMC5118818,PMC6340868,PMC6423659,PMC8229285,PMC8321543","PMC10375149,PMC10834803,PMC10933546,PMC11668009,PMC5980348,PMC6091234,PMC8253254,PMC9116420,PMC9673965,PMC9718183,PMC9902321",,0,1,11,10,0,,,,,,,,,,,,,,,,,,,,,,0.3720148241995622,0.747222222222222,0.586666666666666,52.75074120997809
TGGTTTGCCATCGTTTTGCTG,ACAGGTGAGGTTCACTGTTTCT,IL12B,IL12B,"IL-12 (23), Il12b (17), IL-12p40 (13), IL-12b (6), Il12 (4), IL12b (3), IL12p40 (3), Il-12b (3), Il-12p40 (3), For (2), IL- (2), IL-12-F (2), Il-12 (2), Il12p40 (2), Mouse (2), mouse (2), CCL2 (1), IL-12-forward (1), IL-12B (1), IL-12P40 (1), IL-12p40-FW5 (1), IL-12p40-forward (1), IL12 (1), Mus (1), Mus-IL-12 (1), Mus-Il12b-Forward (1), REAGENT (1), TLR7 (1), TTGC (1), il-12p40 (1), m-IL-12p40 (1), mIL-12FP (1), mIL12-F (1)","IL-12 (14), Il12b (11), IL-12p40 (8), IL-12b (5), GAPDH (2), IL-12-R (2), IL12b (2), IL12p40 (2), Il-12 (2), Il-12b (2), Il-12p40 (2), Il12p40 (2), Mouse (2), mouse (2), Backward (1), CCL2 (1), For (1), GTT (1), Gene (1), IL-10 (1), IL-12-reverse (1), IL-12P40 (1), IL-12p40-RV5 (1), IL-12p40-reverse (1), IL-21 (1), IL12b-R (1), Il-23p19 (1), Il12 (1), Mus- (1), Mus-Il12b (1), Mus-Il12b-Reverse (1), NCBI (1), NOS2 (1), NeuN (1), Nos2 (1), Target (1), The (1), il-12p40 (1), il12 (1), mIL12-R (1), mIl12b (1)",4.3,0.33,114,113,"PMC10017047, PMC10082558, PMC10177235, PMC10382598, PMC10393522, PMC10422166, PMC10454239, PMC10490874, PMC10490900, PMC10687243, PMC10844594, PMC10861279, PMC10906457, PMC10909856, PMC10951605, PMC10961387, PMC10966699, PMC11067213, PMC11094856, PMC11126084, PMC11270849, PMC11303249, PMC11347310, PMC11364230, PMC11412541, PMC11457333, PMC11470414, PMC11791957, PMC11793788, PMC11969258, PMC11970491, PMC12065788, PMC3351988, PMC3375314, PMC3767076, PMC3866771, PMC3986223, PMC4161449, PMC4363315, PMC4406861, PMC4456625, PMC4539171, PMC4589158, PMC4626445, PMC4718649, PMC4791217, PMC4857131, PMC4859377, PMC4860887, PMC5091767, PMC5292961, PMC5294860, PMC5386530, PMC5402278, PMC5549314, PMC5897363, PMC5999281, PMC6026162, PMC6145326, PMC6155046, PMC6168446, PMC6177233, PMC6197220, PMC6206903, PMC6260383, PMC6283616, PMC6332923, PMC6348226, PMC6349161, PMC6399266, PMC6592576, PMC6661420, PMC6691271, PMC6857135, PMC6872735, PMC6876861, PMC6915019, PMC6916442, PMC7139036, PMC7191722, PMC7272407, PMC7274479, PMC7371600, PMC7456952, PMC7485287, PMC7581991, PMC7609061, PMC7768082, PMC7775062, PMC7805403, PMC7816993, PMC7875922, PMC8002331, PMC8167169, PMC8186376, PMC8269668, PMC8539038, PMC8634942, PMC8704268, PMC8741417, PMC8761795, PMC8843093, PMC8863494, PMC8924814, PMC8960978, PMC8965057, PMC8996176, PMC9503190, PMC9523253, PMC9531825, PMC9770959","PMC10017047, PMC10082558, PMC10108488, PMC10177235, PMC10382598, PMC10393522, PMC10422166, PMC10454239, PMC10490874, PMC10490900, PMC10641087, PMC10687243, PMC10808261, PMC10844594, PMC10861279, PMC10906457, PMC10909856, PMC10951605, PMC10961387, PMC11067213, PMC11094856, PMC11126084, PMC11303249, PMC11347310, PMC11364230, PMC11412541, PMC11441115, PMC11457333, PMC11470414, PMC11791957, PMC11793788, PMC11969258, PMC11970491, PMC12065788, PMC3375314, PMC3767076, PMC3866771, PMC4161449, PMC4363315, PMC4406861, PMC4456625, PMC4539171, PMC4589158, PMC4626445, PMC4718649, PMC4791217, PMC4857131, PMC4859377, PMC4860887, PMC5091767, PMC5294860, PMC5386530, PMC5402278, PMC5549314, PMC5897363, PMC5999281, PMC6026162, PMC6145326, PMC6168446, PMC6177233, PMC6197220, PMC6206903, PMC6260383, PMC6283616, PMC6332923, PMC6348226, PMC6349161, PMC6399266, PMC6592576, PMC6661420, PMC6691271, PMC6744470, PMC6857135, PMC6872735, PMC6876861, PMC6915019, PMC6916442, PMC7139036, PMC7168001, PMC7191722, PMC7272407, PMC7274479, PMC7371600, PMC7391604, PMC7456952, PMC7485287, PMC7609061, PMC7708333, PMC7768082, PMC7775062, PMC7805403, PMC7816993, PMC7875922, PMC8167169, PMC8186376, PMC8256158, PMC8269668, PMC8539038, PMC8634942, PMC8704268, PMC8761795, PMC8843093, PMC8863494, PMC8960978, PMC8965057, PMC8996176, PMC9503190, PMC9523253, PMC9531825, PMC9770959",61.19,60.17,47.6,45.5,2053,2025,111,110,84.0,185.0,104.0,206.0,forward,reverse_complement,3,4,3,"PMC10017047,PMC10082558,PMC10177235,PMC10382598,PMC10393522,PMC10422166,PMC10454239,PMC10490874,PMC10490900,PMC10687243,PMC10844594,PMC10861279,PMC10906457,PMC10909856,PMC10951605,PMC10961387,PMC10966699,PMC11067213,PMC11094856,PMC11126084,PMC11270849,PMC11303249,PMC11347310,PMC11364230,PMC11412541,PMC11457333,PMC11470414,PMC11791957,PMC11793788,PMC11969258,PMC11970491,PMC12065788,PMC3351988,PMC3375314,PMC3767076,PMC3866771,PMC3986223,PMC4161449,PMC4363315,PMC4406861,PMC4456625,PMC4539171,PMC4589158,PMC4626445,PMC4718649,PMC4791217,PMC4857131,PMC4859377,PMC4860887,PMC5091767,PMC5292961,PMC5294860,PMC5386530,PMC5402278,PMC5549314,PMC5897363,PMC5999281,PMC6026162,PMC6145326,PMC6155046,PMC6168446,PMC6177233,PMC6197220,PMC6206903,PMC6260383,PMC6283616,PMC6332923,PMC6348226,PMC6349161,PMC6399266,PMC6592576,PMC6661420,PMC6691271,PMC6857135,PMC6872735,PMC6876861,PMC6915019,PMC6916442,PMC7139036,PMC7191722,PMC7272407,PMC7274479,PMC7371600,PMC7456952,PMC7485287,PMC7581991,PMC7609061,PMC7768082,PMC7775062,PMC7805403,PMC7816993,PMC7875922,PMC8002331,PMC8167169,PMC8186376,PMC8269668,PMC8539038,PMC8634942,PMC8704268,PMC8741417,PMC8761795,PMC8843093,PMC8863494,PMC8924814,PMC8960978,PMC8965057,PMC8996176,PMC9503190,PMC9523253,PMC9531825,PMC9770959",,"PMC10017047,PMC10082558,PMC10108488,PMC10177235,PMC10382598,PMC10393522,PMC10422166,PMC10454239,PMC10490874,PMC10490900,PMC10641087,PMC10687243,PMC10808261,PMC10844594,PMC10861279,PMC10906457,PMC10909856,PMC10951605,PMC10961387,PMC11067213,PMC11094856,PMC11126084,PMC11303249,PMC11347310,PMC11364230,PMC11412541,PMC11441115,PMC11457333,PMC11470414,PMC11791957,PMC11793788,PMC11969258,PMC11970491,PMC12065788,PMC3375314,PMC3767076,PMC3866771,PMC4161449,PMC4363315,PMC4406861,PMC4456625,PMC4539171,PMC4589158,PMC4626445,PMC4718649,PMC4791217,PMC4857131,PMC4859377,PMC4860887,PMC5091767,PMC5294860,PMC5386530,PMC5402278,PMC5549314,PMC5897363,PMC5999281,PMC6026162,PMC6145326,PMC6168446,PMC6177233,PMC6197220,PMC6206903,PMC6260383,PMC6283616,PMC6332923,PMC6348226,PMC6349161,PMC6399266,PMC6592576,PMC6661420,PMC6691271,PMC6744470,PMC6857135,PMC6872735,PMC6876861,PMC6915019,PMC6916442,PMC7139036,PMC7168001,PMC7191722,PMC7272407,PMC7274479,PMC7371600,PMC7391604,PMC7456952,PMC7485287,PMC7609061,PMC7708333,PMC7768082,PMC7775062,PMC7805403,PMC7816993,PMC7875922,PMC8167169,PMC8186376,PMC8256158,PMC8269668,PMC8539038,PMC8634942,PMC8704268,PMC8761795,PMC8843093,PMC8863494,PMC8960978,PMC8965057,PMC8996176,PMC9503190,PMC9523253,PMC9531825,PMC9770959",,101,111,110,0,0,"PMC10017047,PMC10082558,PMC10177235,PMC10382598,PMC10393522,PMC10422166,PMC10454239,PMC10490874,PMC10490900,PMC10687243,PMC10844594,PMC10861279,PMC10906457,PMC10909856,PMC10951605,PMC10961387,PMC11067213,PMC11094856,PMC11126084,PMC11303249,PMC11347310,PMC11364230,PMC11412541,PMC11457333,PMC11470414,PMC11791957,PMC11793788,PMC11969258,PMC11970491,PMC12065788,PMC3375314,PMC3767076,PMC3866771,PMC4161449,PMC4363315,PMC4406861,PMC4456625,PMC4539171,PMC4589158,PMC4626445,PMC4718649,PMC4791217,PMC4857131,PMC4859377,PMC4860887,PMC5091767,PMC5294860,PMC5386530,PMC5402278,PMC5549314,PMC5897363,PMC5999281,PMC6026162,PMC6145326,PMC6168446,PMC6177233,PMC6197220,PMC6206903,PMC6260383,PMC6283616,PMC6332923,PMC6348226,PMC6349161,PMC6399266,PMC6592576,PMC6661420,PMC6691271,PMC6857135,PMC6872735,PMC6876861,PMC6915019,PMC6916442,PMC7139036,PMC7191722,PMC7272407,PMC7274479,PMC7371600,PMC7456952,PMC7485287,PMC7609061,PMC7768082,PMC7775062,PMC7805403,PMC7816993,PMC7875922,PMC8167169,PMC8186376,PMC8269668,PMC8539038,PMC8634942,PMC8704268,PMC8761795,PMC8843093,PMC8863494,PMC8960978,PMC8965057,PMC8996176,PMC9503190,PMC9523253,PMC9531825,PMC9770959",,,,,,,,,,,,,,,,,,,,,1.0,0.9244444444444445,0.6600000000000013,90.93333333333335
TGGTTTGCCATCGTTTTGCTG,CCAGAGCCTATGACTCCATGTC,IL12B,IL12B,"IL-12 (23), Il12b (17), IL-12p40 (13), IL-12b (6), Il12 (4), IL12b (3), IL12p40 (3), Il-12b (3), Il-12p40 (3), For (2), IL- (2), IL-12-F (2), Il-12 (2), Il12p40 (2), Mouse (2), mouse (2), CCL2 (1), IL-12-forward (1), IL-12B (1), IL-12P40 (1), IL-12p40-FW5 (1), IL-12p40-forward (1), IL12 (1), Mus (1), Mus-IL-12 (1), Mus-Il12b-Forward (1), REAGENT (1), TLR7 (1), TTGC (1), il-12p40 (1), m-IL-12p40 (1), mIL-12FP (1), mIL12-F (1)","IL-12 (4), Il12b (2), Gene (1), IL (1), IL-12-R (1), IL5 (1), Mouse (1), Tnfa (1), mIL-12P40-R (1)",4.3,20.0,114,18,"PMC10017047, PMC10082558, PMC10177235, PMC10382598, PMC10393522, PMC10422166, PMC10454239, PMC10490874, PMC10490900, PMC10687243, PMC10844594, PMC10861279, PMC10906457, PMC10909856, PMC10951605, PMC10961387, PMC10966699, PMC11067213, PMC11094856, PMC11126084, PMC11270849, PMC11303249, PMC11347310, PMC11364230, PMC11412541, PMC11457333, PMC11470414, PMC11791957, PMC11793788, PMC11969258, PMC11970491, PMC12065788, PMC3351988, PMC3375314, PMC3767076, PMC3866771, PMC3986223, PMC4161449, PMC4363315, PMC4406861, PMC4456625, PMC4539171, PMC4589158, PMC4626445, PMC4718649, PMC4791217, PMC4857131, PMC4859377, PMC4860887, PMC5091767, PMC5292961, PMC5294860, PMC5386530, PMC5402278, PMC5549314, PMC5897363, PMC5999281, PMC6026162, PMC6145326, PMC6155046, PMC6168446, PMC6177233, PMC6197220, PMC6206903, PMC6260383, PMC6283616, PMC6332923, PMC6348226, PMC6349161, PMC6399266, PMC6592576, PMC6661420, PMC6691271, PMC6857135, PMC6872735, PMC6876861, PMC6915019, PMC6916442, PMC7139036, PMC7191722, PMC7272407, PMC7274479, PMC7371600, PMC7456952, PMC7485287, PMC7581991, PMC7609061, PMC7768082, PMC7775062, PMC7805403, PMC7816993, PMC7875922, PMC8002331, PMC8167169, PMC8186376, PMC8269668, PMC8539038, PMC8634942, PMC8704268, PMC8741417, PMC8761795, PMC8843093, PMC8863494, PMC8924814, PMC8960978, PMC8965057, PMC8996176, PMC9503190, PMC9523253, PMC9531825, PMC9770959","PMC10093932, PMC10177019, PMC10601573, PMC10829522, PMC11088320, PMC11310327, PMC11709090, PMC11975560, PMC12070563, PMC12094700, PMC5071574, PMC6985656, PMC7048828, PMC7142330, PMC8205102, PMC8435458, PMC9243149, PMC9288296",61.19,60.63,47.6,54.5,2053,199,111,18,84.0,250.0,104.0,271.0,forward,reverse_complement,3,4,3,"PMC10017047,PMC10082558,PMC10177235,PMC10382598,PMC10393522,PMC10422166,PMC10454239,PMC10490874,PMC10490900,PMC10687243,PMC10844594,PMC10861279,PMC10906457,PMC10909856,PMC10951605,PMC10961387,PMC10966699,PMC11067213,PMC11094856,PMC11126084,PMC11270849,PMC11303249,PMC11347310,PMC11364230,PMC11412541,PMC11457333,PMC11470414,PMC11791957,PMC11793788,PMC11969258,PMC11970491,PMC12065788,PMC3351988,PMC3375314,PMC3767076,PMC3866771,PMC3986223,PMC4161449,PMC4363315,PMC4406861,PMC4456625,PMC4539171,PMC4589158,PMC4626445,PMC4718649,PMC4791217,PMC4857131,PMC4859377,PMC4860887,PMC5091767,PMC5292961,PMC5294860,PMC5386530,PMC5402278,PMC5549314,PMC5897363,PMC5999281,PMC6026162,PMC6145326,PMC6155046,PMC6168446,PMC6177233,PMC6197220,PMC6206903,PMC6260383,PMC6283616,PMC6332923,PMC6348226,PMC6349161,PMC6399266,PMC6592576,PMC6661420,PMC6691271,PMC6857135,PMC6872735,PMC6876861,PMC6915019,PMC6916442,PMC7139036,PMC7191722,PMC7272407,PMC7274479,PMC7371600,PMC7456952,PMC7485287,PMC7581991,PMC7609061,PMC7768082,PMC7775062,PMC7805403,PMC7816993,PMC7875922,PMC8002331,PMC8167169,PMC8186376,PMC8269668,PMC8539038,PMC8634942,PMC8704268,PMC8741417,PMC8761795,PMC8843093,PMC8863494,PMC8924814,PMC8960978,PMC8965057,PMC8996176,PMC9503190,PMC9523253,PMC9531825,PMC9770959",,"PMC10093932,PMC10177019,PMC10601573,PMC10829522,PMC11088320,PMC11310327,PMC11709090,PMC11975560,PMC12070563,PMC12094700,PMC5071574,PMC6985656,PMC7048828,PMC7142330,PMC8205102,PMC8435458,PMC9243149,PMC9288296",,0,111,18,0,0,,,,,,,,,,,,,,,,,,,,,,0.7176636133222627,0.8988888888888888,0.8133333333333349,79.1165139994465
AGAAACAGTGAACCTCACCTGT,CCAGAGCCTATGACTCCATGTC,IL12B,IL12B,"IL-12 (14), Il12b (11), IL-12p40 (8), IL-12b (5), GAPDH (2), IL-12-R (2), IL12b (2), IL12p40 (2), Il-12 (2), Il-12b (2), Il-12p40 (2), Il12p40 (2), Mouse (2), mouse (2), Backward (1), CCL2 (1), For (1), GTT (1), Gene (1), IL-10 (1), IL-12-reverse (1), IL-12P40 (1), IL-12p40-RV5 (1), IL-12p40-reverse (1), IL-21 (1), IL12b-R (1), Il-23p19 (1), Il12 (1), Mus- (1), Mus-Il12b (1), Mus-Il12b-Reverse (1), NCBI (1), NOS2 (1), NeuN (1), Nos2 (1), Target (1), The (1), il-12p40 (1), il12 (1), mIL12-R (1), mIl12b (1)","IL-12 (4), Il12b (2), Gene (1), IL (1), IL-12-R (1), IL5 (1), Mouse (1), Tnfa (1), mIL-12P40-R (1)",0.33,20.0,113,18,"PMC10017047, PMC10082558, PMC10108488, PMC10177235, PMC10382598, PMC10393522, PMC10422166, PMC10454239, PMC10490874, PMC10490900, PMC10641087, PMC10687243, PMC10808261, PMC10844594, PMC10861279, PMC10906457, PMC10909856, PMC10951605, PMC10961387, PMC11067213, PMC11094856, PMC11126084, PMC11303249, PMC11347310, PMC11364230, PMC11412541, PMC11441115, PMC11457333, PMC11470414, PMC11791957, PMC11793788, PMC11969258, PMC11970491, PMC12065788, PMC3375314, PMC3767076, PMC3866771, PMC4161449, PMC4363315, PMC4406861, PMC4456625, PMC4539171, PMC4589158, PMC4626445, PMC4718649, PMC4791217, PMC4857131, PMC4859377, PMC4860887, PMC5091767, PMC5294860, PMC5386530, PMC5402278, PMC5549314, PMC5897363, PMC5999281, PMC6026162, PMC6145326, PMC6168446, PMC6177233, PMC6197220, PMC6206903, PMC6260383, PMC6283616, PMC6332923, PMC6348226, PMC6349161, PMC6399266, PMC6592576, PMC6661420, PMC6691271, PMC6744470, PMC6857135, PMC6872735, PMC6876861, PMC6915019, PMC6916442, PMC7139036, PMC7168001, PMC7191722, PMC7272407, PMC7274479, PMC7371600, PMC7391604, PMC7456952, PMC7485287, PMC7609061, PMC7708333, PMC7768082, PMC7775062, PMC7805403, PMC7816993, PMC7875922, PMC8167169, PMC8186376, PMC8256158, PMC8269668, PMC8539038, PMC8634942, PMC8704268, PMC8761795, PMC8843093, PMC8863494, PMC8960978, PMC8965057, PMC8996176, PMC9503190, PMC9523253, PMC9531825, PMC9770959","PMC10093932, PMC10177019, PMC10601573, PMC10829522, PMC11088320, PMC11310327, PMC11709090, PMC11975560, PMC12070563, PMC12094700, PMC5071574, PMC6985656, PMC7048828, PMC7142330, PMC8205102, PMC8435458, PMC9243149, PMC9288296",60.17,60.63,45.5,54.5,2025,199,110,18,185.0,250.0,206.0,271.0,forward,reverse_complement,4,4,3,,"PMC10017047,PMC10082558,PMC10108488,PMC10177235,PMC10382598,PMC10393522,PMC10422166,PMC10454239,PMC10490874,PMC10490900,PMC10641087,PMC10687243,PMC10808261,PMC10844594,PMC10861279,PMC10906457,PMC10909856,PMC10951605,PMC10961387,PMC11067213,PMC11094856,PMC11126084,PMC11303249,PMC11347310,PMC11364230,PMC11412541,PMC11441115,PMC11457333,PMC11470414,PMC11791957,PMC11793788,PMC11969258,PMC11970491,PMC12065788,PMC3375314,PMC3767076,PMC3866771,PMC4161449,PMC4363315,PMC4406861,PMC4456625,PMC4539171,PMC4589158,PMC4626445,PMC4718649,PMC4791217,PMC4857131,PMC4859377,PMC4860887,PMC5091767,PMC5294860,PMC5386530,PMC5402278,PMC5549314,PMC5897363,PMC5999281,PMC6026162,PMC6145326,PMC6168446,PMC6177233,PMC6197220,PMC6206903,PMC6260383,PMC6283616,PMC6332923,PMC6348226,PMC6349161,PMC6399266,PMC6592576,PMC6661420,PMC6691271,PMC6744470,PMC6857135,PMC6872735,PMC6876861,PMC6915019,PMC6916442,PMC7139036,PMC7168001,PMC7191722,PMC7272407,PMC7274479,PMC7371600,PMC7391604,PMC7456952,PMC7485287,PMC7609061,PMC7708333,PMC7768082,PMC7775062,PMC7805403,PMC7816993,PMC7875922,PMC8167169,PMC8186376,PMC8256158,PMC8269668,PMC8539038,PMC8634942,PMC8704268,PMC8761795,PMC8843093,PMC8863494,PMC8960978,PMC8965057,PMC8996176,PMC9503190,PMC9523253,PMC9531825,PMC9770959","PMC10093932,PMC10177019,PMC10601573,PMC10829522,PMC11088320,PMC11310327,PMC11709090,PMC11975560,PMC12070563,PMC12094700,PMC5071574,PMC6985656,PMC7048828,PMC7142330,PMC8205102,PMC8435458,PMC9243149,PMC9288296",,0,0,18,110,0,,,,,,,,,,,,,,,,,,,,,,0.46730293943377255,0.9555555555555553,0.8466666666666663,68.96514697168861
TTGCAGATGAAGCCTTTGAAGA,AACTTGAGGGAGAAGTAGGAATGG,IL12B,IL12B,"IL-12p40 (3), IL-12 (2), A-3 (1), For (1), HPRT (1), IL-12b (1), IL-15 (1), IL12p40 (1), Ifnb (1), Il12b (1), Murine (1), P40 (1), TTCATCAG-3 (1), The (1), mIL-12 (1)","IL-12 (18), Il12p40 (8), Il12b (5), IL-12-R (3), IL-12p40 (3), IL12p40 (3), GAPDH (2), IL-12a (2), IL-12b (2), COX-2 (1), CXCL10 (1), Chil3 (1), Direction (1), GGA (1), Gapdh (1), Gene (1), Genes (1), IL-10 (1), IL-10-F (1), IL-12-antisense (1), IL-12B (1), IL-12p40Rev (1), IL12-RV (1), IL12b (1), IL12bNM_008352 (1), Il-12 (1), Il-12_Tilapia_rv (1), MMP-2 (1), Mice (1), Murine (1), REAGENT (1), mIL-12-F (1), mIL-12-R (1), mIL12p40-qR (1), mIl12b (1), mIl6 (1), murine (1)",1.3,0.39,20,106,"PMC10003108, PMC10369930, PMC11150769, PMC2212952, PMC2213193, PMC3425550, PMC3525658, PMC4389243, PMC5342705, PMC5660477, PMC5675380, PMC6002122, PMC6119693, PMC7229175, PMC8463873, PMC8809074, PMC8907821, PMC9024221, PMC9909354","PMC10072111, PMC10122309, PMC10597467, PMC10798563, PMC10861823, PMC10952994, PMC11055558, PMC11186637, PMC11239810, PMC11487550, PMC11763583, PMC11982544, PMC12048997, PMC2212025, PMC2691956, PMC2848020, PMC3116916, PMC3174963, PMC3701681, PMC3782044, PMC3930092, PMC4009731, PMC4155410, PMC4275388, PMC4312504, PMC4316187, PMC4450756, PMC4477963, PMC4495563, PMC4709561, PMC4976526, PMC5329177, PMC5352199, PMC5438602, PMC5494067, PMC5548869, PMC5605431, PMC5626405, PMC5742144, PMC5760107, PMC5799305, PMC5815252, PMC5836516, PMC5864864, PMC5866536, PMC5897363, PMC5929384, PMC5940246, PMC5976527, PMC6059467, PMC6200811, PMC6268574, PMC6454603, PMC6547911, PMC6621971, PMC6726780, PMC6892624, PMC6943172, PMC6960141, PMC7035466, PMC7063113, PMC7126853, PMC7226952, PMC7325470, PMC7497224, PMC7583932, PMC7662559, PMC7795342, PMC7823216, PMC7824804, PMC7827370, PMC7927270, PMC8070793, PMC8074041, PMC8143410, PMC8163552, PMC8176923, PMC8264587, PMC8279472, PMC8294323, PMC8386542, PMC8473681, PMC8636194, PMC8718515, PMC8923121, PMC9019633, PMC9025264, PMC9075632, PMC9324481, PMC9410837, PMC9513582, PMC9534818, PMC9544816, PMC9576521, PMC9674924, PMC9898909, PMC9922942",59.18,60.45,40.9,45.8,1213,2404,19,97,771.0,842.0,792.0,865.0,forward,reverse_complement,4,4,3,,"PMC10003108,PMC10369930,PMC11150769,PMC2212952,PMC2213193,PMC3425550,PMC3525658,PMC4389243,PMC5342705,PMC5660477,PMC5675380,PMC6002122,PMC6119693,PMC7229175,PMC8463873,PMC8809074,PMC8907821,PMC9024221,PMC9909354","PMC10072111,PMC10122309,PMC10597467,PMC10798563,PMC10861823,PMC10952994,PMC11055558,PMC11186637,PMC11239810,PMC11487550,PMC11763583,PMC11982544,PMC12048997,PMC2212025,PMC2691956,PMC2848020,PMC3116916,PMC3174963,PMC3701681,PMC3782044,PMC3930092,PMC4009731,PMC4155410,PMC4275388,PMC4312504,PMC4316187,PMC4450756,PMC4477963,PMC4495563,PMC4709561,PMC4976526,PMC5329177,PMC5352199,PMC5438602,PMC5494067,PMC5548869,PMC5605431,PMC5626405,PMC5742144,PMC5760107,PMC5799305,PMC5815252,PMC5836516,PMC5864864,PMC5866536,PMC5897363,PMC5929384,PMC5940246,PMC5976527,PMC6059467,PMC6200811,PMC6268574,PMC6454603,PMC6547911,PMC6621971,PMC6726780,PMC6892624,PMC6943172,PMC6960141,PMC7035466,PMC7063113,PMC7126853,PMC7226952,PMC7325470,PMC7497224,PMC7583932,PMC7662559,PMC7795342,PMC7823216,PMC7824804,PMC7827370,PMC7927270,PMC8070793,PMC8074041,PMC8143410,PMC8163552,PMC8176923,PMC8264587,PMC8279472,PMC8294323,PMC8386542,PMC8473681,PMC8636194,PMC8718515,PMC8923121,PMC9019633,PMC9025264,PMC9075632,PMC9324481,PMC9410837,PMC9513582,PMC9534818,PMC9544816,PMC9576521,PMC9674924,PMC9898909,PMC9922942",,0,0,97,19,0,,,,,,,,,,,,,,,,,,,,,,0.5532234644567999,0.8877777777777776,0.5766666666666656,65.82783988950662
TTGCAGATGAAGCCTTTGAAGA,CAGGAGTCAGGGTACTCCCA,IL12B,IL12B,"IL-12p40 (3), IL-12 (2), A-3 (1), For (1), HPRT (1), IL-12b (1), IL-15 (1), IL12p40 (1), Ifnb (1), Il12b (1), Murine (1), P40 (1), TTCATCAG-3 (1), The (1), mIL-12 (1)","IL-12 (4), IL-12p40 (2), IL-12B (1), IL-12b (1), IL12b (1), Ifng (1), Il12 (1), Il12b (1), NM-022611.1 (1), REAGENT (1), mus (1)",1.3,0.87,20,17,"PMC10003108, PMC10369930, PMC11150769, PMC2212952, PMC2213193, PMC3425550, PMC3525658, PMC4389243, PMC5342705, PMC5660477, PMC5675380, PMC6002122, PMC6119693, PMC7229175, PMC8463873, PMC8809074, PMC8907821, PMC9024221, PMC9909354","PMC10458163, PMC10643921, PMC11128112, PMC11363845, PMC11413701, PMC11955453, PMC11990213, PMC4014502, PMC5062839, PMC5859022, PMC5948771, PMC6205598, PMC7156681, PMC7187533, PMC7547440, PMC9212208, PMC9727083",59.18,60.63,40.9,60.0,1213,303,19,17,771.0,813.0,792.0,832.0,forward,reverse_complement,4,5,3,,"PMC10003108,PMC10369930,PMC11150769,PMC2212952,PMC2213193,PMC3425550,PMC3525658,PMC4389243,PMC5342705,PMC5660477,PMC5675380,PMC6002122,PMC6119693,PMC7229175,PMC8463873,PMC8809074,PMC8907821,PMC9024221,PMC9909354","PMC11128112,PMC11990213,PMC5948771,PMC7547440,PMC9727083","PMC10458163,PMC10643921,PMC11363845,PMC11413701,PMC11955453,PMC4014502,PMC5062839,PMC5859022,PMC6205598,PMC7156681,PMC7187533,PMC9212208",0,0,5,19,12,,,,,,,,,,,,,,,,,,,,,,0.3337680943389394,0.8361111111111109,0.5166666666666657,52.10507138361361
TTGCAGATGAAGCCTTTGAAGA,TACTCCCAGCTGACCTCCAC,IL12B,IL12B,"IL-12p40 (3), IL-12 (2), A-3 (1), For (1), HPRT (1), IL-12b (1), IL-15 (1), IL12p40 (1), Ifnb (1), Il12b (1), Murine (1), P40 (1), TTCATCAG-3 (1), The (1), mIL-12 (1)","Mouse (2), IL-12p40 (1), Interleukin (1), VEGFa (1)",1.3,0.004,20,11,"PMC10003108, PMC10369930, PMC11150769, PMC2212952, PMC2213193, PMC3425550, PMC3525658, PMC4389243, PMC5342705, PMC5660477, PMC5675380, PMC6002122, PMC6119693, PMC7229175, PMC8463873, PMC8809074, PMC8907821, PMC9024221, PMC9909354","PMC11087979, PMC3246787, PMC3390375, PMC3973661, PMC4157812, PMC4735956, PMC5118818, PMC6340868, PMC6423659, PMC8229285, PMC8321543",59.18,61.28,40.9,60.0,1213,150,19,11,771.0,801.0,792.0,820.0,forward,reverse_complement,4,6,3,,"PMC10003108,PMC10369930,PMC11150769,PMC2212952,PMC2213193,PMC3425550,PMC3525658,PMC4389243,PMC5342705,PMC5660477,PMC5675380,PMC6002122,PMC6119693,PMC7229175,PMC8463873,PMC8809074,PMC8907821,PMC9024221,PMC9909354","PMC3246787,PMC3390375,PMC3973661,PMC4157812,PMC4735956,PMC5118818,PMC6340868,PMC6423659,PMC8229285,PMC8321543",PMC11087979,0,0,10,19,1,,,,,,,,,,,,,,,,,,,,,,0.35029660297698095,0.7999999999999999,0.2999999999999995,47.514830148849036
GTCCTCAGAAGCTAACCATCTCC,CAGCAAAACGATGGCAAACCA,IL12B,IL12B,"IL-12 (6), Il12b (3), IL (2), IL-12-F (1), IL-12p40 (1), Il12 (1), Il12p40 (1), Mouse (1), mIL-12P40-F (1)","IL-12 (23), Il12b (17), IL-12p40 (13), IL-12b (6), Il12 (4), IL12b (3), IL12p40 (3), Il-12b (3), Il-12p40 (3), For (2), IL- (2), IL-12-F (2), Il-12 (2), Il12p40 (2), Mouse (2), mouse (2), CCL2 (1), IL-12-forward (1), IL-12B (1), IL-12P40 (1), IL-12p40-FW5 (1), IL-12p40-forward (1), IL12 (1), Mus (1), Mus-IL-12 (1), Mus-Il12b-Forward (1), REAGENT (1), TLR7 (1), TTGC (1), il-12p40 (1), m-IL-12p40 (1), mIL-12FP (1), mIL12-F (1)",1.3,4.3,19,114,"PMC10093932, PMC10177019, PMC10601573, PMC10829522, PMC11088320, PMC11310327, PMC11709090, PMC11975560, PMC12024022, PMC12070563, PMC12094700, PMC5071574, PMC6985656, PMC7142330, PMC8205102, PMC8374072, PMC8435458, PMC9243149, PMC9288296","PMC10017047, PMC10082558, PMC10177235, PMC10382598, PMC10393522, PMC10422166, PMC10454239, PMC10490874, PMC10490900, PMC10687243, PMC10844594, PMC10861279, PMC10906457, PMC10909856, PMC10951605, PMC10961387, PMC10966699, PMC11067213, PMC11094856, PMC11126084, PMC11270849, PMC11303249, PMC11347310, PMC11364230, PMC11412541, PMC11457333, PMC11470414, PMC11791957, PMC11793788, PMC11969258, PMC11970491, PMC12065788, PMC3351988, PMC3375314, PMC3767076, PMC3866771, PMC3986223, PMC4161449, PMC4363315, PMC4406861, PMC4456625, PMC4539171, PMC4589158, PMC4626445, PMC4718649, PMC4791217, PMC4857131, PMC4859377, PMC4860887, PMC5091767, PMC5292961, PMC5294860, PMC5386530, PMC5402278, PMC5549314, PMC5897363, PMC5999281, PMC6026162, PMC6145326, PMC6155046, PMC6168446, PMC6177233, PMC6197220, PMC6206903, PMC6260383, PMC6283616, PMC6332923, PMC6348226, PMC6349161, PMC6399266, PMC6592576, PMC6661420, PMC6691271, PMC6857135, PMC6872735, PMC6876861, PMC6915019, PMC6916442, PMC7139036, PMC7191722, PMC7272407, PMC7274479, PMC7371600, PMC7456952, PMC7485287, PMC7581991, PMC7609061, PMC7768082, PMC7775062, PMC7805403, PMC7816993, PMC7875922, PMC8002331, PMC8167169, PMC8186376, PMC8269668, PMC8539038, PMC8634942, PMC8704268, PMC8741417, PMC8761795, PMC8843093, PMC8863494, PMC8924814, PMC8960978, PMC8965057, PMC8996176, PMC9503190, PMC9523253, PMC9531825, PMC9770959",60.85,61.19,52.2,47.6,204,2053,19,111,61.0,84.0,83.0,104.0,forward,reverse_complement,4,3,5,"PMC10093932,PMC10177019,PMC10601573,PMC10829522,PMC11088320,PMC11310327,PMC11709090,PMC11975560,PMC12024022,PMC12070563,PMC12094700,PMC5071574,PMC6985656,PMC7142330,PMC8205102,PMC8374072,PMC8435458,PMC9243149,PMC9288296",,,"PMC10017047,PMC10082558,PMC10177235,PMC10382598,PMC10393522,PMC10422166,PMC10454239,PMC10490874,PMC10490900,PMC10687243,PMC10844594,PMC10861279,PMC10906457,PMC10909856,PMC10951605,PMC10961387,PMC10966699,PMC11067213,PMC11094856,PMC11126084,PMC11270849,PMC11303249,PMC11347310,PMC11364230,PMC11412541,PMC11457333,PMC11470414,PMC11791957,PMC11793788,PMC11969258,PMC11970491,PMC12065788,PMC3351988,PMC3375314,PMC3767076,PMC3866771,PMC3986223,PMC4161449,PMC4363315,PMC4406861,PMC4456625,PMC4539171,PMC4589158,PMC4626445,PMC4718649,PMC4791217,PMC4857131,PMC4859377,PMC4860887,PMC5091767,PMC5292961,PMC5294860,PMC5386530,PMC5402278,PMC5549314,PMC5897363,PMC5999281,PMC6026162,PMC6145326,PMC6155046,PMC6168446,PMC6177233,PMC6197220,PMC6206903,PMC6260383,PMC6283616,PMC6332923,PMC6348226,PMC6349161,PMC6399266,PMC6592576,PMC6661420,PMC6691271,PMC6857135,PMC6872735,PMC6876861,PMC6915019,PMC6916442,PMC7139036,PMC7191722,PMC7272407,PMC7274479,PMC7371600,PMC7456952,PMC7485287,PMC7581991,PMC7609061,PMC7768082,PMC7775062,PMC7805403,PMC7816993,PMC7875922,PMC8002331,PMC8167169,PMC8186376,PMC8269668,PMC8539038,PMC8634942,PMC8704268,PMC8741417,PMC8761795,PMC8843093,PMC8863494,PMC8924814,PMC8960978,PMC8965057,PMC8996176,PMC9503190,PMC9523253,PMC9531825,PMC9770959",0,19,0,0,111,,,,,,,,,,,,,,,,,,,,,,0.47250491220827245,0.8866666666666667,0.8866666666666679,67.95857894374699
GTCCTCAGAAGCTAACCATCTCC,ACAGGTGAGGTTCACTGTTTCT,IL12B,IL12B,"IL-12 (6), Il12b (3), IL (2), IL-12-F (1), IL-12p40 (1), Il12 (1), Il12p40 (1), Mouse (1), mIL-12P40-F (1)","IL-12 (14), Il12b (11), IL-12p40 (8), IL-12b (5), GAPDH (2), IL-12-R (2), IL12b (2), IL12p40 (2), Il-12 (2), Il-12b (2), Il-12p40 (2), Il12p40 (2), Mouse (2), mouse (2), Backward (1), CCL2 (1), For (1), GTT (1), Gene (1), IL-10 (1), IL-12-reverse (1), IL-12P40 (1), IL-12p40-RV5 (1), IL-12p40-reverse (1), IL-21 (1), IL12b-R (1), Il-23p19 (1), Il12 (1), Mus- (1), Mus-Il12b (1), Mus-Il12b-Reverse (1), NCBI (1), NOS2 (1), NeuN (1), Nos2 (1), Target (1), The (1), il-12p40 (1), il12 (1), mIL12-R (1), mIl12b (1)",1.3,0.33,19,113,"PMC10093932, PMC10177019, PMC10601573, PMC10829522, PMC11088320, PMC11310327, PMC11709090, PMC11975560, PMC12024022, PMC12070563, PMC12094700, PMC5071574, PMC6985656, PMC7142330, PMC8205102, PMC8374072, PMC8435458, PMC9243149, PMC9288296","PMC10017047, PMC10082558, PMC10108488, PMC10177235, PMC10382598, PMC10393522, PMC10422166, PMC10454239, PMC10490874, PMC10490900, PMC10641087, PMC10687243, PMC10808261, PMC10844594, PMC10861279, PMC10906457, PMC10909856, PMC10951605, PMC10961387, PMC11067213, PMC11094856, PMC11126084, PMC11303249, PMC11347310, PMC11364230, PMC11412541, PMC11441115, PMC11457333, PMC11470414, PMC11791957, PMC11793788, PMC11969258, PMC11970491, PMC12065788, PMC3375314, PMC3767076, PMC3866771, PMC4161449, PMC4363315, PMC4406861, PMC4456625, PMC4539171, PMC4589158, PMC4626445, PMC4718649, PMC4791217, PMC4857131, PMC4859377, PMC4860887, PMC5091767, PMC5294860, PMC5386530, PMC5402278, PMC5549314, PMC5897363, PMC5999281, PMC6026162, PMC6145326, PMC6168446, PMC6177233, PMC6197220, PMC6206903, PMC6260383, PMC6283616, PMC6332923, PMC6348226, PMC6349161, PMC6399266, PMC6592576, PMC6661420, PMC6691271, PMC6744470, PMC6857135, PMC6872735, PMC6876861, PMC6915019, PMC6916442, PMC7139036, PMC7168001, PMC7191722, PMC7272407, PMC7274479, PMC7371600, PMC7391604, PMC7456952, PMC7485287, PMC7609061, PMC7708333, PMC7768082, PMC7775062, PMC7805403, PMC7816993, PMC7875922, PMC8167169, PMC8186376, PMC8256158, PMC8269668, PMC8539038, PMC8634942, PMC8704268, PMC8761795, PMC8843093, PMC8863494, PMC8960978, PMC8965057, PMC8996176, PMC9503190, PMC9523253, PMC9531825, PMC9770959",60.85,60.17,52.2,45.5,204,2025,19,110,61.0,185.0,83.0,206.0,forward,reverse_complement,4,4,5,"PMC10093932,PMC10177019,PMC10601573,PMC10829522,PMC11088320,PMC11310327,PMC11709090,PMC11975560,PMC12024022,PMC12070563,PMC12094700,PMC5071574,PMC6985656,PMC7142330,PMC8205102,PMC8374072,PMC8435458,PMC9243149,PMC9288296",,"PMC10017047,PMC10082558,PMC10108488,PMC10177235,PMC10382598,PMC10393522,PMC10422166,PMC10454239,PMC10490874,PMC10490900,PMC10641087,PMC10687243,PMC10808261,PMC10844594,PMC10861279,PMC10906457,PMC10909856,PMC10951605,PMC10961387,PMC11067213,PMC11094856,PMC11126084,PMC11303249,PMC11347310,PMC11364230,PMC11412541,PMC11441115,PMC11457333,PMC11470414,PMC11791957,PMC11793788,PMC11969258,PMC11970491,PMC12065788,PMC3375314,PMC3767076,PMC3866771,PMC4161449,PMC4363315,PMC4406861,PMC4456625,PMC4539171,PMC4589158,PMC4626445,PMC4718649,PMC4791217,PMC4857131,PMC4859377,PMC4860887,PMC5091767,PMC5294860,PMC5386530,PMC5402278,PMC5549314,PMC5897363,PMC5999281,PMC6026162,PMC6145326,PMC6168446,PMC6177233,PMC6197220,PMC6206903,PMC6260383,PMC6283616,PMC6332923,PMC6348226,PMC6349161,PMC6399266,PMC6592576,PMC6661420,PMC6691271,PMC6744470,PMC6857135,PMC6872735,PMC6876861,PMC6915019,PMC6916442,PMC7139036,PMC7168001,PMC7191722,PMC7272407,PMC7274479,PMC7371600,PMC7391604,PMC7456952,PMC7485287,PMC7609061,PMC7708333,PMC7768082,PMC7775062,PMC7805403,PMC7816993,PMC7875922,PMC8167169,PMC8186376,PMC8256158,PMC8269668,PMC8539038,PMC8634942,PMC8704268,PMC8761795,PMC8843093,PMC8863494,PMC8960978,PMC8965057,PMC8996176,PMC9503190,PMC9523253,PMC9531825,PMC9770959",,0,19,110,0,0,,,,,,,,,,,,,,,,,,,,,,0.7221442383197823,0.9433333333333331,0.7733333333333334,79.87387858265578
GTCCTCAGAAGCTAACCATCTCC,CCAGAGCCTATGACTCCATGTC,IL12B,IL12B,"IL-12 (6), Il12b (3), IL (2), IL-12-F (1), IL-12p40 (1), Il12 (1), Il12p40 (1), Mouse (1), mIL-12P40-F (1)","IL-12 (4), Il12b (2), Gene (1), IL (1), IL-12-R (1), IL5 (1), Mouse (1), Tnfa (1), mIL-12P40-R (1)",1.3,20.0,19,18,"PMC10093932, PMC10177019, PMC10601573, PMC10829522, PMC11088320, PMC11310327, PMC11709090, PMC11975560, PMC12024022, PMC12070563, PMC12094700, PMC5071574, PMC6985656, PMC7142330, PMC8205102, PMC8374072, PMC8435458, PMC9243149, PMC9288296","PMC10093932, PMC10177019, PMC10601573, PMC10829522, PMC11088320, PMC11310327, PMC11709090, PMC11975560, PMC12070563, PMC12094700, PMC5071574, PMC6985656, PMC7048828, PMC7142330, PMC8205102, PMC8435458, PMC9243149, PMC9288296",60.85,60.63,52.2,54.5,204,199,19,18,61.0,250.0,83.0,271.0,forward,reverse_complement,4,4,3,"PMC10093932,PMC10177019,PMC10601573,PMC10829522,PMC11088320,PMC11310327,PMC11709090,PMC11975560,PMC12024022,PMC12070563,PMC12094700,PMC5071574,PMC6985656,PMC7142330,PMC8205102,PMC8374072,PMC8435458,PMC9243149,PMC9288296",,"PMC10093932,PMC10177019,PMC10601573,PMC10829522,PMC11088320,PMC11310327,PMC11709090,PMC11975560,PMC12070563,PMC12094700,PMC5071574,PMC6985656,PMC7048828,PMC7142330,PMC8205102,PMC8435458,PMC9243149,PMC9288296",,17,19,18,0,0,"PMC10093932,PMC10177019,PMC10601573,PMC10829522,PMC11088320,PMC11310327,PMC11709090,PMC11975560,PMC12070563,PMC12094700,PMC5071574,PMC6985656,PMC7142330,PMC8205102,PMC8435458,PMC9243149,PMC9288296",,,,,,,,,,,,,,,,,,,,,1.0,0.9177777777777776,0.9266666666666671,96.06666666666666
CACACTGGACCAAAGGGACT,AACTTGAGGGAGAAGTAGGAATGG,IL12B,IL12B,"IL-12 (3), Il-12p40 (2), Il12 (2), IL-12-F (1), IL-12p70 (1), IL12 (1), IL12b-R (1), Il12b (1), Il12p40 (1), PKD2 (1), TNF- (1)","IL-12 (18), Il12p40 (8), Il12b (5), IL-12-R (3), IL-12p40 (3), IL12p40 (3), GAPDH (2), IL-12a (2), IL-12b (2), COX-2 (1), CXCL10 (1), Chil3 (1), Direction (1), GGA (1), Gapdh (1), Gene (1), Genes (1), IL-10 (1), IL-10-F (1), IL-12-antisense (1), IL-12B (1), IL-12p40Rev (1), IL12-RV (1), IL12b (1), IL12bNM_008352 (1), Il-12 (1), Il-12_Tilapia_rv (1), MMP-2 (1), Mice (1), Murine (1), REAGENT (1), mIL-12-F (1), mIL-12-R (1), mIL12p40-qR (1), mIl12b (1), mIl6 (1), murine (1)",0.87,0.39,19,106,"PMC11137524, PMC11303051, PMC11335244, PMC11700145, PMC3077416, PMC3474819, PMC3513378, PMC3774698, PMC3788683, PMC4366529, PMC5483437, PMC5584123, PMC6157474, PMC6785560, PMC8645761, PMC8657597, PMC9044025","PMC10072111, PMC10122309, PMC10597467, PMC10798563, PMC10861823, PMC10952994, PMC11055558, PMC11186637, PMC11239810, PMC11487550, PMC11763583, PMC11982544, PMC12048997, PMC2212025, PMC2691956, PMC2848020, PMC3116916, PMC3174963, PMC3701681, PMC3782044, PMC3930092, PMC4009731, PMC4155410, PMC4275388, PMC4312504, PMC4316187, PMC4450756, PMC4477963, PMC4495563, PMC4709561, PMC4976526, PMC5329177, PMC5352199, PMC5438602, PMC5494067, PMC5548869, PMC5605431, PMC5626405, PMC5742144, PMC5760107, PMC5799305, PMC5815252, PMC5836516, PMC5864864, PMC5866536, PMC5897363, PMC5929384, PMC5940246, PMC5976527, PMC6059467, PMC6200811, PMC6268574, PMC6454603, PMC6547911, PMC6621971, PMC6726780, PMC6892624, PMC6943172, PMC6960141, PMC7035466, PMC7063113, PMC7126853, PMC7226952, PMC7325470, PMC7497224, PMC7583932, PMC7662559, PMC7795342, PMC7823216, PMC7824804, PMC7827370, PMC7927270, PMC8070793, PMC8074041, PMC8143410, PMC8163552, PMC8176923, PMC8264587, PMC8279472, PMC8294323, PMC8386542, PMC8473681, PMC8636194, PMC8718515, PMC8923121, PMC9019633, PMC9025264, PMC9075632, PMC9324481, PMC9410837, PMC9513582, PMC9534818, PMC9544816, PMC9576521, PMC9674924, PMC9898909, PMC9922942",60.19,60.45,55.0,45.8,956,2404,17,97,587.0,842.0,606.0,865.0,forward,reverse_complement,3,4,3,"PMC11335244,PMC3513378,PMC8645761","PMC11137524,PMC11303051,PMC11700145,PMC3077416,PMC3474819,PMC3774698,PMC3788683,PMC4366529,PMC5483437,PMC5584123,PMC6157474,PMC6785560,PMC8657597,PMC9044025","PMC10072111,PMC10122309,PMC10597467,PMC10798563,PMC10861823,PMC10952994,PMC11055558,PMC11186637,PMC11239810,PMC11487550,PMC11763583,PMC11982544,PMC12048997,PMC2212025,PMC2691956,PMC2848020,PMC3116916,PMC3174963,PMC3701681,PMC3782044,PMC3930092,PMC4009731,PMC4155410,PMC4275388,PMC4312504,PMC4316187,PMC4450756,PMC4477963,PMC4495563,PMC4709561,PMC4976526,PMC5329177,PMC5352199,PMC5438602,PMC5494067,PMC5548869,PMC5605431,PMC5626405,PMC5742144,PMC5760107,PMC5799305,PMC5815252,PMC5836516,PMC5864864,PMC5866536,PMC5897363,PMC5929384,PMC5940246,PMC5976527,PMC6059467,PMC6200811,PMC6268574,PMC6454603,PMC6547911,PMC6621971,PMC6726780,PMC6892624,PMC6943172,PMC6960141,PMC7035466,PMC7063113,PMC7126853,PMC7226952,PMC7325470,PMC7497224,PMC7583932,PMC7662559,PMC7795342,PMC7823216,PMC7824804,PMC7827370,PMC7927270,PMC8070793,PMC8074041,PMC8143410,PMC8163552,PMC8176923,PMC8264587,PMC8279472,PMC8294323,PMC8386542,PMC8473681,PMC8636194,PMC8718515,PMC8923121,PMC9019633,PMC9025264,PMC9075632,PMC9324481,PMC9410837,PMC9513582,PMC9534818,PMC9544816,PMC9576521,PMC9674924,PMC9898909,PMC9922942",,0,3,97,14,0,,,,,,,,,,,,,,,,,,,,,,0.6240816467333484,0.9644444444444444,0.9133333333333317,78.40408233666739
CACACTGGACCAAAGGGACT,TCTTCAAAGGCTTCATCTGCAA,IL12B,IL12B,"IL-12 (3), Il-12p40 (2), Il12 (2), IL-12-F (1), IL-12p70 (1), IL12 (1), IL12b-R (1), Il12b (1), Il12p40 (1), PKD2 (1), TNF- (1)","IL-12p40 (3), IL-12 (2), A-3 (1), For (1), HPRT (1), IL-12b (1), IL-15 (1), IL12p40 (1), Ifnb (1), Il12b (1), Murine (1), P40 (1), TTCATCAG-3 (1), The (1), mIL-12 (1)",0.87,1.3,19,20,"PMC11137524, PMC11303051, PMC11335244, PMC11700145, PMC3077416, PMC3474819, PMC3513378, PMC3774698, PMC3788683, PMC4366529, PMC5483437, PMC5584123, PMC6157474, PMC6785560, PMC8645761, PMC8657597, PMC9044025","PMC10003108, PMC10369930, PMC11150769, PMC2212952, PMC2213193, PMC3425550, PMC3525658, PMC4389243, PMC5342705, PMC5660477, PMC5675380, PMC6002122, PMC6119693, PMC7229175, PMC8463873, PMC8809074, PMC8907821, PMC9024221, PMC9909354",60.19,59.18,55.0,40.9,956,1213,17,19,587.0,771.0,606.0,792.0,forward,reverse_complement,3,4,3,"PMC11335244,PMC3513378,PMC8645761","PMC11137524,PMC11303051,PMC11700145,PMC3077416,PMC3474819,PMC3774698,PMC3788683,PMC4366529,PMC5483437,PMC5584123,PMC6157474,PMC6785560,PMC8657597,PMC9044025","PMC10003108,PMC10369930,PMC11150769,PMC2212952,PMC2213193,PMC3425550,PMC3525658,PMC4389243,PMC5342705,PMC5660477,PMC5675380,PMC6002122,PMC6119693,PMC7229175,PMC8463873,PMC8809074,PMC8907821,PMC9024221,PMC9909354",,0,3,19,14,0,,,,,,,,,,,,,,,,,,,,,,0.4740822614334691,0.9022222222222223,0.663333333333334,64.0374464050068
CACACTGGACCAAAGGGACT,CAGGAGTCAGGGTACTCCCA,IL12B,IL12B,"IL-12 (3), Il-12p40 (2), Il12 (2), IL-12-F (1), IL-12p70 (1), IL12 (1), IL12b-R (1), Il12b (1), Il12p40 (1), PKD2 (1), TNF- (1)","IL-12 (4), IL-12p40 (2), IL-12B (1), IL-12b (1), IL12b (1), Ifng (1), Il12 (1), Il12b (1), NM-022611.1 (1), REAGENT (1), mus (1)",0.87,0.87,19,17,"PMC11137524, PMC11303051, PMC11335244, PMC11700145, PMC3077416, PMC3474819, PMC3513378, PMC3774698, PMC3788683, PMC4366529, PMC5483437, PMC5584123, PMC6157474, PMC6785560, PMC8645761, PMC8657597, PMC9044025","PMC10458163, PMC10643921, PMC11128112, PMC11363845, PMC11413701, PMC11955453, PMC11990213, PMC4014502, PMC5062839, PMC5859022, PMC5948771, PMC6205598, PMC7156681, PMC7187533, PMC7547440, PMC9212208, PMC9727083",60.19,60.63,55.0,60.0,956,303,17,17,587.0,813.0,606.0,832.0,forward,reverse_complement,3,5,4,"PMC11335244,PMC3513378,PMC8645761","PMC11137524,PMC11303051,PMC11700145,PMC3077416,PMC3474819,PMC3774698,PMC3788683,PMC4366529,PMC5483437,PMC5584123,PMC6157474,PMC6785560,PMC8657597,PMC9044025","PMC11128112,PMC11990213,PMC5948771,PMC7547440,PMC9727083","PMC10458163,PMC10643921,PMC11363845,PMC11413701,PMC11955453,PMC4014502,PMC5062839,PMC5859022,PMC6205598,PMC7156681,PMC7187533,PMC9212208",0,3,5,14,12,,,,,,,,,,,,,,,,,,,,,,0.4046262766154879,0.9127777777777777,0.8533333333333317,64.68131383077436
CACACTGGACCAAAGGGACT,CGTGCTTCCAACGCCAGTTCAA,IL12B,IL12B,"IL-12 (3), Il-12p40 (2), Il12 (2), IL-12-F (1), IL-12p70 (1), IL12 (1), IL12b-R (1), Il12b (1), Il12p40 (1), PKD2 (1), TNF- (1)","Il12b (3), Il12p40 (3), IL-12 (2), Il-12 (2), GGC (1), IL-12p40 (1), Il-12p40 (1), REAGENT (1)",0.87,20.0,19,14,"PMC11137524, PMC11303051, PMC11335244, PMC11700145, PMC3077416, PMC3474819, PMC3513378, PMC3774698, PMC3788683, PMC4366529, PMC5483437, PMC5584123, PMC6157474, PMC6785560, PMC8645761, PMC8657597, PMC9044025","PMC10375149, PMC10651647, PMC10834803, PMC10933546, PMC11668009, PMC5980348, PMC6091234, PMC8189765, PMC8253254, PMC9116420, PMC9673965, PMC9718183, PMC9902321",60.19,65.0,55.0,54.5,956,329,17,13,587.0,673.0,606.0,694.0,forward,reverse_complement,3,3,5,"PMC11335244,PMC3513378,PMC8645761","PMC11137524,PMC11303051,PMC11700145,PMC3077416,PMC3474819,PMC3774698,PMC3788683,PMC4366529,PMC5483437,PMC5584123,PMC6157474,PMC6785560,PMC8657597,PMC9044025",,"PMC10375149,PMC10651647,PMC10834803,PMC10933546,PMC11668009,PMC5980348,PMC6091234,PMC8189765,PMC8253254,PMC9116420,PMC9673965,PMC9718183,PMC9902321",0,3,0,14,13,,,,,,,,,,,,,,,,,,,,,,0.29746050802893603,0.8227777777777778,0.0,39.55635873478014
CACACTGGACCAAAGGGACT,GGTTTGATGATGTCCCTGATGA,IL12B,IL12B,"IL-12 (3), Il-12p40 (2), Il12 (2), IL-12-F (1), IL-12p70 (1), IL12 (1), IL12b-R (1), Il12b (1), Il12p40 (1), PKD2 (1), TNF- (1)","IL-12 (2), IL-12p40 (2), Il12b (2), F-5 (1), IL12p40 (1), Values (1), mIl12b_R (1)",0.87,0.000345,19,12,"PMC11137524, PMC11303051, PMC11335244, PMC11700145, PMC3077416, PMC3474819, PMC3513378, PMC3774698, PMC3788683, PMC4366529, PMC5483437, PMC5584123, PMC6157474, PMC6785560, PMC8645761, PMC8657597, PMC9044025","PMC11091332, PMC11796412, PMC3750155, PMC4976367, PMC5727422, PMC7011629, PMC7113642, PMC7242473, PMC8671160, PMC9279577, PMC9555797, PMC9946980",60.19,58.78,55.0,45.5,956,178,17,12,587.0,733.0,606.0,754.0,forward,reverse_complement,3,2,6,"PMC11335244,PMC3513378,PMC8645761","PMC11137524,PMC11303051,PMC11700145,PMC3077416,PMC3474819,PMC3774698,PMC3788683,PMC4366529,PMC5483437,PMC5584123,PMC6157474,PMC6785560,PMC8657597,PMC9044025","PMC11091332,PMC11796412,PMC7113642,PMC8671160,PMC9946980","PMC3750155,PMC4976367,PMC5727422,PMC7011629,PMC7242473,PMC9279577,PMC9555797",0,3,5,14,7,,,,,,,,,,,,,,,,,,,,,,0.0,0.0,0.0,0.0
CACACTGGACCAAAGGGACT,CCACCTGTGAGTTCTTCAAAGGC,IL12B,IL12B,"IL-12 (3), Il-12p40 (2), Il12 (2), IL-12-F (1), IL-12p70 (1), IL12 (1), IL12b-R (1), Il12b (1), Il12p40 (1), PKD2 (1), TNF- (1)","Il12b (3), IL-12 (2), Il-12 (2), Ccl5 (1), Ifng (1), Il-12p40 (1), TNF (1), Tnfa (1)",0.87,0.33,19,13,"PMC11137524, PMC11303051, PMC11335244, PMC11700145, PMC3077416, PMC3474819, PMC3513378, PMC3774698, PMC3788683, PMC4366529, PMC5483437, PMC5584123, PMC6157474, PMC6785560, PMC8645761, PMC8657597, PMC9044025","PMC10375149, PMC10834803, PMC10933546, PMC11668009, PMC5980348, PMC6091234, PMC8253254, PMC9116420, PMC9673965, PMC9718183, PMC9902321",60.19,62.52,55.0,52.2,956,104,17,11,587.0,782.0,606.0,804.0,forward,reverse_complement,3,3,4,"PMC11335244,PMC3513378,PMC8645761","PMC11137524,PMC11303051,PMC11700145,PMC3077416,PMC3474819,PMC3774698,PMC3788683,PMC4366529,PMC5483437,PMC5584123,PMC6157474,PMC6785560,PMC8657597,PMC9044025","PMC10375149,PMC10834803,PMC10933546,PMC11668009,PMC5980348,PMC6091234,PMC8253254,PMC9116420,PMC9673965,PMC9718183,PMC9902321",,0,3,11,14,0,,,,,,,,,,,,,,,,,,,,,,0.42586817121344706,0.8494444444444444,0.2233333333333315,51.24340856067231
CACACTGGACCAAAGGGACT,TATTCTGCTGCCGTGCTTCC,IL12B,IL12B,"IL-12 (3), Il-12p40 (2), Il12 (2), IL-12-F (1), IL-12p70 (1), IL12 (1), IL12b-R (1), Il12b (1), Il12p40 (1), PKD2 (1), TNF- (1)","IL-12 (18), IL-12p40 (9), Il12b (7), Il12p40 (7), IL-12-F (3), IL-12-FW (2), IL-12a (2), IL12 (2), IL12b (2), IL12p40 (2), Il-12 (2), Il12 (2), MOUSE (2), mouse (2), p40 (2), For (1), GAPDH (1), IL- (1), IL-12-sense (1), IL-12B (1), IL-12b (1), IL-12p40-F (1), IL-12p40For (1), IL-12p70 (1), IL-23 (1), IL12-FW (1), IL12bNM_008352 (1), Il-12_Tilapia_fw (1), Il-12b (1), Interleukin (1), Mice (1), Mouse (1), Mus_Il12b (1), mIL-12 (1), mIL-12-F (1), murine (1)",0.87,3.5,19,89,"PMC11137524, PMC11303051, PMC11335244, PMC11700145, PMC3077416, PMC3474819, PMC3513378, PMC3774698, PMC3788683, PMC4366529, PMC5483437, PMC5584123, PMC6157474, PMC6785560, PMC8645761, PMC8657597, PMC9044025","PMC10072111, PMC10122309, PMC10597467, PMC10747217, PMC10796079, PMC10798563, PMC10861823, PMC10952994, PMC11055558, PMC11186637, PMC11600198, PMC11763583, PMC11982544, PMC12048997, PMC2212025, PMC2212966, PMC2691956, PMC2848020, PMC3116916, PMC3174963, PMC3673914, PMC3701681, PMC3726775, PMC3812020, PMC3930092, PMC4009731, PMC4312504, PMC4316187, PMC4450756, PMC4477963, PMC5352199, PMC5427131, PMC5438602, PMC5548869, PMC5605431, PMC5626405, PMC5799305, PMC5815252, PMC5836516, PMC5864864, PMC5866536, PMC5897363, PMC5929384, PMC5940246, PMC5976527, PMC6059467, PMC6200811, PMC6268574, PMC6454603, PMC6621971, PMC6726780, PMC6943172, PMC6960141, PMC7035466, PMC7063113, PMC7126853, PMC7325470, PMC7497224, PMC7583932, PMC7662559, PMC7795342, PMC7823216, PMC7824804, PMC7827370, PMC8070793, PMC8074041, PMC8163552, PMC8176923, PMC8264587, PMC8279472, PMC8473681, PMC8636194, PMC8718515, PMC8923121, PMC9019633, PMC9025264, PMC9075632, PMC9324481, PMC9410837, PMC9513582, PMC9534818, PMC9544816, PMC9898909, PMC9922942",60.19,61.4,55.0,55.0,956,2009,17,84,587.0,686.0,606.0,705.0,forward,reverse_complement,3,2,3,"PMC11335244,PMC3513378,PMC8645761","PMC11137524,PMC11303051,PMC11700145,PMC3077416,PMC3474819,PMC3774698,PMC3788683,PMC4366529,PMC5483437,PMC5584123,PMC6157474,PMC6785560,PMC8657597,PMC9044025",,"PMC10072111,PMC10122309,PMC10597467,PMC10747217,PMC10796079,PMC10798563,PMC10861823,PMC10952994,PMC11055558,PMC11186637,PMC11600198,PMC11763583,PMC11982544,PMC12048997,PMC2212025,PMC2212966,PMC2691956,PMC2848020,PMC3116916,PMC3174963,PMC3673914,PMC3701681,PMC3726775,PMC3812020,PMC3930092,PMC4009731,PMC4312504,PMC4316187,PMC4450756,PMC4477963,PMC5352199,PMC5427131,PMC5438602,PMC5548869,PMC5605431,PMC5626405,PMC5799305,PMC5815252,PMC5836516,PMC5864864,PMC5866536,PMC5897363,PMC5929384,PMC5940246,PMC5976527,PMC6059467,PMC6200811,PMC6268574,PMC6454603,PMC6621971,PMC6726780,PMC6943172,PMC6960141,PMC7035466,PMC7063113,PMC7126853,PMC7325470,PMC7497224,PMC7583932,PMC7662559,PMC7795342,PMC7823216,PMC7824804,PMC7827370,PMC8070793,PMC8074041,PMC8163552,PMC8176923,PMC8264587,PMC8279472,PMC8473681,PMC8636194,PMC8718515,PMC8923121,PMC9019633,PMC9025264,PMC9075632,PMC9324481,PMC9410837,PMC9513582,PMC9534818,PMC9544816,PMC9898909,PMC9922942",0,3,0,14,84,,,,,,,,,,,,,,,,,,,,,,0.3699918015332933,0.9116666666666668,0.5966666666666665,57.782923409998
CACACTGGACCAAAGGGACT,CAGTTCAATGGGCAGGGTCT,IL12B,IL12B,"IL-12 (3), Il-12p40 (2), Il12 (2), IL-12-F (1), IL-12p70 (1), IL12 (1), IL12b-R (1), Il12b (1), Il12p40 (1), PKD2 (1), TNF- (1)","IL-12 (7), IL-12-R (1), IL-12b (1), IL-12p40 (1), IL12b (1), Il-12 (1), Il12 (1), Il12p40 (1), Rewards (1)",0.87,3.5,19,18,"PMC11137524, PMC11303051, PMC11335244, PMC11700145, PMC3077416, PMC3474819, PMC3513378, PMC3774698, PMC3788683, PMC4366529, PMC5483437, PMC5584123, PMC6157474, PMC6785560, PMC8645761, PMC8657597, PMC9044025","PMC10607261, PMC10785713, PMC11990213, PMC2698136, PMC2886833, PMC2908538, PMC5133373, PMC5850208, PMC5865807, PMC5948771, PMC6100297, PMC6322236, PMC6401634, PMC6844068, PMC6857089, PMC7138104, PMC7851346, PMC9204975",60.19,60.63,55.0,55.0,956,339,17,18,587.0,661.0,606.0,680.0,forward,reverse_complement,3,2,4,"PMC11335244,PMC3513378,PMC8645761","PMC11137524,PMC11303051,PMC11700145,PMC3077416,PMC3474819,PMC3774698,PMC3788683,PMC4366529,PMC5483437,PMC5584123,PMC6157474,PMC6785560,PMC8657597,PMC9044025","PMC10607261,PMC2908538,PMC5850208,PMC6100297,PMC6857089,PMC7851346","PMC10785713,PMC11990213,PMC2698136,PMC2886833,PMC5133373,PMC5865807,PMC5948771,PMC6322236,PMC6401634,PMC6844068,PMC7138104,PMC9204975",0,3,6,14,12,,,,,,,,,,,,,,,,,,,,,,0.4151508891426941,0.9544444444444444,0.8533333333333317,66.45754445713467
CACACTGGACCAAAGGGACT,CTGATGAAGAAGCTGGTGCTGT,IL12B,IL12B,"IL-12 (3), Il-12p40 (2), Il12 (2), IL-12-F (1), IL-12p70 (1), IL12 (1), IL12b-R (1), Il12b (1), Il12p40 (1), PKD2 (1), TNF- (1)","IL-12p40 (5), IL-12 (3), IL-12b (1), Ifnb (1), Il12b (1), NM_001303244 (1), mIL-12 (1)",0.87,0.33,19,13,"PMC11137524, PMC11303051, PMC11335244, PMC11700145, PMC3077416, PMC3474819, PMC3513378, PMC3774698, PMC3788683, PMC4366529, PMC5483437, PMC5584123, PMC6157474, PMC6785560, PMC8645761, PMC8657597, PMC9044025","PMC10003108, PMC11150769, PMC2213193, PMC3425550, PMC3525658, PMC5660477, PMC5675380, PMC6002122, PMC7229175, PMC8809074, PMC8907821, PMC9024221, PMC9909354",60.19,61.54,55.0,50.0,956,550,17,13,587.0,718.0,606.0,739.0,forward,reverse_complement,3,4,4,"PMC11335244,PMC3513378,PMC8645761","PMC11137524,PMC11303051,PMC11700145,PMC3077416,PMC3474819,PMC3774698,PMC3788683,PMC4366529,PMC5483437,PMC5584123,PMC6157474,PMC6785560,PMC8657597,PMC9044025",,"PMC10003108,PMC11150769,PMC2213193,PMC3425550,PMC3525658,PMC5660477,PMC5675380,PMC6002122,PMC7229175,PMC8809074,PMC8907821,PMC9024221,PMC9909354",0,3,0,14,13,,,,,,,,,,,,,,,,,,,,,,0.29746050802893603,0.903888888888889,0.5499999999999996,52.989692068113456
CACACTGGACCAAAGGGACT,TACTCCCAGCTGACCTCCAC,IL12B,IL12B,"IL-12 (3), Il-12p40 (2), Il12 (2), IL-12-F (1), IL-12p70 (1), IL12 (1), IL12b-R (1), Il12b (1), Il12p40 (1), PKD2 (1), TNF- (1)","Mouse (2), IL-12p40 (1), Interleukin (1), VEGFa (1)",0.87,0.004,19,11,"PMC11137524, PMC11303051, PMC11335244, PMC11700145, PMC3077416, PMC3474819, PMC3513378, PMC3774698, PMC3788683, PMC4366529, PMC5483437, PMC5584123, PMC6157474, PMC6785560, PMC8645761, PMC8657597, PMC9044025","PMC11087979, PMC3246787, PMC3390375, PMC3973661, PMC4157812, PMC4735956, PMC5118818, PMC6340868, PMC6423659, PMC8229285, PMC8321543",60.19,61.28,55.0,60.0,956,150,17,11,587.0,801.0,606.0,820.0,forward,reverse_complement,3,6,4,"PMC11335244,PMC3513378,PMC8645761","PMC11137524,PMC11303051,PMC11700145,PMC3077416,PMC3474819,PMC3774698,PMC3788683,PMC4366529,PMC5483437,PMC5584123,PMC6157474,PMC6785560,PMC8657597,PMC9044025","PMC3246787,PMC3390375,PMC3973661,PMC4157812,PMC4735956,PMC5118818,PMC6340868,PMC6423659,PMC8229285,PMC8321543",PMC11087979,0,3,10,14,1,,,,,,,,,,,,,,,,,,,,,,0.4211547852535294,0.8766666666666667,0.6366666666666656,60.09107259600979
TGGGAGTACCCTGACTCCTG,AACTTGAGGGAGAAGTAGGAATGG,IL12B,IL12B,"IL-12 (4), IL-12p40 (2), IL-12B (1), IL-12b (1), IL12b (1), Ifng (1), Il12 (1), Il12b (1), NM-022611.1 (1), REAGENT (1), mus (1)","IL-12 (18), Il12p40 (8), Il12b (5), IL-12-R (3), IL-12p40 (3), IL12p40 (3), GAPDH (2), IL-12a (2), IL-12b (2), COX-2 (1), CXCL10 (1), Chil3 (1), Direction (1), GGA (1), Gapdh (1), Gene (1), Genes (1), IL-10 (1), IL-10-F (1), IL-12-antisense (1), IL-12B (1), IL-12p40Rev (1), IL12-RV (1), IL12b (1), IL12bNM_008352 (1), Il-12 (1), Il-12_Tilapia_rv (1), MMP-2 (1), Mice (1), Murine (1), REAGENT (1), mIL-12-F (1), mIL-12-R (1), mIL12p40-qR (1), mIl12b (1), mIl6 (1), murine (1)",0.87,0.39,17,106,"PMC10458163, PMC10643921, PMC11128112, PMC11363845, PMC11413701, PMC11955453, PMC11990213, PMC4014502, PMC5062839, PMC5859022, PMC5948771, PMC6205598, PMC7156681, PMC7187533, PMC7547440, PMC9212208, PMC9727083","PMC10072111, PMC10122309, PMC10597467, PMC10798563, PMC10861823, PMC10952994, PMC11055558, PMC11186637, PMC11239810, PMC11487550, PMC11763583, PMC11982544, PMC12048997, PMC2212025, PMC2691956, PMC2848020, PMC3116916, PMC3174963, PMC3701681, PMC3782044, PMC3930092, PMC4009731, PMC4155410, PMC4275388, PMC4312504, PMC4316187, PMC4450756, PMC4477963, PMC4495563, PMC4709561, PMC4976526, PMC5329177, PMC5352199, PMC5438602, PMC5494067, PMC5548869, PMC5605431, PMC5626405, PMC5742144, PMC5760107, PMC5799305, PMC5815252, PMC5836516, PMC5864864, PMC5866536, PMC5897363, PMC5929384, PMC5940246, PMC5976527, PMC6059467, PMC6200811, PMC6268574, PMC6454603, PMC6547911, PMC6621971, PMC6726780, PMC6892624, PMC6943172, PMC6960141, PMC7035466, PMC7063113, PMC7126853, PMC7226952, PMC7325470, PMC7497224, PMC7583932, PMC7662559, PMC7795342, PMC7823216, PMC7824804, PMC7827370, PMC7927270, PMC8070793, PMC8074041, PMC8143410, PMC8163552, PMC8176923, PMC8264587, PMC8279472, PMC8294323, PMC8386542, PMC8473681, PMC8636194, PMC8718515, PMC8923121, PMC9019633, PMC9025264, PMC9075632, PMC9324481, PMC9410837, PMC9513582, PMC9534818, PMC9544816, PMC9576521, PMC9674924, PMC9898909, PMC9922942",60.63,60.45,60.0,45.8,303,2404,17,97,813.0,842.0,832.0,865.0,forward,reverse_complement,5,4,4,"PMC10458163,PMC10643921,PMC11363845,PMC11413701,PMC11955453,PMC4014502,PMC5062839,PMC5859022,PMC6205598,PMC7156681,PMC7187533,PMC9212208","PMC11128112,PMC11990213,PMC5948771,PMC7547440,PMC9727083","PMC10072111,PMC10122309,PMC10597467,PMC10798563,PMC10861823,PMC10952994,PMC11055558,PMC11186637,PMC11239810,PMC11487550,PMC11763583,PMC11982544,PMC12048997,PMC2212025,PMC2691956,PMC2848020,PMC3116916,PMC3174963,PMC3701681,PMC3782044,PMC3930092,PMC4009731,PMC4155410,PMC4275388,PMC4312504,PMC4316187,PMC4450756,PMC4477963,PMC4495563,PMC4709561,PMC4976526,PMC5329177,PMC5352199,PMC5438602,PMC5494067,PMC5548869,PMC5605431,PMC5626405,PMC5742144,PMC5760107,PMC5799305,PMC5815252,PMC5836516,PMC5864864,PMC5866536,PMC5897363,PMC5929384,PMC5940246,PMC5976527,PMC6059467,PMC6200811,PMC6268574,PMC6454603,PMC6547911,PMC6621971,PMC6726780,PMC6892624,PMC6943172,PMC6960141,PMC7035466,PMC7063113,PMC7126853,PMC7226952,PMC7325470,PMC7497224,PMC7583932,PMC7662559,PMC7795342,PMC7823216,PMC7824804,PMC7827370,PMC7927270,PMC8070793,PMC8074041,PMC8143410,PMC8163552,PMC8176923,PMC8264587,PMC8279472,PMC8294323,PMC8386542,PMC8473681,PMC8636194,PMC8718515,PMC8923121,PMC9019633,PMC9025264,PMC9075632,PMC9324481,PMC9410837,PMC9513582,PMC9534818,PMC9544816,PMC9576521,PMC9674924,PMC9898909,PMC9922942",,0,12,97,5,0,,,,,,,,,,,,,,,,,,,,,,0.687929112473439,0.898333333333333,0.9400000000000001,80.14645562367194
TTGAACTGGCGTTGGAAGCACG,AACTTGAGGGAGAAGTAGGAATGG,IL12B,IL12B,"Il12b (3), Il12p40 (3), IL-12 (2), Il-12 (2), GGC (1), IL-12p40 (1), Il-12p40 (1), REAGENT (1)","IL-12 (18), Il12p40 (8), Il12b (5), IL-12-R (3), IL-12p40 (3), IL12p40 (3), GAPDH (2), IL-12a (2), IL-12b (2), COX-2 (1), CXCL10 (1), Chil3 (1), Direction (1), GGA (1), Gapdh (1), Gene (1), Genes (1), IL-10 (1), IL-10-F (1), IL-12-antisense (1), IL-12B (1), IL-12p40Rev (1), IL12-RV (1), IL12b (1), IL12bNM_008352 (1), Il-12 (1), Il-12_Tilapia_rv (1), MMP-2 (1), Mice (1), Murine (1), REAGENT (1), mIL-12-F (1), mIL-12-R (1), mIL12p40-qR (1), mIl12b (1), mIl6 (1), murine (1)",20.0,0.39,14,106,"PMC10375149, PMC10651647, PMC10834803, PMC10933546, PMC11668009, PMC5980348, PMC6091234, PMC8189765, PMC8253254, PMC9116420, PMC9673965, PMC9718183, PMC9902321","PMC10072111, PMC10122309, PMC10597467, PMC10798563, PMC10861823, PMC10952994, PMC11055558, PMC11186637, PMC11239810, PMC11487550, PMC11763583, PMC11982544, PMC12048997, PMC2212025, PMC2691956, PMC2848020, PMC3116916, PMC3174963, PMC3701681, PMC3782044, PMC3930092, PMC4009731, PMC4155410, PMC4275388, PMC4312504, PMC4316187, PMC4450756, PMC4477963, PMC4495563, PMC4709561, PMC4976526, PMC5329177, PMC5352199, PMC5438602, PMC5494067, PMC5548869, PMC5605431, PMC5626405, PMC5742144, PMC5760107, PMC5799305, PMC5815252, PMC5836516, PMC5864864, PMC5866536, PMC5897363, PMC5929384, PMC5940246, PMC5976527, PMC6059467, PMC6200811, PMC6268574, PMC6454603, PMC6547911, PMC6621971, PMC6726780, PMC6892624, PMC6943172, PMC6960141, PMC7035466, PMC7063113, PMC7126853, PMC7226952, PMC7325470, PMC7497224, PMC7583932, PMC7662559, PMC7795342, PMC7823216, PMC7824804, PMC7827370, PMC7927270, PMC8070793, PMC8074041, PMC8143410, PMC8163552, PMC8176923, PMC8264587, PMC8279472, PMC8294323, PMC8386542, PMC8473681, PMC8636194, PMC8718515, PMC8923121, PMC9019633, PMC9025264, PMC9075632, PMC9324481, PMC9410837, PMC9513582, PMC9534818, PMC9544816, PMC9576521, PMC9674924, PMC9898909, PMC9922942",65.0,60.45,54.5,45.8,329,2404,13,97,673.0,842.0,694.0,865.0,forward,reverse_complement,3,4,3,"PMC10375149,PMC10651647,PMC10834803,PMC10933546,PMC11668009,PMC5980348,PMC6091234,PMC8189765,PMC8253254,PMC9116420,PMC9673965,PMC9718183,PMC9902321",,"PMC10072111,PMC10122309,PMC10597467,PMC10798563,PMC10861823,PMC10952994,PMC11055558,PMC11186637,PMC11239810,PMC11487550,PMC11763583,PMC11982544,PMC12048997,PMC2212025,PMC2691956,PMC2848020,PMC3116916,PMC3174963,PMC3701681,PMC3782044,PMC3930092,PMC4009731,PMC4155410,PMC4275388,PMC4312504,PMC4316187,PMC4450756,PMC4477963,PMC4495563,PMC4709561,PMC4976526,PMC5329177,PMC5352199,PMC5438602,PMC5494067,PMC5548869,PMC5605431,PMC5626405,PMC5742144,PMC5760107,PMC5799305,PMC5815252,PMC5836516,PMC5864864,PMC5866536,PMC5897363,PMC5929384,PMC5940246,PMC5976527,PMC6059467,PMC6200811,PMC6268574,PMC6454603,PMC6547911,PMC6621971,PMC6726780,PMC6892624,PMC6943172,PMC6960141,PMC7035466,PMC7063113,PMC7126853,PMC7226952,PMC7325470,PMC7497224,PMC7583932,PMC7662559,PMC7795342,PMC7823216,PMC7824804,PMC7827370,PMC7927270,PMC8070793,PMC8074041,PMC8143410,PMC8163552,PMC8176923,PMC8264587,PMC8279472,PMC8294323,PMC8386542,PMC8473681,PMC8636194,PMC8718515,PMC8923121,PMC9019633,PMC9025264,PMC9075632,PMC9324481,PMC9410837,PMC9513582,PMC9534818,PMC9544816,PMC9576521,PMC9674924,PMC9898909,PMC9922942",,0,13,97,0,0,,,,,,,,,,,,,,,,,,,,,,0.681836947196538,0.8083333333333331,0.0,58.34184735982689
TTGAACTGGCGTTGGAAGCACG,TCTTCAAAGGCTTCATCTGCAA,IL12B,IL12B,"Il12b (3), Il12p40 (3), IL-12 (2), Il-12 (2), GGC (1), IL-12p40 (1), Il-12p40 (1), REAGENT (1)","IL-12p40 (3), IL-12 (2), A-3 (1), For (1), HPRT (1), IL-12b (1), IL-15 (1), IL12p40 (1), Ifnb (1), Il12b (1), Murine (1), P40 (1), TTCATCAG-3 (1), The (1), mIL-12 (1)",20.0,1.3,14,20,"PMC10375149, PMC10651647, PMC10834803, PMC10933546, PMC11668009, PMC5980348, PMC6091234, PMC8189765, PMC8253254, PMC9116420, PMC9673965, PMC9718183, PMC9902321","PMC10003108, PMC10369930, PMC11150769, PMC2212952, PMC2213193, PMC3425550, PMC3525658, PMC4389243, PMC5342705, PMC5660477, PMC5675380, PMC6002122, PMC6119693, PMC7229175, PMC8463873, PMC8809074, PMC8907821, PMC9024221, PMC9909354",65.0,59.18,54.5,40.9,329,1213,13,19,673.0,771.0,694.0,792.0,forward,reverse_complement,3,4,5,"PMC10375149,PMC10651647,PMC10834803,PMC10933546,PMC11668009,PMC5980348,PMC6091234,PMC8189765,PMC8253254,PMC9116420,PMC9673965,PMC9718183,PMC9902321",,"PMC10003108,PMC10369930,PMC11150769,PMC2212952,PMC2213193,PMC3425550,PMC3525658,PMC4389243,PMC5342705,PMC5660477,PMC5675380,PMC6002122,PMC6119693,PMC7229175,PMC8463873,PMC8809074,PMC8907821,PMC9024221,PMC9909354",,0,13,19,0,0,,,,,,,,,,,,,,,,,,,,,,0.5318375618966587,0.7461111111111111,0.0,48.97521142816627
TTGAACTGGCGTTGGAAGCACG,CAGGAGTCAGGGTACTCCCA,IL12B,IL12B,"Il12b (3), Il12p40 (3), IL-12 (2), Il-12 (2), GGC (1), IL-12p40 (1), Il-12p40 (1), REAGENT (1)","IL-12 (4), IL-12p40 (2), IL-12B (1), IL-12b (1), IL12b (1), Ifng (1), Il12 (1), Il12b (1), NM-022611.1 (1), REAGENT (1), mus (1)",20.0,0.87,14,17,"PMC10375149, PMC10651647, PMC10834803, PMC10933546, PMC11668009, PMC5980348, PMC6091234, PMC8189765, PMC8253254, PMC9116420, PMC9673965, PMC9718183, PMC9902321","PMC10458163, PMC10643921, PMC11128112, PMC11363845, PMC11413701, PMC11955453, PMC11990213, PMC4014502, PMC5062839, PMC5859022, PMC5948771, PMC6205598, PMC7156681, PMC7187533, PMC7547440, PMC9212208, PMC9727083",65.0,60.63,54.5,60.0,329,303,13,17,673.0,813.0,694.0,832.0,forward,reverse_complement,3,5,3,"PMC10375149,PMC10651647,PMC10834803,PMC10933546,PMC11668009,PMC5980348,PMC6091234,PMC8189765,PMC8253254,PMC9116420,PMC9673965,PMC9718183,PMC9902321",,"PMC11128112,PMC11990213,PMC5948771,PMC7547440,PMC9727083","PMC10458163,PMC10643921,PMC11363845,PMC11413701,PMC11955453,PMC4014502,PMC5062839,PMC5859022,PMC6205598,PMC7156681,PMC7187533,PMC9212208",0,13,5,0,12,,,,,,,,,,,,,,,,,,,,,,0.46238157707867744,0.7566666666666665,0.0,45.81907885393387
TTGAACTGGCGTTGGAAGCACG,GGTTTGATGATGTCCCTGATGA,IL12B,IL12B,"Il12b (3), Il12p40 (3), IL-12 (2), Il-12 (2), GGC (1), IL-12p40 (1), Il-12p40 (1), REAGENT (1)","IL-12 (2), IL-12p40 (2), Il12b (2), F-5 (1), IL12p40 (1), Values (1), mIl12b_R (1)",20.0,0.000345,14,12,"PMC10375149, PMC10651647, PMC10834803, PMC10933546, PMC11668009, PMC5980348, PMC6091234, PMC8189765, PMC8253254, PMC9116420, PMC9673965, PMC9718183, PMC9902321","PMC11091332, PMC11796412, PMC3750155, PMC4976367, PMC5727422, PMC7011629, PMC7113642, PMC7242473, PMC8671160, PMC9279577, PMC9555797, PMC9946980",65.0,58.78,54.5,45.5,329,178,13,12,673.0,733.0,694.0,754.0,forward,reverse_complement,3,2,3,"PMC10375149,PMC10651647,PMC10834803,PMC10933546,PMC11668009,PMC5980348,PMC6091234,PMC8189765,PMC8253254,PMC9116420,PMC9673965,PMC9718183,PMC9902321",,"PMC11091332,PMC11796412,PMC7113642,PMC8671160,PMC9946980","PMC3750155,PMC4976367,PMC5727422,PMC7011629,PMC7242473,PMC9279577,PMC9555797",0,13,5,0,7,,,,,,,,,,,,,,,,,,,,,,0.44929475787447215,0.7655555555555555,0.0,45.43140456039028
TTGAACTGGCGTTGGAAGCACG,CCACCTGTGAGTTCTTCAAAGGC,IL12B,IL12B,"Il12b (3), Il12p40 (3), IL-12 (2), Il-12 (2), GGC (1), IL-12p40 (1), Il-12p40 (1), REAGENT (1)","Il12b (3), IL-12 (2), Il-12 (2), Ccl5 (1), Ifng (1), Il-12p40 (1), TNF (1), Tnfa (1)",20.0,0.33,14,13,"PMC10375149, PMC10651647, PMC10834803, PMC10933546, PMC11668009, PMC5980348, PMC6091234, PMC8189765, PMC8253254, PMC9116420, PMC9673965, PMC9718183, PMC9902321","PMC10375149, PMC10834803, PMC10933546, PMC11668009, PMC5980348, PMC6091234, PMC8253254, PMC9116420, PMC9673965, PMC9718183, PMC9902321",65.0,62.52,54.5,52.2,329,104,13,11,673.0,782.0,694.0,804.0,forward,reverse_complement,3,3,5,"PMC10375149,PMC10651647,PMC10834803,PMC10933546,PMC11668009,PMC5980348,PMC6091234,PMC8189765,PMC8253254,PMC9116420,PMC9673965,PMC9718183,PMC9902321",,"PMC10375149,PMC10834803,PMC10933546,PMC11668009,PMC5980348,PMC6091234,PMC8253254,PMC9116420,PMC9673965,PMC9718183,PMC9902321",,11,13,11,0,0,"PMC10375149,PMC10834803,PMC10933546,PMC11668009,PMC5980348,PMC6091234,PMC8253254,PMC9116420,PMC9673965,PMC9718183,PMC9902321",,,,,,,,,,,,,,,,,,,,,0.8649667837592475,0.6933333333333331,0.17333333333333434,67.51500585462905
TTGAACTGGCGTTGGAAGCACG,CTGATGAAGAAGCTGGTGCTGT,IL12B,IL12B,"Il12b (3), Il12p40 (3), IL-12 (2), Il-12 (2), GGC (1), IL-12p40 (1), Il-12p40 (1), REAGENT (1)","IL-12p40 (5), IL-12 (3), IL-12b (1), Ifnb (1), Il12b (1), NM_001303244 (1), mIL-12 (1)",20.0,0.33,14,13,"PMC10375149, PMC10651647, PMC10834803, PMC10933546, PMC11668009, PMC5980348, PMC6091234, PMC8189765, PMC8253254, PMC9116420, PMC9673965, PMC9718183, PMC9902321","PMC10003108, PMC11150769, PMC2213193, PMC3425550, PMC3525658, PMC5660477, PMC5675380, PMC6002122, PMC7229175, PMC8809074, PMC8907821, PMC9024221, PMC9909354",65.0,61.54,54.5,50.0,329,550,13,13,673.0,718.0,694.0,739.0,forward,reverse_complement,3,4,5,"PMC10375149,PMC10651647,PMC10834803,PMC10933546,PMC11668009,PMC5980348,PMC6091234,PMC8189765,PMC8253254,PMC9116420,PMC9673965,PMC9718183,PMC9902321",,,"PMC10003108,PMC11150769,PMC2213193,PMC3425550,PMC3525658,PMC5660477,PMC5675380,PMC6002122,PMC7229175,PMC8809074,PMC8907821,PMC9024221,PMC9909354",0,13,0,0,13,,,,,,,,,,,,,,,,,,,,,,0.3552158084921256,0.7477777777777778,0.0,40.194123757939614
TTGAACTGGCGTTGGAAGCACG,TACTCCCAGCTGACCTCCAC,IL12B,IL12B,"Il12b (3), Il12p40 (3), IL-12 (2), Il-12 (2), GGC (1), IL-12p40 (1), Il-12p40 (1), REAGENT (1)","Mouse (2), IL-12p40 (1), Interleukin (1), VEGFa (1)",20.0,0.004,14,11,"PMC10375149, PMC10651647, PMC10834803, PMC10933546, PMC11668009, PMC5980348, PMC6091234, PMC8189765, PMC8253254, PMC9116420, PMC9673965, PMC9718183, PMC9902321","PMC11087979, PMC3246787, PMC3390375, PMC3973661, PMC4157812, PMC4735956, PMC5118818, PMC6340868, PMC6423659, PMC8229285, PMC8321543",65.0,61.28,54.5,60.0,329,150,13,11,673.0,801.0,694.0,820.0,forward,reverse_complement,3,6,4,"PMC10375149,PMC10651647,PMC10834803,PMC10933546,PMC11668009,PMC5980348,PMC6091234,PMC8189765,PMC8253254,PMC9116420,PMC9673965,PMC9718183,PMC9902321",,"PMC3246787,PMC3390375,PMC3973661,PMC4157812,PMC4735956,PMC5118818,PMC6340868,PMC6423659,PMC8229285,PMC8321543",PMC11087979,0,13,10,0,1,,,,,,,,,,,,,,,,,,,,,,0.478910085716719,0.7205555555555555,0.0,45.56217095250261
TCATCAGGGACATCATCAAACC,AACTTGAGGGAGAAGTAGGAATGG,IL12B,IL12B,"IL-12 (2), IL-12p40 (2), Il12b (2), F-5 (1), IL12p40 (1), Values (1), mIl12b_R (1)","IL-12 (18), Il12p40 (8), Il12b (5), IL-12-R (3), IL-12p40 (3), IL12p40 (3), GAPDH (2), IL-12a (2), IL-12b (2), COX-2 (1), CXCL10 (1), Chil3 (1), Direction (1), GGA (1), Gapdh (1), Gene (1), Genes (1), IL-10 (1), IL-10-F (1), IL-12-antisense (1), IL-12B (1), IL-12p40Rev (1), IL12-RV (1), IL12b (1), IL12bNM_008352 (1), Il-12 (1), Il-12_Tilapia_rv (1), MMP-2 (1), Mice (1), Murine (1), REAGENT (1), mIL-12-F (1), mIL-12-R (1), mIL12p40-qR (1), mIl12b (1), mIl6 (1), murine (1)",0.000345,0.39,12,106,"PMC11091332, PMC11796412, PMC3750155, PMC4976367, PMC5727422, PMC7011629, PMC7113642, PMC7242473, PMC8671160, PMC9279577, PMC9555797, PMC9946980","PMC10072111, PMC10122309, PMC10597467, PMC10798563, PMC10861823, PMC10952994, PMC11055558, PMC11186637, PMC11239810, PMC11487550, PMC11763583, PMC11982544, PMC12048997, PMC2212025, PMC2691956, PMC2848020, PMC3116916, PMC3174963, PMC3701681, PMC3782044, PMC3930092, PMC4009731, PMC4155410, PMC4275388, PMC4312504, PMC4316187, PMC4450756, PMC4477963, PMC4495563, PMC4709561, PMC4976526, PMC5329177, PMC5352199, PMC5438602, PMC5494067, PMC5548869, PMC5605431, PMC5626405, PMC5742144, PMC5760107, PMC5799305, PMC5815252, PMC5836516, PMC5864864, PMC5866536, PMC5897363, PMC5929384, PMC5940246, PMC5976527, PMC6059467, PMC6200811, PMC6268574, PMC6454603, PMC6547911, PMC6621971, PMC6726780, PMC6892624, PMC6943172, PMC6960141, PMC7035466, PMC7063113, PMC7126853, PMC7226952, PMC7325470, PMC7497224, PMC7583932, PMC7662559, PMC7795342, PMC7823216, PMC7824804, PMC7827370, PMC7927270, PMC8070793, PMC8074041, PMC8143410, PMC8163552, PMC8176923, PMC8264587, PMC8279472, PMC8294323, PMC8386542, PMC8473681, PMC8636194, PMC8718515, PMC8923121, PMC9019633, PMC9025264, PMC9075632, PMC9324481, PMC9410837, PMC9513582, PMC9534818, PMC9544816, PMC9576521, PMC9674924, PMC9898909, PMC9922942",58.78,60.45,45.5,45.8,178,2404,12,97,733.0,842.0,754.0,865.0,forward,reverse_complement,2,4,4,"PMC3750155,PMC4976367,PMC5727422,PMC7011629,PMC7242473,PMC9279577,PMC9555797","PMC11091332,PMC11796412,PMC7113642,PMC8671160,PMC9946980","PMC10072111,PMC10122309,PMC10597467,PMC10798563,PMC10861823,PMC10952994,PMC11055558,PMC11186637,PMC11239810,PMC11487550,PMC11763583,PMC11982544,PMC12048997,PMC2212025,PMC2691956,PMC2848020,PMC3116916,PMC3174963,PMC3701681,PMC3782044,PMC3930092,PMC4009731,PMC4155410,PMC4275388,PMC4312504,PMC4316187,PMC4450756,PMC4477963,PMC4495563,PMC4709561,PMC4976526,PMC5329177,PMC5352199,PMC5438602,PMC5494067,PMC5548869,PMC5605431,PMC5626405,PMC5742144,PMC5760107,PMC5799305,PMC5815252,PMC5836516,PMC5864864,PMC5866536,PMC5897363,PMC5929384,PMC5940246,PMC5976527,PMC6059467,PMC6200811,PMC6268574,PMC6454603,PMC6547911,PMC6621971,PMC6726780,PMC6892624,PMC6943172,PMC6960141,PMC7035466,PMC7063113,PMC7126853,PMC7226952,PMC7325470,PMC7497224,PMC7583932,PMC7662559,PMC7795342,PMC7823216,PMC7824804,PMC7827370,PMC7927270,PMC8070793,PMC8074041,PMC8143410,PMC8163552,PMC8176923,PMC8264587,PMC8279472,PMC8294323,PMC8386542,PMC8473681,PMC8636194,PMC8718515,PMC8923121,PMC9019633,PMC9025264,PMC9075632,PMC9324481,PMC9410837,PMC9513582,PMC9534818,PMC9544816,PMC9576521,PMC9674924,PMC9898909,PMC9922942",,0,7,97,5,0,,,,,,,,,,,,,,,,,,,,,,0.6485424483350651,0.9072222222222222,0.4433333333333328,68.51045575008658
TCATCAGGGACATCATCAAACC,TCTTCAAAGGCTTCATCTGCAA,IL12B,IL12B,"IL-12 (2), IL-12p40 (2), Il12b (2), F-5 (1), IL12p40 (1), Values (1), mIl12b_R (1)","IL-12p40 (3), IL-12 (2), A-3 (1), For (1), HPRT (1), IL-12b (1), IL-15 (1), IL12p40 (1), Ifnb (1), Il12b (1), Murine (1), P40 (1), TTCATCAG-3 (1), The (1), mIL-12 (1)",0.000345,1.3,12,20,"PMC11091332, PMC11796412, PMC3750155, PMC4976367, PMC5727422, PMC7011629, PMC7113642, PMC7242473, PMC8671160, PMC9279577, PMC9555797, PMC9946980","PMC10003108, PMC10369930, PMC11150769, PMC2212952, PMC2213193, PMC3425550, PMC3525658, PMC4389243, PMC5342705, PMC5660477, PMC5675380, PMC6002122, PMC6119693, PMC7229175, PMC8463873, PMC8809074, PMC8907821, PMC9024221, PMC9909354",58.78,59.18,45.5,40.9,178,1213,12,19,733.0,771.0,754.0,792.0,forward,reverse_complement,2,4,3,"PMC3750155,PMC4976367,PMC5727422,PMC7011629,PMC7242473,PMC9279577,PMC9555797","PMC11091332,PMC11796412,PMC7113642,PMC8671160,PMC9946980","PMC10003108,PMC10369930,PMC11150769,PMC2212952,PMC2213193,PMC3425550,PMC3525658,PMC4389243,PMC5342705,PMC5660477,PMC5675380,PMC6002122,PMC6119693,PMC7229175,PMC8463873,PMC8809074,PMC8907821,PMC9024221,PMC9909354",,0,7,19,5,0,,,,,,,,,,,,,,,,,,,,,,0.4985430630351858,0.845,0.8666666666666671,67.61048648509264
TCATCAGGGACATCATCAAACC,CAGGAGTCAGGGTACTCCCA,IL12B,IL12B,"IL-12 (2), IL-12p40 (2), Il12b (2), F-5 (1), IL12p40 (1), Values (1), mIl12b_R (1)","IL-12 (4), IL-12p40 (2), IL-12B (1), IL-12b (1), IL12b (1), Ifng (1), Il12 (1), Il12b (1), NM-022611.1 (1), REAGENT (1), mus (1)",0.000345,0.87,12,17,"PMC11091332, PMC11796412, PMC3750155, PMC4976367, PMC5727422, PMC7011629, PMC7113642, PMC7242473, PMC8671160, PMC9279577, PMC9555797, PMC9946980","PMC10458163, PMC10643921, PMC11128112, PMC11363845, PMC11413701, PMC11955453, PMC11990213, PMC4014502, PMC5062839, PMC5859022, PMC5948771, PMC6205598, PMC7156681, PMC7187533, PMC7547440, PMC9212208, PMC9727083",58.78,60.63,45.5,60.0,178,303,12,17,733.0,813.0,754.0,832.0,forward,reverse_complement,2,5,4,"PMC3750155,PMC4976367,PMC5727422,PMC7011629,PMC7242473,PMC9279577,PMC9555797","PMC11091332,PMC11796412,PMC7113642,PMC8671160,PMC9946980","PMC11128112,PMC11990213,PMC5948771,PMC7547440,PMC9727083","PMC10458163,PMC10643921,PMC11363845,PMC11413701,PMC11955453,PMC4014502,PMC5062839,PMC5859022,PMC6205598,PMC7156681,PMC7187533,PMC9212208",0,7,5,5,12,,,,,,,,,,,,,,,,,,,,,,0.4290870782172046,0.8555555555555554,0.38333333333333286,54.78768724419355
TCATCAGGGACATCATCAAACC,CCACCTGTGAGTTCTTCAAAGGC,IL12B,IL12B,"IL-12 (2), IL-12p40 (2), Il12b (2), F-5 (1), IL12p40 (1), Values (1), mIl12b_R (1)","Il12b (3), IL-12 (2), Il-12 (2), Ccl5 (1), Ifng (1), Il-12p40 (1), TNF (1), Tnfa (1)",0.000345,0.33,12,13,"PMC11091332, PMC11796412, PMC3750155, PMC4976367, PMC5727422, PMC7011629, PMC7113642, PMC7242473, PMC8671160, PMC9279577, PMC9555797, PMC9946980","PMC10375149, PMC10834803, PMC10933546, PMC11668009, PMC5980348, PMC6091234, PMC8253254, PMC9116420, PMC9673965, PMC9718183, PMC9902321",58.78,62.52,45.5,52.2,178,104,12,11,733.0,782.0,754.0,804.0,forward,reverse_complement,2,3,4,"PMC3750155,PMC4976367,PMC5727422,PMC7011629,PMC7242473,PMC9279577,PMC9555797","PMC11091332,PMC11796412,PMC7113642,PMC8671160,PMC9946980","PMC10375149,PMC10834803,PMC10933546,PMC11668009,PMC5980348,PMC6091234,PMC8253254,PMC9116420,PMC9673965,PMC9718183,PMC9902321",,0,7,11,5,0,,,,,,,,,,,,,,,,,,,,,,0.45032897281516376,0.7922222222222222,0.0,46.28311530742485
TCATCAGGGACATCATCAAACC,TACTCCCAGCTGACCTCCAC,IL12B,IL12B,"IL-12 (2), IL-12p40 (2), Il12b (2), F-5 (1), IL12p40 (1), Values (1), mIl12b_R (1)","Mouse (2), IL-12p40 (1), Interleukin (1), VEGFa (1)",0.000345,0.004,12,11,"PMC11091332, PMC11796412, PMC3750155, PMC4976367, PMC5727422, PMC7011629, PMC7113642, PMC7242473, PMC8671160, PMC9279577, PMC9555797, PMC9946980","PMC11087979, PMC3246787, PMC3390375, PMC3973661, PMC4157812, PMC4735956, PMC5118818, PMC6340868, PMC6423659, PMC8229285, PMC8321543",58.78,61.28,45.5,60.0,178,150,12,11,733.0,801.0,754.0,820.0,forward,reverse_complement,2,6,4,"PMC3750155,PMC4976367,PMC5727422,PMC7011629,PMC7242473,PMC9279577,PMC9555797","PMC11091332,PMC11796412,PMC7113642,PMC8671160,PMC9946980","PMC3246787,PMC3390375,PMC3973661,PMC4157812,PMC4735956,PMC5118818,PMC6340868,PMC6423659,PMC8229285,PMC8321543",PMC11087979,0,7,10,5,1,,,,,,,,,,,,,,,,,,,,,,0.44561558685524616,0.8194444444444444,0.16666666666666663,50.19744600942897
GCCTTTGAAGAACTCACAGGTGG,AACTTGAGGGAGAAGTAGGAATGG,IL12B,IL12B,"Il12b (3), IL-12 (2), Il-12 (2), Ccl5 (1), Ifng (1), Il-12p40 (1), TNF (1), Tnfa (1)","IL-12 (18), Il12p40 (8), Il12b (5), IL-12-R (3), IL-12p40 (3), IL12p40 (3), GAPDH (2), IL-12a (2), IL-12b (2), COX-2 (1), CXCL10 (1), Chil3 (1), Direction (1), GGA (1), Gapdh (1), Gene (1), Genes (1), IL-10 (1), IL-10-F (1), IL-12-antisense (1), IL-12B (1), IL-12p40Rev (1), IL12-RV (1), IL12b (1), IL12bNM_008352 (1), Il-12 (1), Il-12_Tilapia_rv (1), MMP-2 (1), Mice (1), Murine (1), REAGENT (1), mIL-12-F (1), mIL-12-R (1), mIL12p40-qR (1), mIl12b (1), mIl6 (1), murine (1)",0.33,0.39,13,106,"PMC10375149, PMC10834803, PMC10933546, PMC11668009, PMC5980348, PMC6091234, PMC8253254, PMC9116420, PMC9673965, PMC9718183, PMC9902321","PMC10072111, PMC10122309, PMC10597467, PMC10798563, PMC10861823, PMC10952994, PMC11055558, PMC11186637, PMC11239810, PMC11487550, PMC11763583, PMC11982544, PMC12048997, PMC2212025, PMC2691956, PMC2848020, PMC3116916, PMC3174963, PMC3701681, PMC3782044, PMC3930092, PMC4009731, PMC4155410, PMC4275388, PMC4312504, PMC4316187, PMC4450756, PMC4477963, PMC4495563, PMC4709561, PMC4976526, PMC5329177, PMC5352199, PMC5438602, PMC5494067, PMC5548869, PMC5605431, PMC5626405, PMC5742144, PMC5760107, PMC5799305, PMC5815252, PMC5836516, PMC5864864, PMC5866536, PMC5897363, PMC5929384, PMC5940246, PMC5976527, PMC6059467, PMC6200811, PMC6268574, PMC6454603, PMC6547911, PMC6621971, PMC6726780, PMC6892624, PMC6943172, PMC6960141, PMC7035466, PMC7063113, PMC7126853, PMC7226952, PMC7325470, PMC7497224, PMC7583932, PMC7662559, PMC7795342, PMC7823216, PMC7824804, PMC7827370, PMC7927270, PMC8070793, PMC8074041, PMC8143410, PMC8163552, PMC8176923, PMC8264587, PMC8279472, PMC8294323, PMC8386542, PMC8473681, PMC8636194, PMC8718515, PMC8923121, PMC9019633, PMC9025264, PMC9075632, PMC9324481, PMC9410837, PMC9513582, PMC9534818, PMC9544816, PMC9576521, PMC9674924, PMC9898909, PMC9922942",62.52,60.45,52.2,45.8,104,2404,11,97,782.0,842.0,804.0,865.0,forward,reverse_complement,3,4,4,,"PMC10375149,PMC10834803,PMC10933546,PMC11668009,PMC5980348,PMC6091234,PMC8253254,PMC9116420,PMC9673965,PMC9718183,PMC9902321","PMC10072111,PMC10122309,PMC10597467,PMC10798563,PMC10861823,PMC10952994,PMC11055558,PMC11186637,PMC11239810,PMC11487550,PMC11763583,PMC11982544,PMC12048997,PMC2212025,PMC2691956,PMC2848020,PMC3116916,PMC3174963,PMC3701681,PMC3782044,PMC3930092,PMC4009731,PMC4155410,PMC4275388,PMC4312504,PMC4316187,PMC4450756,PMC4477963,PMC4495563,PMC4709561,PMC4976526,PMC5329177,PMC5352199,PMC5438602,PMC5494067,PMC5548869,PMC5605431,PMC5626405,PMC5742144,PMC5760107,PMC5799305,PMC5815252,PMC5836516,PMC5864864,PMC5866536,PMC5897363,PMC5929384,PMC5940246,PMC5976527,PMC6059467,PMC6200811,PMC6268574,PMC6454603,PMC6547911,PMC6621971,PMC6726780,PMC6892624,PMC6943172,PMC6960141,PMC7035466,PMC7063113,PMC7126853,PMC7226952,PMC7325470,PMC7497224,PMC7583932,PMC7662559,PMC7795342,PMC7823216,PMC7824804,PMC7827370,PMC7927270,PMC8070793,PMC8074041,PMC8143410,PMC8163552,PMC8176923,PMC8264587,PMC8279472,PMC8294323,PMC8386542,PMC8473681,PMC8636194,PMC8718515,PMC8923121,PMC9019633,PMC9025264,PMC9075632,PMC9324481,PMC9410837,PMC9513582,PMC9534818,PMC9544816,PMC9576521,PMC9674924,PMC9898909,PMC9922942",,0,0,97,11,0,,,,,,,,,,,,,,,,,,,,,,0.5326806789135416,0.8349999999999997,0.30999999999999994,57.88403394567706
GCCTTTGAAGAACTCACAGGTGG,CAGGAGTCAGGGTACTCCCA,IL12B,IL12B,"Il12b (3), IL-12 (2), Il-12 (2), Ccl5 (1), Ifng (1), Il-12p40 (1), TNF (1), Tnfa (1)","IL-12 (4), IL-12p40 (2), IL-12B (1), IL-12b (1), IL12b (1), Ifng (1), Il12 (1), Il12b (1), NM-022611.1 (1), REAGENT (1), mus (1)",0.33,0.87,13,17,"PMC10375149, PMC10834803, PMC10933546, PMC11668009, PMC5980348, PMC6091234, PMC8253254, PMC9116420, PMC9673965, PMC9718183, PMC9902321","PMC10458163, PMC10643921, PMC11128112, PMC11363845, PMC11413701, PMC11955453, PMC11990213, PMC4014502, PMC5062839, PMC5859022, PMC5948771, PMC6205598, PMC7156681, PMC7187533, PMC7547440, PMC9212208, PMC9727083",62.52,60.63,52.2,60.0,104,303,11,17,782.0,813.0,804.0,832.0,forward,reverse_complement,3,5,4,,"PMC10375149,PMC10834803,PMC10933546,PMC11668009,PMC5980348,PMC6091234,PMC8253254,PMC9116420,PMC9673965,PMC9718183,PMC9902321","PMC11128112,PMC11990213,PMC5948771,PMC7547440,PMC9727083","PMC10458163,PMC10643921,PMC11363845,PMC11413701,PMC11955453,PMC4014502,PMC5062839,PMC5859022,PMC6205598,PMC7156681,PMC7187533,PMC9212208",0,0,5,11,12,,,,,,,,,,,,,,,,,,,,,,0.31322530879568106,0.783333333333333,0.3699999999999998,46.56126543978404
GCCTTTGAAGAACTCACAGGTGG,TACTCCCAGCTGACCTCCAC,IL12B,IL12B,"Il12b (3), IL-12 (2), Il-12 (2), Ccl5 (1), Ifng (1), Il-12p40 (1), TNF (1), Tnfa (1)","Mouse (2), IL-12p40 (1), Interleukin (1), VEGFa (1)",0.33,0.004,13,11,"PMC10375149, PMC10834803, PMC10933546, PMC11668009, PMC5980348, PMC6091234, PMC8253254, PMC9116420, PMC9673965, PMC9718183, PMC9902321","PMC11087979, PMC3246787, PMC3390375, PMC3973661, PMC4157812, PMC4735956, PMC5118818, PMC6340868, PMC6423659, PMC8229285, PMC8321543",62.52,61.28,52.2,60.0,104,150,11,11,782.0,801.0,804.0,820.0,forward,reverse_complement,3,6,4,,"PMC10375149,PMC10834803,PMC10933546,PMC11668009,PMC5980348,PMC6091234,PMC8253254,PMC9116420,PMC9673965,PMC9718183,PMC9902321","PMC3246787,PMC3390375,PMC3973661,PMC4157812,PMC4735956,PMC5118818,PMC6340868,PMC6423659,PMC8229285,PMC8321543",PMC11087979,0,0,10,11,1,,,,,,,,,,,,,,,,,,,,,,0.32975381743372256,0.747222222222222,0.586666666666666,50.637690871686104
