f_sequence,r_sequence,f_author_gene_list,r_author_gene_list,f_evalue,r_evalue,f_Occurrence_Count,r_Occurrence_Count,f_pmcid_list,r_pmcid_list,f_Citation_Count,r_Citation_Count,f_gene1,r_gene1,f_start,r_start,f_end,r_end,f_orientation,r_orientation,f_gene,r_gene,f_Tm_C,r_Tm_C,f_GC_pct,r_GC_pct,f_pmcid_count,r_pmcid_count,f_self_comp,r_self_comp,pair_comp,f_cross_specificity_0,f_cross_specificity_0_seq,r_cross_specificity_0,r_cross_specificity_0_seq,f_cross_specificity_1,f_cross_specificity_1_seq,r_cross_specificity_1,r_cross_specificity_1_seq,f_cross_specificity_2,f_cross_specificity_2_seq,r_cross_specificity_2,r_cross_specificity_2_seq,f_cross_specificity_3,f_cross_specificity_3_seq,r_cross_specificity_3,r_cross_specificity_3_seq,f_cross_specificity_4,f_cross_specificity_4_seq,r_cross_specificity_4,r_cross_specificity_4_seq,f_reg_pmcid_list,f_inv_pmcid_list,r_reg_pmcid_list,r_inv_pmcid_list,f_reg_pmcid_count,f_inv_pmcid_count,r_reg_pmcid_count,r_inv_pmcid_count,pair_shared_pmcid_list,pair_shared_pmcid_count,evidence_score,biophysics_score,synergy_score,pickr_score,percentile
GCCCTTTGGTGACTTTATGGA,GCAGCAGGTTGTCTTGGATG,"NM_138711.3 (1) (1), PPAR (5) (1), PPAR- (2) (1), Pgc1 (1) (1), Ppar (7) (1), Pparg (2) (1), mPPAR (2) (1), mPpar (1) (1), mouse (1) (1)","Genes (1) (1), Pgc1 (1) (1), Ppar (1) (1), Pparg (2) (1), QuantStudio (1) (1), STAT3 (1) (1), mPPAR (1) (1), mPpar (1) (1)",0.28,0.014,30,22," PMC10101473, PMC10847776, PMC11050939, PMC11379552, PMC3869817, PMC5004166, PMC5069891, PMC5220235, PMC5390288, PMC5405222, PMC5446408, PMC5690675, PMC5864908, PMC6341617, PMC6344515, PMC6717738, PMC7469612, PMC7698077, PMC8282975, PMC8422764, PMC8512635, PMC8876799, PMC9223635,PMC10045306,PMC10133315,PMC10519831,PMC10721148,PMC5390288,PMC7033117,PMC7782823"," PMC10847776, PMC11379552, PMC3869817, PMC5004166, PMC5069891, PMC5405222, PMC5446408, PMC5864908, PMC6341617, PMC6344515, PMC6717738, PMC7469612, PMC7698077, PMC8282975, PMC8422764, PMC8512635, PMC8876799, PMC9223635, PMC9410860,PMC10101473,PMC10133315,PMC10721148",116.0,28.0,XM_063285619.1,XM_063285619.1,441.0,591.0,461.0,610.0,forward,reverse_complement,Pparg,Pparg,58.86,60.12,47.6,55.0,30,22,2,2,3,,,,,,,,,,,,,,,,,,,,,"PMC10045306,PMC10101473,PMC10133315,PMC10519831,PMC10721148,PMC10847776,PMC11050939,PMC11379552,PMC3869817,PMC5004166,PMC5069891,PMC5220235,PMC5390288,PMC5405222,PMC5446408,PMC5690675,PMC5864908,PMC6341617,PMC6344515,PMC6717738,PMC7033117,PMC7469612,PMC7698077,PMC7782823,PMC8282975,PMC8422764,PMC8512635,PMC8876799,PMC9223635",,"PMC10101473,PMC10133315,PMC10721148,PMC10847776,PMC11379552,PMC3869817,PMC5004166,PMC5069891,PMC5405222,PMC5446408,PMC5864908,PMC6341617,PMC6344515,PMC6717738,PMC7469612,PMC7698077,PMC8282975,PMC8422764,PMC8512635,PMC8876799,PMC9223635,PMC9410860",,29,0,22,0,"PMC10101473,PMC10133315,PMC10721148,PMC10847776,PMC11379552,PMC3869817,PMC5004166,PMC5069891,PMC5405222,PMC5446408,PMC5864908,PMC6341617,PMC6344515,PMC6717738,PMC7469612,PMC7698077,PMC8282975,PMC8422764,PMC8512635,PMC8876799,PMC9223635",21,1.0,0.9300000000000002,0.5800000000000007,89.50000000000003,98.48580147216607
CGAAACTGGCACCCTTGAAA,GAGAGGTCCACAGAGCTGATT,"GAPDH (1) (1), GenBank (1) (1), PPAR (2) (1), PPARG (2) (1), PRDM16 (1) (1), Pparg (5) (1), TNFAIP6 (1) (1)","Backward (1) (1), CD206 (1) (1), Cebp (1) (1), Cebpa (1) (1), Cfd (1) (1), Ctsk (1) (1), Data (1) (1), EBP (1) (1), EPOR (1) (1), FABP4 (1) (1), Fabp4 (1) (1), Fas (1) (1), GACTTCAGCCCC (1) (1), GAT (1) (1), Gene (2) (1), Genes (1) (1), Hdac7 (1) (1), M-PPAR (2) (1), Mouse (3) (1), NM_001127330 (1) (1), PPAR (12) (1), PPAR- (5) (1), PPARG (3) (1), PPARG2 (1) (1), PPARg (1) (1), PPARr2 (1) (1), Ppar- (3) (1), Ppar-g (1) (1), Pparg (29) (1), Pparg-R (2) (1), Pparg2 (5) (1), Pparg2-R (1) (1), Ppargamma (1) (1), Ppparg2 (1) (1), R-5 (1) (1), Runx2-R (1) (1), TCGCTGATGCACTGC (1) (1), Zfp521 (1) (1), mPPAR (2) (1), mouse (2) (1), peroxisome (1) (1), ppar (1) (1), pparg (1) (1)",3.5,1.1,22,191," PMC10681981, PMC11243132, PMC11311695, PMC11515845, PMC11616088, PMC11718191, PMC12048464, PMC2797501, PMC5720470, PMC5802225, PMC5852707, PMC5867560, PMC6059708, PMC6601404, PMC7738680, PMC7746456, PMC7801586, PMC8610369, PMC9262558, PMC9636197, PMC9707038,PMC10487817"," PMC10033317, PMC10158218, PMC10197897, PMC10238510, PMC10284622, PMC10338905, PMC10449610, PMC10544195, PMC10704432, PMC10844047, PMC10864868, PMC10876302, PMC11046877, PMC11063945, PMC11148282, PMC11184087, PMC11233932, PMC11253886, PMC11277109, PMC11288106, PMC11294031, PMC11335861, PMC11345305, PMC11401225, PMC11404087, PMC11416408, PMC11481385, PMC11492321, PMC11550531, PMC11570976, PMC11600633, PMC11632295, PMC11748973, PMC11782863, PMC11798734, PMC11799339, PMC11967773, PMC11973390, PMC11980105, PMC12020889, PMC12102944, PMC3066210, PMC3503535, PMC3567081, PMC3589443, PMC3594079, PMC3750626, PMC4062480, PMC4139062, PMC4281391, PMC4342021, PMC4358885, PMC4404155, PMC4517749, PMC4558122, PMC4595909, PMC4978386, PMC5037922, PMC5143777, PMC5288653, PMC5400528, PMC5420449, PMC5423412, PMC5471235, PMC5490270, PMC5535886, PMC5665938, PMC5667933, PMC5670231, PMC5675695, PMC5676986, PMC5678092, PMC5701004, PMC5770450, PMC5859022, PMC5893555, PMC5935725, PMC5952356, PMC5986490, PMC6051667, PMC6062601, PMC6124163, PMC6157474, PMC6224457, PMC6270775, PMC6317813, PMC6356276, PMC6370809, PMC6437600, PMC6519991, PMC6528359, PMC6535786, PMC6610100, PMC6651838, PMC6668797, PMC6732310, PMC6746433, PMC6768057, PMC6832161, PMC6875017, PMC6885157, PMC6885226, PMC6907062, PMC6915940, PMC7017059, PMC7072197, PMC7211001, PMC7214468, PMC7294158, PMC7380279, PMC7385159, PMC7492893, PMC7515928, PMC7589760, PMC7689817, PMC7738482, PMC7768082, PMC7829353, PMC7955518, PMC7979882, PMC7990545, PMC8076604, PMC8187789, PMC8209477, PMC8209492, PMC8311225, PMC8322846, PMC8505974, PMC8528721, PMC8538474, PMC8608845, PMC8654480, PMC8667404, PMC8671298, PMC8728525, PMC8741290, PMC8741355, PMC8809606, PMC8866150, PMC8867119, PMC8898895, PMC8903613, PMC8933454, PMC8965489, PMC9050107, PMC9064292, PMC9101191, PMC9119859, PMC9130445, PMC9188085, PMC9194453, PMC9204983, PMC9207532, PMC9351573, PMC9368982, PMC9428460, PMC9533627, PMC9554467, PMC9742564,PMC10002255,PMC10564795,PMC10663734,PMC10765379,PMC11325268,PMC11693572,PMC12075589,PMC3594079,PMC5113048,PMC5288653,PMC5425620,PMC6317813,PMC6981200,PMC7732485,PMC7761942,PMC8387336,PMC8481296,PMC8693044,PMC9254126,PMC9270398,PMC9404394,PMC9665029,PMC9883500,PMC9910603",0.0,692.0,XM_063285619.1,XM_039107130.2,211.0,367.0,230.0,387.0,forward,reverse_complement,Pparg,Pparg,59.62,59.83,50.0,52.4,22,183,2,4,3,,,,,,,,,,,,,,,,,,,,,"PMC10487817,PMC10681981,PMC11515845,PMC11616088,PMC11718191,PMC5720470,PMC5852707,PMC5867560,PMC6059708,PMC7746456,PMC7801586,PMC8610369,PMC9707038","PMC11243132,PMC11311695,PMC12048464,PMC2797501,PMC5802225,PMC6601404,PMC7738680,PMC9262558,PMC9636197","PMC10002255,PMC10033317,PMC10158218,PMC10197897,PMC10238510,PMC10284622,PMC10338905,PMC10449610,PMC10544195,PMC10564795,PMC10663734,PMC10704432,PMC10765379,PMC10844047,PMC10864868,PMC10876302,PMC11046877,PMC11063945,PMC11148282,PMC11184087,PMC11233932,PMC11253886,PMC11277109,PMC11288106,PMC11294031,PMC11325268,PMC11335861,PMC11345305,PMC11401225,PMC11404087,PMC11416408,PMC11481385,PMC11492321,PMC11550531,PMC11570976,PMC11600633,PMC11632295,PMC11693572,PMC11748973,PMC11782863,PMC11798734,PMC11799339,PMC11967773,PMC11973390,PMC11980105,PMC12020889,PMC12075589,PMC12102944,PMC3066210,PMC3503535,PMC3567081,PMC3589443,PMC3594079,PMC3750626,PMC4062480,PMC4139062,PMC4281391,PMC4342021,PMC4358885,PMC4404155,PMC4517749,PMC4558122,PMC4595909,PMC4978386,PMC5037922,PMC5113048,PMC5143777,PMC5288653,PMC5400528,PMC5420449,PMC5423412,PMC5425620,PMC5471235,PMC5490270,PMC5535886,PMC5665938,PMC5667933,PMC5670231,PMC5675695,PMC5676986,PMC5678092,PMC5701004,PMC5770450,PMC5859022,PMC5893555,PMC5935725,PMC5952356,PMC5986490,PMC6051667,PMC6062601,PMC6124163,PMC6157474,PMC6224457,PMC6270775,PMC6317813,PMC6356276,PMC6370809,PMC6437600,PMC6519991,PMC6528359,PMC6535786,PMC6610100,PMC6651838,PMC6668797,PMC6732310,PMC6746433,PMC6768057,PMC6832161,PMC6875017,PMC6885157,PMC6885226,PMC6907062,PMC6915940,PMC6981200,PMC7017059,PMC7072197,PMC7211001,PMC7214468,PMC7294158,PMC7380279,PMC7385159,PMC7492893,PMC7515928,PMC7589760,PMC7689817,PMC7732485,PMC7738482,PMC7761942,PMC7768082,PMC7829353,PMC7955518,PMC7979882,PMC7990545,PMC8076604,PMC8187789,PMC8209477,PMC8209492,PMC8311225,PMC8322846,PMC8387336,PMC8481296,PMC8505974,PMC8528721,PMC8538474,PMC8608845,PMC8654480,PMC8667404,PMC8671298,PMC8693044,PMC8728525,PMC8741290,PMC8741355,PMC8809606,PMC8866150,PMC8867119,PMC8898895,PMC8903613,PMC8933454,PMC8965489,PMC9050107,PMC9064292,PMC9101191,PMC9119859,PMC9130445,PMC9188085,PMC9194453,PMC9204983,PMC9207532,PMC9254126,PMC9270398,PMC9351573,PMC9368982,PMC9404394,PMC9428460,PMC9533627,PMC9554467,PMC9665029,PMC9742564,PMC9883500,PMC9910603",,13,9,180,0,,0,0.6581870742808588,0.9694444444444442,0.9299999999999997,80.59268704737626,94.66766619706183
GTAATCAGCAACCATTGGGTCA,TCGCACTTTGGTATTCTTGGAG,"Ap2 (1) (1), BIRC5 (1) (1), Cebpa (1) (1), EBP- (1) (1), GAPDH (1) (1), Gene (3) (1), Gsy (1) (1), House (1) (1), Mouse (2) (1), Mouse-Pparg (1) (1), PPAR (6) (1), PPAR- (7) (1), PPARG (1) (1), Ppar (1) (1), Pparg (10) (1), Pparg-Reverse (1) (1), Rev-5 (1) (1), Species (1) (1), Supplementary (1) (1), TCA (1) (1), mPPAR (1) (1), pparg (1) (1)","Actin (1) (1), CCTT-3 (1) (1), GAPDH (1) (1), GLUT4 (1) (1), Mouse (1) (1), NCBI (1) (1), PPAR (5) (1), PPAR- (2) (1), PPARg (2) (1), PPARgamma (1) (1), Ppar (1) (1), Pparg (6) (1), Pparg-F (1) (1), mPPAR (1) (1), mouse (3) (1)",5.2,5.2,106,46," PMC10293773, PMC10391670, PMC10457376, PMC10493026, PMC10574348, PMC10584668, PMC10640650, PMC10800963, PMC10894491, PMC10909856, PMC10915961, PMC10991688, PMC11005727, PMC11101575, PMC11109229, PMC11233315, PMC11332326, PMC11344058, PMC11386124, PMC11425883, PMC11474195, PMC11655665, PMC11770550, PMC11774659, PMC11859973, PMC11867264, PMC11982689, PMC11999940, PMC12012053, PMC12024758, PMC3407732, PMC3735638, PMC3855865, PMC3867350, PMC4121249, PMC4210202, PMC4910150, PMC4946221, PMC5442466, PMC5504166, PMC5523402, PMC5603714, PMC5647083, PMC5706914, PMC5725107, PMC5748791, PMC5779969, PMC5827540, PMC6079550, PMC6111843, PMC6203291, PMC6289418, PMC6515168, PMC6689118, PMC6701280, PMC6764825, PMC6804931, PMC6915940, PMC6917501, PMC6970010, PMC7111262, PMC7113529, PMC7143820, PMC7183135, PMC7214697, PMC7215208, PMC7304222, PMC7381423, PMC7412000, PMC7583302, PMC7760913, PMC7790590, PMC7875896, PMC8022418, PMC8087947, PMC8229661, PMC8430495, PMC8433026, PMC8447755, PMC8527580, PMC8529953, PMC8666036, PMC8688932, PMC9175488, PMC9276046, PMC9311567, PMC9533627, PMC9758429, PMC9818778, PMC9861916,PMC10011519,PMC10073093,PMC10435624,PMC10591066,PMC10844594,PMC10864892,PMC11601902,PMC12087948,PMC12219764,PMC5113048,PMC6289418,PMC7613867,PMC7615526,PMC8055204"," PMC10439784, PMC10706267, PMC10708053, PMC10708223, PMC11547266, PMC11548234, PMC11744575, PMC11827246, PMC2644643, PMC2654925, PMC3012170, PMC3040184, PMC3262812, PMC4550358, PMC4917844, PMC5459794, PMC5549899, PMC5691754, PMC5852494, PMC5852707, PMC5870114, PMC6037667, PMC6317813, PMC6340891, PMC6628038, PMC7183135, PMC7238871, PMC7657391, PMC7714571, PMC8034456, PMC8394237, PMC8485121, PMC9013079, PMC9207017, PMC9859061,PMC10415798,PMC10433434,PMC10686244,PMC2644643,PMC3012170,PMC6317813,PMC8012525,PMC8891301,PMC9744749",173.0,250.0,XM_039107130.2,XM_039107130.2,493.0,530.0,514.0,551.0,forward,reverse_complement,Pparg,Pparg,59.58,59.32,45.5,45.5,104,44,3,2,4,,,,,,,,,,,,,,,,,,,,,"PMC10011519,PMC10073093,PMC10293773,PMC10391670,PMC10435624,PMC10457376,PMC10493026,PMC10574348,PMC10584668,PMC10591066,PMC10640650,PMC10800963,PMC10844594,PMC10864892,PMC10894491,PMC10909856,PMC10915961,PMC10991688,PMC11005727,PMC11101575,PMC11109229,PMC11233315,PMC11332326,PMC11344058,PMC11386124,PMC11425883,PMC11474195,PMC11601902,PMC11655665,PMC11770550,PMC11774659,PMC11859973,PMC11867264,PMC11982689,PMC11999940,PMC12012053,PMC12024758,PMC12087948,PMC12219764,PMC3407732,PMC3735638,PMC3855865,PMC3867350,PMC4121249,PMC4210202,PMC4910150,PMC4946221,PMC5113048,PMC5442466,PMC5504166,PMC5523402,PMC5603714,PMC5647083,PMC5706914,PMC5725107,PMC5748791,PMC5779969,PMC5827540,PMC6079550,PMC6111843,PMC6203291,PMC6289418,PMC6515168,PMC6689118,PMC6701280,PMC6764825,PMC6804931,PMC6915940,PMC6917501,PMC6970010,PMC7111262,PMC7113529,PMC7143820,PMC7183135,PMC7214697,PMC7304222,PMC7381423,PMC7412000,PMC7583302,PMC7613867,PMC7615526,PMC7760913,PMC7790590,PMC7875896,PMC8022418,PMC8055204,PMC8087947,PMC8229661,PMC8430495,PMC8433026,PMC8447755,PMC8527580,PMC8529953,PMC8666036,PMC8688932,PMC9175488,PMC9276046,PMC9311567,PMC9533627,PMC9758429,PMC9818778,PMC9861916",PMC7215208,"PMC10433434,PMC10706267,PMC10708053,PMC11547266,PMC11548234,PMC11744575,PMC2644643,PMC2654925,PMC3012170,PMC3040184,PMC3262812,PMC5691754,PMC5870114,PMC6037667,PMC6340891,PMC6628038,PMC7238871,PMC8034456,PMC8485121,PMC8891301,PMC9744749","PMC10415798,PMC10439784,PMC10686244,PMC10708223,PMC11827246,PMC4550358,PMC4917844,PMC5459794,PMC5549899,PMC5852494,PMC5852707,PMC6317813,PMC7183135,PMC7657391,PMC7714571,PMC8012525,PMC8394237,PMC9013079,PMC9207017,PMC9859061",102,1,21,20,,0,0.6830899408880002,0.9388888888888889,0.913333333333334,80.58783037773335,94.66439296992459
GTAATCAGCAACCATTGGGTCA,GCAGCAGGTTGTCTTGGATG,"Ap2 (1) (1), BIRC5 (1) (1), Cebpa (1) (1), EBP- (1) (1), GAPDH (1) (1), Gene (3) (1), Gsy (1) (1), House (1) (1), Mouse (2) (1), Mouse-Pparg (1) (1), PPAR (6) (1), PPAR- (7) (1), PPARG (1) (1), Ppar (1) (1), Pparg (10) (1), Pparg-Reverse (1) (1), Rev-5 (1) (1), Species (1) (1), Supplementary (1) (1), TCA (1) (1), mPPAR (1) (1), pparg (1) (1)","Genes (1) (1), Pgc1 (1) (1), Ppar (1) (1), Pparg (2) (1), QuantStudio (1) (1), STAT3 (1) (1), mPPAR (1) (1), mPpar (1) (1)",5.2,0.014,106,22," PMC10293773, PMC10391670, PMC10457376, PMC10493026, PMC10574348, PMC10584668, PMC10640650, PMC10800963, PMC10894491, PMC10909856, PMC10915961, PMC10991688, PMC11005727, PMC11101575, PMC11109229, PMC11233315, PMC11332326, PMC11344058, PMC11386124, PMC11425883, PMC11474195, PMC11655665, PMC11770550, PMC11774659, PMC11859973, PMC11867264, PMC11982689, PMC11999940, PMC12012053, PMC12024758, PMC3407732, PMC3735638, PMC3855865, PMC3867350, PMC4121249, PMC4210202, PMC4910150, PMC4946221, PMC5442466, PMC5504166, PMC5523402, PMC5603714, PMC5647083, PMC5706914, PMC5725107, PMC5748791, PMC5779969, PMC5827540, PMC6079550, PMC6111843, PMC6203291, PMC6289418, PMC6515168, PMC6689118, PMC6701280, PMC6764825, PMC6804931, PMC6915940, PMC6917501, PMC6970010, PMC7111262, PMC7113529, PMC7143820, PMC7183135, PMC7214697, PMC7215208, PMC7304222, PMC7381423, PMC7412000, PMC7583302, PMC7760913, PMC7790590, PMC7875896, PMC8022418, PMC8087947, PMC8229661, PMC8430495, PMC8433026, PMC8447755, PMC8527580, PMC8529953, PMC8666036, PMC8688932, PMC9175488, PMC9276046, PMC9311567, PMC9533627, PMC9758429, PMC9818778, PMC9861916,PMC10011519,PMC10073093,PMC10435624,PMC10591066,PMC10844594,PMC10864892,PMC11601902,PMC12087948,PMC12219764,PMC5113048,PMC6289418,PMC7613867,PMC7615526,PMC8055204"," PMC10847776, PMC11379552, PMC3869817, PMC5004166, PMC5069891, PMC5405222, PMC5446408, PMC5864908, PMC6341617, PMC6344515, PMC6717738, PMC7469612, PMC7698077, PMC8282975, PMC8422764, PMC8512635, PMC8876799, PMC9223635, PMC9410860,PMC10101473,PMC10133315,PMC10721148",173.0,28.0,XM_039107130.2,XM_063285619.1,493.0,591.0,514.0,610.0,forward,reverse_complement,Pparg,Pparg,59.58,60.12,45.5,55.0,104,22,3,2,5,,,,,,,,,,,,,,,,,,,,,"PMC10011519,PMC10073093,PMC10293773,PMC10391670,PMC10435624,PMC10457376,PMC10493026,PMC10574348,PMC10584668,PMC10591066,PMC10640650,PMC10800963,PMC10844594,PMC10864892,PMC10894491,PMC10909856,PMC10915961,PMC10991688,PMC11005727,PMC11101575,PMC11109229,PMC11233315,PMC11332326,PMC11344058,PMC11386124,PMC11425883,PMC11474195,PMC11601902,PMC11655665,PMC11770550,PMC11774659,PMC11859973,PMC11867264,PMC11982689,PMC11999940,PMC12012053,PMC12024758,PMC12087948,PMC12219764,PMC3407732,PMC3735638,PMC3855865,PMC3867350,PMC4121249,PMC4210202,PMC4910150,PMC4946221,PMC5113048,PMC5442466,PMC5504166,PMC5523402,PMC5603714,PMC5647083,PMC5706914,PMC5725107,PMC5748791,PMC5779969,PMC5827540,PMC6079550,PMC6111843,PMC6203291,PMC6289418,PMC6515168,PMC6689118,PMC6701280,PMC6764825,PMC6804931,PMC6915940,PMC6917501,PMC6970010,PMC7111262,PMC7113529,PMC7143820,PMC7183135,PMC7214697,PMC7304222,PMC7381423,PMC7412000,PMC7583302,PMC7613867,PMC7615526,PMC7760913,PMC7790590,PMC7875896,PMC8022418,PMC8055204,PMC8087947,PMC8229661,PMC8430495,PMC8433026,PMC8447755,PMC8527580,PMC8529953,PMC8666036,PMC8688932,PMC9175488,PMC9276046,PMC9311567,PMC9533627,PMC9758429,PMC9818778,PMC9861916",PMC7215208,"PMC10101473,PMC10133315,PMC10721148,PMC10847776,PMC11379552,PMC3869817,PMC5004166,PMC5069891,PMC5405222,PMC5446408,PMC5864908,PMC6341617,PMC6344515,PMC6717738,PMC7469612,PMC7698077,PMC8282975,PMC8422764,PMC8512635,PMC8876799,PMC9223635,PMC9410860",,102,1,22,0,,0,0.6647935412157503,0.97,0.8200000000000003,78.73967706078751,93.2988972881883
CGCTGATGCACTGCCTATGA,TGGCATCTCTGTGTCAACCATG,"M-Ppar (1) (1), NM_011146 (2) (1), PPAR (15) (1), PPAR- (1) (1), PPAR-r (1) (1), PPARg (1) (1), PPARy (1) (1), Peroxisome (1) (1), Ppar (2) (1), Pparg (1) (1)","Cebp (1) (1), HSL (1) (1), Mouse (3) (1), PPAR (1) (1), PPARg1 (1) (1), Ppar (1) (1), Ppar- (1) (1), Pparg (7) (1), Pparg1 (3) (1), Pparg2 (8) (1), Prdm16 (1) (1), Rarg (1) (1), SREBP1c (1) (1), qP-mmu-Pparg-R (1) (1)",0.87,0.000345,29,63," PMC10482948, PMC3463192, PMC3514219, PMC3536358, PMC3596909, PMC3655946, PMC3672145, PMC3683442, PMC3765709, PMC3797064, PMC3843710, PMC3876074, PMC3976270, PMC4361683, PMC4855278, PMC5039206, PMC5429735, PMC5618579, PMC6093883, PMC6305703, PMC6515133, PMC6562390, PMC6612783, PMC7094326, PMC7146557, PMC8228698,PMC10129420,PMC10569047,PMC11269291"," PMC10212965, PMC10494292, PMC10665956, PMC10813623, PMC10953078, PMC11079528, PMC11344321, PMC12015651, PMC12075709, PMC2987584, PMC3179551, PMC3517475, PMC3600570, PMC3701325, PMC4318146, PMC4415922, PMC4426667, PMC4686834, PMC5472651, PMC5549630, PMC5551894, PMC5552276, PMC5641598, PMC5641601, PMC5727902, PMC5832777, PMC6067065, PMC6167054, PMC6224186, PMC6377366, PMC6963209, PMC6972779, PMC7017160, PMC7033330, PMC7115112, PMC7132097, PMC7603645, PMC8178412, PMC8253743, PMC8929042, PMC9240041, PMC9243428, PMC9409404, PMC9486017, PMC9718766,PMC10148125,PMC10164900,PMC10561838,PMC2987584,PMC3179551,PMC6715529,PMC7059199,PMC8016875,PMC8559675,PMC8979988,PMC9875052",16.0,1397.0,NM_013124.3,XM_039107130.2,137.0,325.0,156.0,346.0,forward,reverse_complement,Pparg,Pparg,61.18,61.54,55.0,50.0,29,56,4,4,5,,,,,,,,,,,,,,,,,,,,,"PMC10129420,PMC10482948,PMC10569047,PMC11269291,PMC3463192,PMC3514219,PMC3536358,PMC3596909,PMC3655946,PMC3672145,PMC3683442,PMC3765709,PMC3797064,PMC3843710,PMC3876074,PMC3976270,PMC4361683,PMC4855278,PMC5039206,PMC5429735,PMC5618579,PMC6093883,PMC6305703,PMC6515133,PMC6562390,PMC6612783,PMC7094326,PMC7146557,PMC8228698",,"PMC10148125,PMC10164900,PMC10212965,PMC10494292,PMC10561838,PMC10665956,PMC10813623,PMC10953078,PMC11079528,PMC11344321,PMC12015651,PMC12075709,PMC2987584,PMC3179551,PMC3517475,PMC3600570,PMC3701325,PMC4318146,PMC4415922,PMC4426667,PMC4686834,PMC5472651,PMC5549630,PMC5551894,PMC5552276,PMC5641598,PMC5641601,PMC5727902,PMC5832777,PMC6067065,PMC6167054,PMC6224186,PMC6377366,PMC6715529,PMC6963209,PMC6972779,PMC7017160,PMC7033330,PMC7059199,PMC7115112,PMC7132097,PMC7603645,PMC8016875,PMC8178412,PMC8253743,PMC8559675,PMC8929042,PMC8979988,PMC9240041,PMC9243428,PMC9409404,PMC9486017,PMC9718766,PMC9875052",,29,0,54,0,,0,0.6344955745179786,0.8488888888888888,0.8800000000000002,74.7914453925656,89.49605594152177
CGCTGATGCACTGCCTATGA,GAGAGGTCCACAGAGCTGATT,"M-Ppar (1) (1), NM_011146 (2) (1), PPAR (15) (1), PPAR- (1) (1), PPAR-r (1) (1), PPARg (1) (1), PPARy (1) (1), Peroxisome (1) (1), Ppar (2) (1), Pparg (1) (1)","Backward (1) (1), CD206 (1) (1), Cebp (1) (1), Cebpa (1) (1), Cfd (1) (1), Ctsk (1) (1), Data (1) (1), EBP (1) (1), EPOR (1) (1), FABP4 (1) (1), Fabp4 (1) (1), Fas (1) (1), GACTTCAGCCCC (1) (1), GAT (1) (1), Gene (2) (1), Genes (1) (1), Hdac7 (1) (1), M-PPAR (2) (1), Mouse (3) (1), NM_001127330 (1) (1), PPAR (12) (1), PPAR- (5) (1), PPARG (3) (1), PPARG2 (1) (1), PPARg (1) (1), PPARr2 (1) (1), Ppar- (3) (1), Ppar-g (1) (1), Pparg (29) (1), Pparg-R (2) (1), Pparg2 (5) (1), Pparg2-R (1) (1), Ppargamma (1) (1), Ppparg2 (1) (1), R-5 (1) (1), Runx2-R (1) (1), TCGCTGATGCACTGC (1) (1), Zfp521 (1) (1), mPPAR (2) (1), mouse (2) (1), peroxisome (1) (1), ppar (1) (1), pparg (1) (1)",0.87,1.1,29,191," PMC10482948, PMC3463192, PMC3514219, PMC3536358, PMC3596909, PMC3655946, PMC3672145, PMC3683442, PMC3765709, PMC3797064, PMC3843710, PMC3876074, PMC3976270, PMC4361683, PMC4855278, PMC5039206, PMC5429735, PMC5618579, PMC6093883, PMC6305703, PMC6515133, PMC6562390, PMC6612783, PMC7094326, PMC7146557, PMC8228698,PMC10129420,PMC10569047,PMC11269291"," PMC10033317, PMC10158218, PMC10197897, PMC10238510, PMC10284622, PMC10338905, PMC10449610, PMC10544195, PMC10704432, PMC10844047, PMC10864868, PMC10876302, PMC11046877, PMC11063945, PMC11148282, PMC11184087, PMC11233932, PMC11253886, PMC11277109, PMC11288106, PMC11294031, PMC11335861, PMC11345305, PMC11401225, PMC11404087, PMC11416408, PMC11481385, PMC11492321, PMC11550531, PMC11570976, PMC11600633, PMC11632295, PMC11748973, PMC11782863, PMC11798734, PMC11799339, PMC11967773, PMC11973390, PMC11980105, PMC12020889, PMC12102944, PMC3066210, PMC3503535, PMC3567081, PMC3589443, PMC3594079, PMC3750626, PMC4062480, PMC4139062, PMC4281391, PMC4342021, PMC4358885, PMC4404155, PMC4517749, PMC4558122, PMC4595909, PMC4978386, PMC5037922, PMC5143777, PMC5288653, PMC5400528, PMC5420449, PMC5423412, PMC5471235, PMC5490270, PMC5535886, PMC5665938, PMC5667933, PMC5670231, PMC5675695, PMC5676986, PMC5678092, PMC5701004, PMC5770450, PMC5859022, PMC5893555, PMC5935725, PMC5952356, PMC5986490, PMC6051667, PMC6062601, PMC6124163, PMC6157474, PMC6224457, PMC6270775, PMC6317813, PMC6356276, PMC6370809, PMC6437600, PMC6519991, PMC6528359, PMC6535786, PMC6610100, PMC6651838, PMC6668797, PMC6732310, PMC6746433, PMC6768057, PMC6832161, PMC6875017, PMC6885157, PMC6885226, PMC6907062, PMC6915940, PMC7017059, PMC7072197, PMC7211001, PMC7214468, PMC7294158, PMC7380279, PMC7385159, PMC7492893, PMC7515928, PMC7589760, PMC7689817, PMC7738482, PMC7768082, PMC7829353, PMC7955518, PMC7979882, PMC7990545, PMC8076604, PMC8187789, PMC8209477, PMC8209492, PMC8311225, PMC8322846, PMC8505974, PMC8528721, PMC8538474, PMC8608845, PMC8654480, PMC8667404, PMC8671298, PMC8728525, PMC8741290, PMC8741355, PMC8809606, PMC8866150, PMC8867119, PMC8898895, PMC8903613, PMC8933454, PMC8965489, PMC9050107, PMC9064292, PMC9101191, PMC9119859, PMC9130445, PMC9188085, PMC9194453, PMC9204983, PMC9207532, PMC9351573, PMC9368982, PMC9428460, PMC9533627, PMC9554467, PMC9742564,PMC10002255,PMC10564795,PMC10663734,PMC10765379,PMC11325268,PMC11693572,PMC12075589,PMC3594079,PMC5113048,PMC5288653,PMC5425620,PMC6317813,PMC6981200,PMC7732485,PMC7761942,PMC8387336,PMC8481296,PMC8693044,PMC9254126,PMC9270398,PMC9404394,PMC9665029,PMC9883500,PMC9910603",16.0,692.0,NM_013124.3,XM_039107130.2,137.0,367.0,156.0,387.0,forward,reverse_complement,Pparg,Pparg,61.18,59.83,55.0,52.4,29,183,4,4,3,,,,,,,,,,,,,,,,,,,,,"PMC10129420,PMC10482948,PMC10569047,PMC11269291,PMC3463192,PMC3514219,PMC3536358,PMC3596909,PMC3655946,PMC3672145,PMC3683442,PMC3765709,PMC3797064,PMC3843710,PMC3876074,PMC3976270,PMC4361683,PMC4855278,PMC5039206,PMC5429735,PMC5618579,PMC6093883,PMC6305703,PMC6515133,PMC6562390,PMC6612783,PMC7094326,PMC7146557,PMC8228698",,"PMC10002255,PMC10033317,PMC10158218,PMC10197897,PMC10238510,PMC10284622,PMC10338905,PMC10449610,PMC10544195,PMC10564795,PMC10663734,PMC10704432,PMC10765379,PMC10844047,PMC10864868,PMC10876302,PMC11046877,PMC11063945,PMC11148282,PMC11184087,PMC11233932,PMC11253886,PMC11277109,PMC11288106,PMC11294031,PMC11325268,PMC11335861,PMC11345305,PMC11401225,PMC11404087,PMC11416408,PMC11481385,PMC11492321,PMC11550531,PMC11570976,PMC11600633,PMC11632295,PMC11693572,PMC11748973,PMC11782863,PMC11798734,PMC11799339,PMC11967773,PMC11973390,PMC11980105,PMC12020889,PMC12075589,PMC12102944,PMC3066210,PMC3503535,PMC3567081,PMC3589443,PMC3594079,PMC3750626,PMC4062480,PMC4139062,PMC4281391,PMC4342021,PMC4358885,PMC4404155,PMC4517749,PMC4558122,PMC4595909,PMC4978386,PMC5037922,PMC5113048,PMC5143777,PMC5288653,PMC5400528,PMC5420449,PMC5423412,PMC5425620,PMC5471235,PMC5490270,PMC5535886,PMC5665938,PMC5667933,PMC5670231,PMC5675695,PMC5676986,PMC5678092,PMC5701004,PMC5770450,PMC5859022,PMC5893555,PMC5935725,PMC5952356,PMC5986490,PMC6051667,PMC6062601,PMC6124163,PMC6157474,PMC6224457,PMC6270775,PMC6317813,PMC6356276,PMC6370809,PMC6437600,PMC6519991,PMC6528359,PMC6535786,PMC6610100,PMC6651838,PMC6668797,PMC6732310,PMC6746433,PMC6768057,PMC6832161,PMC6875017,PMC6885157,PMC6885226,PMC6907062,PMC6915940,PMC6981200,PMC7017059,PMC7072197,PMC7211001,PMC7214468,PMC7294158,PMC7380279,PMC7385159,PMC7492893,PMC7515928,PMC7589760,PMC7689817,PMC7732485,PMC7738482,PMC7761942,PMC7768082,PMC7829353,PMC7955518,PMC7979882,PMC7990545,PMC8076604,PMC8187789,PMC8209477,PMC8209492,PMC8311225,PMC8322846,PMC8387336,PMC8481296,PMC8505974,PMC8528721,PMC8538474,PMC8608845,PMC8654480,PMC8667404,PMC8671298,PMC8693044,PMC8728525,PMC8741290,PMC8741355,PMC8809606,PMC8866150,PMC8867119,PMC8898895,PMC8903613,PMC8933454,PMC8965489,PMC9050107,PMC9064292,PMC9101191,PMC9119859,PMC9130445,PMC9188085,PMC9194453,PMC9204983,PMC9207532,PMC9254126,PMC9270398,PMC9351573,PMC9368982,PMC9404394,PMC9428460,PMC9533627,PMC9554467,PMC9665029,PMC9742564,PMC9883500,PMC9910603",,29,0,180,0,,0,0.7064902106904276,0.9249999999999998,0.5499999999999996,74.07451053452137,88.66390099204082
AGAGGTCCACAGAGCTGATTCC,GCAGCAGGTTGTCTTGGATGT,"AGAGGTCCA (1) (1), Chst11 (1) (1), FAS (1) (1), GCTGATTCC-3 (1) (1), Gene (2) (1), M-Ppar (1) (1), PPAR (3) (1), PPAR-r (1) (1), PPARG (1) (1), PPARG1 (1) (1), PPARG2 (1) (1), Peroxisome (2) (1), Pparg (6) (1), Pparg1 (2) (1), Pparg2 (2) (1), R-5 (1) (1), The (1) (1), hPPAR (1) (1), v71_mPPARg1_R (1) (1)","AY243585 (1) (1), For (1) (1), Gene (2) (1), Leptin (1) (1), PPAR (2) (1), PPAR- (2) (1), Pparg (1) (1), Sigma (1) (1)",1.3,0.018,61,32," PMC10482948, PMC10932199, PMC11948036, PMC2670277, PMC3383997, PMC3463192, PMC3514219, PMC3536358, PMC3596909, PMC3655946, PMC3672145, PMC3683442, PMC3765709, PMC3843710, PMC3876074, PMC3934724, PMC3976270, PMC4133603, PMC4643498, PMC4855278, PMC5039206, PMC5429735, PMC5468488, PMC5542270, PMC5618579, PMC6054211, PMC6075146, PMC6093883, PMC6113930, PMC6189690, PMC6305703, PMC6515133, PMC6516146, PMC6562390, PMC6719206, PMC7094326, PMC7146557, PMC7151757, PMC7406041, PMC7917964, PMC8228698, PMC8827147, PMC9841012,PMC10129420,PMC10569047,PMC10763978,PMC11335233,PMC2670277,PMC3046854,PMC3383997,PMC4929941,PMC6054211,PMC8973844,PMC9421387"," PMC10451898, PMC10663915, PMC10837629, PMC2360696, PMC3502023, PMC3594984, PMC3659486, PMC3896666, PMC4314587, PMC4899896, PMC4942897, PMC5335663, PMC5547983, PMC6312313, PMC6371468, PMC6400203, PMC7436261, PMC7498633, PMC7551095, PMC7935975, PMC8011093, PMC8698494, PMC8807491, PMC8880371, PMC8895642, PMC9029851, PMC9074965, PMC9382112, PMC9897547, PMC9935639, PMC9998859,PMC10142012",659.0,0.0,XM_039107130.2,XM_063285619.1,365.0,590.0,386.0,610.0,forward,reverse_complement,Pparg,Pparg,62.15,61.82,54.5,52.4,54,32,4,2,4,,,,,,,,,,,,,,,,,,,,,"PMC10129420,PMC10482948,PMC10569047,PMC10763978,PMC10932199,PMC11335233,PMC11948036,PMC2670277,PMC3046854,PMC3383997,PMC3463192,PMC3514219,PMC3536358,PMC3596909,PMC3655946,PMC3672145,PMC3683442,PMC3765709,PMC3843710,PMC3876074,PMC3934724,PMC3976270,PMC4133603,PMC4643498,PMC4855278,PMC4929941,PMC5039206,PMC5429735,PMC5468488,PMC5542270,PMC5618579,PMC6054211,PMC6075146,PMC6093883,PMC6113930,PMC6189690,PMC6305703,PMC6515133,PMC6516146,PMC6562390,PMC6719206,PMC7094326,PMC7146557,PMC7151757,PMC7406041,PMC7917964,PMC8228698,PMC8827147,PMC8973844,PMC9421387,PMC9841012",,"PMC10142012,PMC10451898,PMC10663915,PMC10837629,PMC2360696,PMC3502023,PMC3594984,PMC3659486,PMC3896666,PMC4314587,PMC4899896,PMC4942897,PMC5335663,PMC5547983,PMC6312313,PMC6371468,PMC6400203,PMC7436261,PMC7498633,PMC7551095,PMC7935975,PMC8011093,PMC8698494,PMC8807491,PMC8880371,PMC8895642,PMC9029851,PMC9074965,PMC9382112,PMC9897547,PMC9935639,PMC9998859",,51,0,32,0,,0,0.6378545900070145,0.7794444444444444,0.8900000000000006,73.07606283368408,87.42821583559537
GCCCTTTGGTGACTTTATGGA,TCGCACTTTGGTATTCTTGGAG,"NM_138711.3 (1) (1), PPAR (5) (1), PPAR- (2) (1), Pgc1 (1) (1), Ppar (7) (1), Pparg (2) (1), mPPAR (2) (1), mPpar (1) (1), mouse (1) (1)","Actin (1) (1), CCTT-3 (1) (1), GAPDH (1) (1), GLUT4 (1) (1), Mouse (1) (1), NCBI (1) (1), PPAR (5) (1), PPAR- (2) (1), PPARg (2) (1), PPARgamma (1) (1), Ppar (1) (1), Pparg (6) (1), Pparg-F (1) (1), mPPAR (1) (1), mouse (3) (1)",0.28,5.2,30,46," PMC10101473, PMC10847776, PMC11050939, PMC11379552, PMC3869817, PMC5004166, PMC5069891, PMC5220235, PMC5390288, PMC5405222, PMC5446408, PMC5690675, PMC5864908, PMC6341617, PMC6344515, PMC6717738, PMC7469612, PMC7698077, PMC8282975, PMC8422764, PMC8512635, PMC8876799, PMC9223635,PMC10045306,PMC10133315,PMC10519831,PMC10721148,PMC5390288,PMC7033117,PMC7782823"," PMC10439784, PMC10706267, PMC10708053, PMC10708223, PMC11547266, PMC11548234, PMC11744575, PMC11827246, PMC2644643, PMC2654925, PMC3012170, PMC3040184, PMC3262812, PMC4550358, PMC4917844, PMC5459794, PMC5549899, PMC5691754, PMC5852494, PMC5852707, PMC5870114, PMC6037667, PMC6317813, PMC6340891, PMC6628038, PMC7183135, PMC7238871, PMC7657391, PMC7714571, PMC8034456, PMC8394237, PMC8485121, PMC9013079, PMC9207017, PMC9859061,PMC10415798,PMC10433434,PMC10686244,PMC2644643,PMC3012170,PMC6317813,PMC8012525,PMC8891301,PMC9744749",116.0,250.0,XM_063285619.1,XM_039107130.2,441.0,530.0,461.0,551.0,forward,reverse_complement,Pparg,Pparg,58.86,59.32,47.6,45.5,30,44,2,2,3,,,,,,,,,,,,,,,,,,,,,"PMC10045306,PMC10101473,PMC10133315,PMC10519831,PMC10721148,PMC10847776,PMC11050939,PMC11379552,PMC3869817,PMC5004166,PMC5069891,PMC5220235,PMC5390288,PMC5405222,PMC5446408,PMC5690675,PMC5864908,PMC6341617,PMC6344515,PMC6717738,PMC7033117,PMC7469612,PMC7698077,PMC7782823,PMC8282975,PMC8422764,PMC8512635,PMC8876799,PMC9223635",,"PMC10433434,PMC10706267,PMC10708053,PMC11547266,PMC11548234,PMC11744575,PMC2644643,PMC2654925,PMC3012170,PMC3040184,PMC3262812,PMC5691754,PMC5870114,PMC6037667,PMC6340891,PMC6628038,PMC7238871,PMC8034456,PMC8485121,PMC8891301,PMC9744749","PMC10415798,PMC10439784,PMC10686244,PMC10708223,PMC11827246,PMC4550358,PMC4917844,PMC5459794,PMC5549899,PMC5852494,PMC5852707,PMC6317813,PMC7183135,PMC7657391,PMC7714571,PMC8012525,PMC8394237,PMC9013079,PMC9207017,PMC9859061",29,0,21,20,,0,0.5781242701535906,0.898888888888889,0.8466666666666663,72.80621350767953,87.07869108119029
AGAGGTCCACAGAGCTGATTCC,TGCAGCAGGTTGTCTTGGATG,"AGAGGTCCA (1) (1), Chst11 (1) (1), FAS (1) (1), GCTGATTCC-3 (1) (1), Gene (2) (1), M-Ppar (1) (1), PPAR (3) (1), PPAR-r (1) (1), PPARG (1) (1), PPARG1 (1) (1), PPARG2 (1) (1), Peroxisome (2) (1), Pparg (6) (1), Pparg1 (2) (1), Pparg2 (2) (1), R-5 (1) (1), The (1) (1), hPPAR (1) (1), v71_mPPARg1_R (1) (1)","Accession (1) (1), Anti-sense (1) (1), Direction (1) (1), Downstream (1) (1), Name (1) (1), PPAR (1) (1), PPAR- (2) (1), Ppar (1) (1), Pparg (1) (1), Pparg2 (1) (1), Rvs (1) (1)",1.3,0.018,61,26," PMC10482948, PMC10932199, PMC11948036, PMC2670277, PMC3383997, PMC3463192, PMC3514219, PMC3536358, PMC3596909, PMC3655946, PMC3672145, PMC3683442, PMC3765709, PMC3843710, PMC3876074, PMC3934724, PMC3976270, PMC4133603, PMC4643498, PMC4855278, PMC5039206, PMC5429735, PMC5468488, PMC5542270, PMC5618579, PMC6054211, PMC6075146, PMC6093883, PMC6113930, PMC6189690, PMC6305703, PMC6515133, PMC6516146, PMC6562390, PMC6719206, PMC7094326, PMC7146557, PMC7151757, PMC7406041, PMC7917964, PMC8228698, PMC8827147, PMC9841012,PMC10129420,PMC10569047,PMC10763978,PMC11335233,PMC2670277,PMC3046854,PMC3383997,PMC4929941,PMC6054211,PMC8973844,PMC9421387"," PMC10580242, PMC10780770, PMC11103509, PMC11174045, PMC11456014, PMC11515743, PMC11895304, PMC4053448, PMC4568495, PMC4768967, PMC4773281, PMC5129295, PMC5840394, PMC6129006, PMC6170879, PMC6689966, PMC6883612, PMC7085882, PMC7175626, PMC7469599, PMC7939365, PMC8435281, PMC9268059,PMC10409762,PMC10563708,PMC7925592",659.0,12.0,XM_039107130.2,XM_063285619.1,365.0,591.0,386.0,611.0,forward,reverse_complement,Pparg,Pparg,62.15,61.82,54.5,52.4,54,26,4,4,4,,,,,,,,,,,,,,,,,,,,,"PMC10129420,PMC10482948,PMC10569047,PMC10763978,PMC10932199,PMC11335233,PMC11948036,PMC2670277,PMC3046854,PMC3383997,PMC3463192,PMC3514219,PMC3536358,PMC3596909,PMC3655946,PMC3672145,PMC3683442,PMC3765709,PMC3843710,PMC3876074,PMC3934724,PMC3976270,PMC4133603,PMC4643498,PMC4855278,PMC4929941,PMC5039206,PMC5429735,PMC5468488,PMC5542270,PMC5618579,PMC6054211,PMC6075146,PMC6093883,PMC6113930,PMC6189690,PMC6305703,PMC6515133,PMC6516146,PMC6562390,PMC6719206,PMC7094326,PMC7146557,PMC7151757,PMC7406041,PMC7917964,PMC8228698,PMC8827147,PMC8973844,PMC9421387,PMC9841012",,"PMC10563708,PMC10580242,PMC11103509,PMC11174045,PMC11456014,PMC11515743,PMC11895304,PMC4053448,PMC4568495,PMC4768967,PMC4773281,PMC5129295,PMC5840394,PMC6129006,PMC6170879,PMC6689966,PMC6883612,PMC7085882,PMC7175626,PMC7469599,PMC7925592,PMC7939365,PMC8435281,PMC9268059","PMC10409762,PMC10780770",51,0,24,2,,0,0.6167078521523526,0.7794444444444444,0.8900000000000006,72.01872594095097,86.02041189383678
GTAATCAGCAACCATTGGGTCA,CTTGTGAAGGATGCAAGGGT,"Ap2 (1) (1), BIRC5 (1) (1), Cebpa (1) (1), EBP- (1) (1), GAPDH (1) (1), Gene (3) (1), Gsy (1) (1), House (1) (1), Mouse (2) (1), Mouse-Pparg (1) (1), PPAR (6) (1), PPAR- (7) (1), PPARG (1) (1), Ppar (1) (1), Pparg (10) (1), Pparg-Reverse (1) (1), Rev-5 (1) (1), Species (1) (1), Supplementary (1) (1), TCA (1) (1), mPPAR (1) (1), pparg (1) (1)","CD36 (1) (1), Fabp4 (1) (1), Fatty (1) (1), Mus_PPAR (1) (1), PPAR (3) (1), PPAR- (1) (1), PPARG (1) (1), Pparg (6) (1), U01841 (1) (1), mmu-Pparg (1) (1)",5.2,0.004,106,46," PMC10293773, PMC10391670, PMC10457376, PMC10493026, PMC10574348, PMC10584668, PMC10640650, PMC10800963, PMC10894491, PMC10909856, PMC10915961, PMC10991688, PMC11005727, PMC11101575, PMC11109229, PMC11233315, PMC11332326, PMC11344058, PMC11386124, PMC11425883, PMC11474195, PMC11655665, PMC11770550, PMC11774659, PMC11859973, PMC11867264, PMC11982689, PMC11999940, PMC12012053, PMC12024758, PMC3407732, PMC3735638, PMC3855865, PMC3867350, PMC4121249, PMC4210202, PMC4910150, PMC4946221, PMC5442466, PMC5504166, PMC5523402, PMC5603714, PMC5647083, PMC5706914, PMC5725107, PMC5748791, PMC5779969, PMC5827540, PMC6079550, PMC6111843, PMC6203291, PMC6289418, PMC6515168, PMC6689118, PMC6701280, PMC6764825, PMC6804931, PMC6915940, PMC6917501, PMC6970010, PMC7111262, PMC7113529, PMC7143820, PMC7183135, PMC7214697, PMC7215208, PMC7304222, PMC7381423, PMC7412000, PMC7583302, PMC7760913, PMC7790590, PMC7875896, PMC8022418, PMC8087947, PMC8229661, PMC8430495, PMC8433026, PMC8447755, PMC8527580, PMC8529953, PMC8666036, PMC8688932, PMC9175488, PMC9276046, PMC9311567, PMC9533627, PMC9758429, PMC9818778, PMC9861916,PMC10011519,PMC10073093,PMC10435624,PMC10591066,PMC10844594,PMC10864892,PMC11601902,PMC12087948,PMC12219764,PMC5113048,PMC6289418,PMC7613867,PMC7615526,PMC8055204"," PMC10077479, PMC10838336, PMC11432539, PMC11539033, PMC11749469, PMC11916988, PMC3529640, PMC3623555, PMC4084855, PMC4106015, PMC4111738, PMC4133865, PMC4177819, PMC4490649, PMC5440690, PMC5600360, PMC5864908, PMC5877702, PMC5955592, PMC6629527, PMC6629946, PMC6770873, PMC6914886, PMC6950080, PMC7174953, PMC7841444, PMC7917195, PMC8105362, PMC8463290, PMC8742188, PMC8781062, PMC8802017, PMC9076084, PMC9142126, PMC9858859, PMC9901259,PMC10076282,PMC10838336,PMC12124353,PMC12241604,PMC4084855,PMC6531832,PMC6989638,PMC9112062",173.0,179.0,XM_039107130.2,XM_039107130.2,493.0,699.0,514.0,718.0,forward,reverse_complement,Pparg,Pparg,59.58,58.74,45.5,50.0,104,44,3,4,3,,,,,,,,,,,,,,,,,,,,,"PMC10011519,PMC10073093,PMC10293773,PMC10391670,PMC10435624,PMC10457376,PMC10493026,PMC10574348,PMC10584668,PMC10591066,PMC10640650,PMC10800963,PMC10844594,PMC10864892,PMC10894491,PMC10909856,PMC10915961,PMC10991688,PMC11005727,PMC11101575,PMC11109229,PMC11233315,PMC11332326,PMC11344058,PMC11386124,PMC11425883,PMC11474195,PMC11601902,PMC11655665,PMC11770550,PMC11774659,PMC11859973,PMC11867264,PMC11982689,PMC11999940,PMC12012053,PMC12024758,PMC12087948,PMC12219764,PMC3407732,PMC3735638,PMC3855865,PMC3867350,PMC4121249,PMC4210202,PMC4910150,PMC4946221,PMC5113048,PMC5442466,PMC5504166,PMC5523402,PMC5603714,PMC5647083,PMC5706914,PMC5725107,PMC5748791,PMC5779969,PMC5827540,PMC6079550,PMC6111843,PMC6203291,PMC6289418,PMC6515168,PMC6689118,PMC6701280,PMC6764825,PMC6804931,PMC6915940,PMC6917501,PMC6970010,PMC7111262,PMC7113529,PMC7143820,PMC7183135,PMC7214697,PMC7304222,PMC7381423,PMC7412000,PMC7583302,PMC7613867,PMC7615526,PMC7760913,PMC7790590,PMC7875896,PMC8022418,PMC8055204,PMC8087947,PMC8229661,PMC8430495,PMC8433026,PMC8447755,PMC8527580,PMC8529953,PMC8666036,PMC8688932,PMC9175488,PMC9276046,PMC9311567,PMC9533627,PMC9758429,PMC9818778,PMC9861916",PMC7215208,"PMC10077479,PMC4177819,PMC4490649,PMC9076084","PMC10076282,PMC10838336,PMC11432539,PMC11539033,PMC11749469,PMC11916988,PMC12124353,PMC12241604,PMC3529640,PMC3623555,PMC4084855,PMC4106015,PMC4111738,PMC4133865,PMC5440690,PMC5600360,PMC5864908,PMC5877702,PMC5955592,PMC6531832,PMC6629527,PMC6629946,PMC6770873,PMC6914886,PMC6950080,PMC6989638,PMC7174953,PMC7841444,PMC7917195,PMC8105362,PMC8463290,PMC8742188,PMC8781062,PMC8802017,PMC9112062,PMC9142126,PMC9858859,PMC9901259",102,1,4,38,,0,0.6076490121862624,0.9066666666666667,0.7200000000000013,71.98245060931315,85.97028239964347
GCCCTTTGGTGACTTTATGGA,CTTGTGAAGGATGCAAGGGT,"NM_138711.3 (1) (1), PPAR (5) (1), PPAR- (2) (1), Pgc1 (1) (1), Ppar (7) (1), Pparg (2) (1), mPPAR (2) (1), mPpar (1) (1), mouse (1) (1)","CD36 (1) (1), Fabp4 (1) (1), Fatty (1) (1), Mus_PPAR (1) (1), PPAR (3) (1), PPAR- (1) (1), PPARG (1) (1), Pparg (6) (1), U01841 (1) (1), mmu-Pparg (1) (1)",0.28,0.004,30,46," PMC10101473, PMC10847776, PMC11050939, PMC11379552, PMC3869817, PMC5004166, PMC5069891, PMC5220235, PMC5390288, PMC5405222, PMC5446408, PMC5690675, PMC5864908, PMC6341617, PMC6344515, PMC6717738, PMC7469612, PMC7698077, PMC8282975, PMC8422764, PMC8512635, PMC8876799, PMC9223635,PMC10045306,PMC10133315,PMC10519831,PMC10721148,PMC5390288,PMC7033117,PMC7782823"," PMC10077479, PMC10838336, PMC11432539, PMC11539033, PMC11749469, PMC11916988, PMC3529640, PMC3623555, PMC4084855, PMC4106015, PMC4111738, PMC4133865, PMC4177819, PMC4490649, PMC5440690, PMC5600360, PMC5864908, PMC5877702, PMC5955592, PMC6629527, PMC6629946, PMC6770873, PMC6914886, PMC6950080, PMC7174953, PMC7841444, PMC7917195, PMC8105362, PMC8463290, PMC8742188, PMC8781062, PMC8802017, PMC9076084, PMC9142126, PMC9858859, PMC9901259,PMC10076282,PMC10838336,PMC12124353,PMC12241604,PMC4084855,PMC6531832,PMC6989638,PMC9112062",116.0,179.0,XM_063285619.1,XM_039107130.2,441.0,699.0,461.0,718.0,forward,reverse_complement,Pparg,Pparg,58.86,58.74,47.6,50.0,30,44,2,4,5,,,,,,,,,,,,,,,,,,,,,"PMC10045306,PMC10101473,PMC10133315,PMC10519831,PMC10721148,PMC10847776,PMC11050939,PMC11379552,PMC3869817,PMC5004166,PMC5069891,PMC5220235,PMC5390288,PMC5405222,PMC5446408,PMC5690675,PMC5864908,PMC6341617,PMC6344515,PMC6717738,PMC7033117,PMC7469612,PMC7698077,PMC7782823,PMC8282975,PMC8422764,PMC8512635,PMC8876799,PMC9223635",,"PMC10077479,PMC4177819,PMC4490649,PMC9076084","PMC10076282,PMC10838336,PMC11432539,PMC11539033,PMC11749469,PMC11916988,PMC12124353,PMC12241604,PMC3529640,PMC3623555,PMC4084855,PMC4106015,PMC4111738,PMC4133865,PMC5440690,PMC5600360,PMC5864908,PMC5877702,PMC5955592,PMC6531832,PMC6629527,PMC6629946,PMC6770873,PMC6914886,PMC6950080,PMC6989638,PMC7174953,PMC7841444,PMC7917195,PMC8105362,PMC8463290,PMC8742188,PMC8781062,PMC8802017,PMC9112062,PMC9142126,PMC9858859,PMC9901259",29,0,4,38,,0,0.5026833414518528,0.8666666666666669,0.9600000000000009,70.33416707259266,83.5633929617105
AATCAGCTCTGTGGACCTCTC,GCAGCAGGTTGTCTTGGATG,"Backward (1) (1), CD206 (1) (1), Cebp (1) (1), Cebpa (1) (1), Cfd (1) (1), Ctsk (1) (1), Data (1) (1), EBP (1) (1), EPOR (1) (1), FABP4 (1) (1), Fabp4 (1) (1), Fas (1) (1), GACTTCAGCCCC (1) (1), GAT (1) (1), Gene (2) (1), Genes (1) (1), Hdac7 (1) (1), M-PPAR (2) (1), Mouse (3) (1), NM_001127330 (1) (1), PPAR (12) (1), PPAR- (5) (1), PPARG (3) (1), PPARG2 (1) (1), PPARg (1) (1), PPARr2 (1) (1), Ppar- (3) (1), Ppar-g (1) (1), Pparg (29) (1), Pparg-R (2) (1), Pparg2 (5) (1), Pparg2-R (1) (1), Ppargamma (1) (1), Ppparg2 (1) (1), R-5 (1) (1), Runx2-R (1) (1), TCGCTGATGCACTGC (1) (1), Zfp521 (1) (1), mPPAR (2) (1), mouse (2) (1), peroxisome (1) (1), ppar (1) (1), pparg (1) (1)","Genes (1) (1), Pgc1 (1) (1), Ppar (1) (1), Pparg (2) (1), QuantStudio (1) (1), STAT3 (1) (1), mPPAR (1) (1), mPpar (1) (1)",1.1,0.014,191,22," PMC10033317, PMC10158218, PMC10197897, PMC10238510, PMC10284622, PMC10338905, PMC10449610, PMC10544195, PMC10704432, PMC10844047, PMC10864868, PMC10876302, PMC11046877, PMC11063945, PMC11148282, PMC11184087, PMC11233932, PMC11253886, PMC11277109, PMC11288106, PMC11294031, PMC11335861, PMC11345305, PMC11401225, PMC11404087, PMC11416408, PMC11481385, PMC11492321, PMC11550531, PMC11570976, PMC11600633, PMC11632295, PMC11748973, PMC11782863, PMC11798734, PMC11799339, PMC11967773, PMC11973390, PMC11980105, PMC12020889, PMC12102944, PMC3066210, PMC3503535, PMC3567081, PMC3589443, PMC3594079, PMC3750626, PMC4062480, PMC4139062, PMC4281391, PMC4342021, PMC4358885, PMC4404155, PMC4517749, PMC4558122, PMC4595909, PMC4978386, PMC5037922, PMC5143777, PMC5288653, PMC5400528, PMC5420449, PMC5423412, PMC5471235, PMC5490270, PMC5535886, PMC5665938, PMC5667933, PMC5670231, PMC5675695, PMC5676986, PMC5678092, PMC5701004, PMC5770450, PMC5859022, PMC5893555, PMC5935725, PMC5952356, PMC5986490, PMC6051667, PMC6062601, PMC6124163, PMC6157474, PMC6224457, PMC6270775, PMC6317813, PMC6356276, PMC6370809, PMC6437600, PMC6519991, PMC6528359, PMC6535786, PMC6610100, PMC6651838, PMC6668797, PMC6732310, PMC6746433, PMC6768057, PMC6832161, PMC6875017, PMC6885157, PMC6885226, PMC6907062, PMC6915940, PMC7017059, PMC7072197, PMC7211001, PMC7214468, PMC7294158, PMC7380279, PMC7385159, PMC7492893, PMC7515928, PMC7589760, PMC7689817, PMC7738482, PMC7768082, PMC7829353, PMC7955518, PMC7979882, PMC7990545, PMC8076604, PMC8187789, PMC8209477, PMC8209492, PMC8311225, PMC8322846, PMC8505974, PMC8528721, PMC8538474, PMC8608845, PMC8654480, PMC8667404, PMC8671298, PMC8728525, PMC8741290, PMC8741355, PMC8809606, PMC8866150, PMC8867119, PMC8898895, PMC8903613, PMC8933454, PMC8965489, PMC9050107, PMC9064292, PMC9101191, PMC9119859, PMC9130445, PMC9188085, PMC9194453, PMC9204983, PMC9207532, PMC9351573, PMC9368982, PMC9428460, PMC9533627, PMC9554467, PMC9742564,PMC10002255,PMC10564795,PMC10663734,PMC10765379,PMC11325268,PMC11693572,PMC12075589,PMC3594079,PMC5113048,PMC5288653,PMC5425620,PMC6317813,PMC6981200,PMC7732485,PMC7761942,PMC8387336,PMC8481296,PMC8693044,PMC9254126,PMC9270398,PMC9404394,PMC9665029,PMC9883500,PMC9910603"," PMC10847776, PMC11379552, PMC3869817, PMC5004166, PMC5069891, PMC5405222, PMC5446408, PMC5864908, PMC6341617, PMC6344515, PMC6717738, PMC7469612, PMC7698077, PMC8282975, PMC8422764, PMC8512635, PMC8876799, PMC9223635, PMC9410860,PMC10101473,PMC10133315,PMC10721148",692.0,28.0,XM_039107130.2,XM_063285619.1,367.0,591.0,387.0,610.0,forward,reverse_complement,Pparg,Pparg,59.83,60.12,52.4,55.0,183,22,4,2,4,,,,,,,,,,,,,,,,,,,,,,"PMC10002255,PMC10033317,PMC10158218,PMC10197897,PMC10238510,PMC10284622,PMC10338905,PMC10449610,PMC10544195,PMC10564795,PMC10663734,PMC10704432,PMC10765379,PMC10844047,PMC10864868,PMC10876302,PMC11046877,PMC11063945,PMC11148282,PMC11184087,PMC11233932,PMC11253886,PMC11277109,PMC11288106,PMC11294031,PMC11325268,PMC11335861,PMC11345305,PMC11401225,PMC11404087,PMC11416408,PMC11481385,PMC11492321,PMC11550531,PMC11570976,PMC11600633,PMC11632295,PMC11693572,PMC11748973,PMC11782863,PMC11798734,PMC11799339,PMC11967773,PMC11973390,PMC11980105,PMC12020889,PMC12075589,PMC12102944,PMC3066210,PMC3503535,PMC3567081,PMC3589443,PMC3594079,PMC3750626,PMC4062480,PMC4139062,PMC4281391,PMC4342021,PMC4358885,PMC4404155,PMC4517749,PMC4558122,PMC4595909,PMC4978386,PMC5037922,PMC5113048,PMC5143777,PMC5288653,PMC5400528,PMC5420449,PMC5423412,PMC5425620,PMC5471235,PMC5490270,PMC5535886,PMC5665938,PMC5667933,PMC5670231,PMC5675695,PMC5676986,PMC5678092,PMC5701004,PMC5770450,PMC5859022,PMC5893555,PMC5935725,PMC5952356,PMC5986490,PMC6051667,PMC6062601,PMC6124163,PMC6157474,PMC6224457,PMC6270775,PMC6317813,PMC6356276,PMC6370809,PMC6437600,PMC6519991,PMC6528359,PMC6535786,PMC6610100,PMC6651838,PMC6668797,PMC6732310,PMC6746433,PMC6768057,PMC6832161,PMC6875017,PMC6885157,PMC6885226,PMC6907062,PMC6915940,PMC6981200,PMC7017059,PMC7072197,PMC7211001,PMC7214468,PMC7294158,PMC7380279,PMC7385159,PMC7492893,PMC7515928,PMC7589760,PMC7689817,PMC7732485,PMC7738482,PMC7761942,PMC7768082,PMC7829353,PMC7955518,PMC7979882,PMC7990545,PMC8076604,PMC8187789,PMC8209477,PMC8209492,PMC8311225,PMC8322846,PMC8387336,PMC8481296,PMC8505974,PMC8528721,PMC8538474,PMC8608845,PMC8654480,PMC8667404,PMC8671298,PMC8693044,PMC8728525,PMC8741290,PMC8741355,PMC8809606,PMC8866150,PMC8867119,PMC8898895,PMC8903613,PMC8933454,PMC8965489,PMC9050107,PMC9064292,PMC9101191,PMC9119859,PMC9130445,PMC9188085,PMC9194453,PMC9204983,PMC9207532,PMC9254126,PMC9270398,PMC9351573,PMC9368982,PMC9404394,PMC9428460,PMC9533627,PMC9554467,PMC9665029,PMC9742564,PMC9883500,PMC9910603","PMC10101473,PMC10133315,PMC10721148,PMC10847776,PMC11379552,PMC3869817,PMC5004166,PMC5069891,PMC5405222,PMC5446408,PMC5864908,PMC6341617,PMC6344515,PMC6717738,PMC7469612,PMC7698077,PMC8282975,PMC8422764,PMC8512635,PMC8876799,PMC9223635,PMC9410860",,0,180,22,0,,0,0.44623435090544544,0.9838888888888889,0.9033333333333337,69.89505087860562,82.87948169762949
TGGAAGCCTGATGCTTTATCCCCA,ATCTCCGCCAACAGCTTCTCCT,"AP2 (1) (1), Genes (1) (1), HIF- (1) (1), LXR- (1) (1), Mouse (1) (1), Mus (1) (1), NM_013124 (1) (1), PPAR (1) (1), PPAR- (1) (1), Ppar- (3) (1), Pparg (1) (1), SREBP-1c (1) (1), m-PPAR- (1) (1), m-Ppar (1) (1), mice (1) (1), mouse (1) (1), peroxisome (1) (1), pparg (1) (1)","Actb (1) (1), CAAC (1) (1), Gene (1) (1), Genes (1) (1), M-Pparg-R (1) (1), Mouse (1) (1), NM_001127330.2 (1) (1), P16 (1) (1), PPAR (4) (1), PPAR- (6) (1), Ppar- (1) (1), Pparg (5) (1), mPPAR- (2) (1)",1.5,0.000345,34,48," PMC10229743, PMC10876613, PMC10907224, PMC11264885, PMC11538716, PMC11579449, PMC11763583, PMC11889382, PMC11954833, PMC11996808, PMC3101135, PMC3518923, PMC4007599, PMC4124023, PMC4555131, PMC4686102, PMC5405163, PMC5412430, PMC5822826, PMC5833382, PMC5900726, PMC6850665, PMC7153657, PMC7761196, PMC7933173, PMC8075410, PMC8720966, PMC8938331, PMC8956545, PMC9113867, PMC9299589, PMC9981902,PMC10197113,PMC6231226"," PMC10189481, PMC10195764, PMC10356134, PMC10624677, PMC10644885, PMC10716207, PMC10933546, PMC11096407, PMC11270188, PMC11468496, PMC11568211, PMC11732289, PMC11788751, PMC11848481, PMC11874870, PMC11875220, PMC11894140, PMC11923273, PMC11924716, PMC11949065, PMC5412821, PMC5892582, PMC6865070, PMC7304783, PMC7761141, PMC8121711, PMC8144126, PMC8172157, PMC8298384, PMC8620575, PMC8790522, PMC8853770, PMC9050661, PMC9079076, PMC9331636, PMC9729748, PMC9915967, PMC9983602,PMC10002490,PMC10901102,PMC10940741,PMC11732289,PMC11949065,PMC7338798",15.0,54.0,XM_039107130.2,XM_039107130.2,661.0,888.0,684.0,909.0,forward,reverse_complement,Pparg,Pparg,64.72,64.41,50.0,54.5,34,44,4,4,5,,,,,,,,,,,,,,,,,,,,,"PMC10197113,PMC10229743,PMC10876613,PMC10907224,PMC11264885,PMC11538716,PMC11579449,PMC11763583,PMC11889382,PMC11954833,PMC11996808,PMC3101135,PMC3518923,PMC4007599,PMC4124023,PMC4555131,PMC4686102,PMC5405163,PMC5412430,PMC5822826,PMC5833382,PMC5900726,PMC6231226,PMC6850665,PMC7153657,PMC7761196,PMC7933173,PMC8075410,PMC8720966,PMC8938331,PMC8956545,PMC9113867,PMC9299589,PMC9981902",,"PMC10002490,PMC10189481,PMC10195764,PMC10356134,PMC10624677,PMC10644885,PMC10716207,PMC10901102,PMC10933546,PMC10940741,PMC11096407,PMC11270188,PMC11468496,PMC11568211,PMC11732289,PMC11788751,PMC11848481,PMC11874870,PMC11875220,PMC11894140,PMC11923273,PMC11924716,PMC11949065,PMC5412821,PMC5892582,PMC6865070,PMC7304783,PMC7338798,PMC7761141,PMC8121711,PMC8144126,PMC8172157,PMC8298384,PMC8620575,PMC8790522,PMC8853770,PMC9050661,PMC9079076,PMC9331636,PMC9729748,PMC9915967,PMC9983602",,34,0,42,0,,0,0.6266178423984101,0.6666666666666666,0.896666666666666,69.26422545325383,81.86562625469864
CATAGGCAGTGCATCAGCGA,TGGCATCTCTGTGTCAACCATG,"CD206 (1) (1), Cebp (1) (1), Data (1) (1), EPOR (1) (1), F-5 (1) (1), GAT (1) (1), Mouse (8) (1), Mus (2) (1), NM_011146 (1) (1), PPAR (41) (1), PPAR- (8) (1), PPARG (3) (1), PPARG2 (1) (1), PPARg (3) (1), PPARr (1) (1), PPARr2 (1) (1), Peroxisome (3) (1), Ppar (11) (1), Ppar- (3) (1), Ppar-g (1) (1), Pparg (32) (1), Pparg-F (2) (1), Pparg2 (5) (1), Pparg2-F (1) (1), Ppargamma (1) (1), TTG (1) (1), The (5) (1), U09138 (1) (1), mPPAR (2) (1), mPpar (1) (1), mouse (2) (1), peroxisome (1) (1), ppar (1) (1)","Cebp (1) (1), HSL (1) (1), Mouse (3) (1), PPAR (1) (1), PPARg1 (1) (1), Ppar (1) (1), Ppar- (1) (1), Pparg (7) (1), Pparg1 (3) (1), Pparg2 (8) (1), Prdm16 (1) (1), Rarg (1) (1), SREBP1c (1) (1), qP-mmu-Pparg-R (1) (1)",3.5,0.000345,193,63," PMC10033317, PMC10158218, PMC10197897, PMC10238510, PMC10284622, PMC10338905, PMC10449610, PMC10544195, PMC10567600, PMC10704432, PMC10844047, PMC10864868, PMC10876302, PMC11046877, PMC11063945, PMC11148282, PMC11184087, PMC11233932, PMC11253886, PMC11277109, PMC11288106, PMC11294031, PMC11335861, PMC11345305, PMC11401225, PMC11404087, PMC11481385, PMC11492321, PMC11550531, PMC11570976, PMC11600633, PMC11632295, PMC11748973, PMC11782863, PMC11798734, PMC11799339, PMC11821779, PMC11893137, PMC11967773, PMC11973390, PMC11980105, PMC12020889, PMC12102944, PMC3066210, PMC3503535, PMC3567081, PMC3589443, PMC3594079, PMC3750626, PMC3981930, PMC4062480, PMC4125697, PMC4139062, PMC4281391, PMC4342021, PMC4358885, PMC4517749, PMC4595909, PMC4745345, PMC4978386, PMC5037922, PMC5288653, PMC5420449, PMC5423412, PMC5471235, PMC5490270, PMC5535886, PMC5578168, PMC5665938, PMC5667933, PMC5670231, PMC5675695, PMC5676986, PMC5678092, PMC5770450, PMC5859022, PMC5893555, PMC5935725, PMC5952356, PMC5986490, PMC6051667, PMC6062601, PMC6157474, PMC6224457, PMC6317813, PMC6356276, PMC6370809, PMC6437600, PMC6456667, PMC6528359, PMC6535786, PMC6610100, PMC6651838, PMC6668797, PMC6732310, PMC6746433, PMC6768057, PMC6832161, PMC6848177, PMC6875017, PMC6885157, PMC6885226, PMC6907062, PMC6915940, PMC7017059, PMC7211001, PMC7294158, PMC7380279, PMC7385159, PMC7492893, PMC7515928, PMC7589760, PMC7738482, PMC7768082, PMC7829353, PMC7955518, PMC7979882, PMC7990545, PMC8076604, PMC8187789, PMC8205587, PMC8209477, PMC8209492, PMC8311225, PMC8322846, PMC8398201, PMC8505974, PMC8528721, PMC8538474, PMC8608845, PMC8654480, PMC8667404, PMC8671298, PMC8728525, PMC8741290, PMC8741355, PMC8809606, PMC8866150, PMC8867119, PMC8898895, PMC8903613, PMC8933454, PMC8965489, PMC9050107, PMC9064292, PMC9101191, PMC9119859, PMC9130445, PMC9188085, PMC9194453, PMC9204983, PMC9368982, PMC9428460, PMC9533627, PMC9728287, PMC9742564, PMC9921322,PMC10002255,PMC10564795,PMC10663734,PMC10765379,PMC10984924,PMC11325268,PMC11693572,PMC11893137,PMC12075589,PMC3594079,PMC3981930,PMC4342021,PMC5113048,PMC5288653,PMC5425620,PMC5665938,PMC6317813,PMC6981200,PMC7732485,PMC7761942,PMC8387336,PMC8481296,PMC8693044,PMC9254126,PMC9270398,PMC9404394,PMC9665029,PMC9883500,PMC9910603"," PMC10212965, PMC10494292, PMC10665956, PMC10813623, PMC10953078, PMC11079528, PMC11344321, PMC12015651, PMC12075709, PMC2987584, PMC3179551, PMC3517475, PMC3600570, PMC3701325, PMC4318146, PMC4415922, PMC4426667, PMC4686834, PMC5472651, PMC5549630, PMC5551894, PMC5552276, PMC5641598, PMC5641601, PMC5727902, PMC5832777, PMC6067065, PMC6167054, PMC6224186, PMC6377366, PMC6963209, PMC6972779, PMC7017160, PMC7033330, PMC7115112, PMC7132097, PMC7603645, PMC8178412, PMC8253743, PMC8929042, PMC9240041, PMC9243428, PMC9409404, PMC9486017, PMC9718766,PMC10148125,PMC10164900,PMC10561838,PMC2987584,PMC3179551,PMC6715529,PMC7059199,PMC8016875,PMC8559675,PMC8979988,PMC9875052",904.0,1397.0,NM_013124.3,XM_039107130.2,136.0,325.0,155.0,346.0,forward,reverse_complement,Pparg,Pparg,61.18,61.54,55.0,50.0,186,56,4,4,3,,,,,,,,,,,,,,,,,,,,,,"PMC10002255,PMC10033317,PMC10158218,PMC10197897,PMC10238510,PMC10284622,PMC10338905,PMC10449610,PMC10544195,PMC10564795,PMC10567600,PMC10663734,PMC10704432,PMC10765379,PMC10844047,PMC10864868,PMC10876302,PMC10984924,PMC11046877,PMC11063945,PMC11148282,PMC11184087,PMC11233932,PMC11253886,PMC11277109,PMC11288106,PMC11294031,PMC11325268,PMC11335861,PMC11345305,PMC11401225,PMC11404087,PMC11481385,PMC11492321,PMC11550531,PMC11570976,PMC11600633,PMC11632295,PMC11693572,PMC11748973,PMC11782863,PMC11798734,PMC11799339,PMC11821779,PMC11893137,PMC11967773,PMC11973390,PMC11980105,PMC12020889,PMC12075589,PMC12102944,PMC3066210,PMC3503535,PMC3567081,PMC3589443,PMC3594079,PMC3750626,PMC3981930,PMC4062480,PMC4125697,PMC4139062,PMC4281391,PMC4342021,PMC4358885,PMC4517749,PMC4595909,PMC4745345,PMC4978386,PMC5037922,PMC5113048,PMC5288653,PMC5420449,PMC5423412,PMC5425620,PMC5471235,PMC5490270,PMC5535886,PMC5578168,PMC5665938,PMC5667933,PMC5670231,PMC5675695,PMC5676986,PMC5678092,PMC5770450,PMC5859022,PMC5893555,PMC5935725,PMC5952356,PMC5986490,PMC6051667,PMC6062601,PMC6157474,PMC6224457,PMC6317813,PMC6356276,PMC6370809,PMC6437600,PMC6456667,PMC6528359,PMC6535786,PMC6610100,PMC6651838,PMC6668797,PMC6732310,PMC6746433,PMC6768057,PMC6832161,PMC6848177,PMC6875017,PMC6885157,PMC6885226,PMC6907062,PMC6915940,PMC6981200,PMC7017059,PMC7211001,PMC7294158,PMC7380279,PMC7385159,PMC7492893,PMC7515928,PMC7589760,PMC7732485,PMC7738482,PMC7761942,PMC7768082,PMC7829353,PMC7955518,PMC7979882,PMC7990545,PMC8076604,PMC8187789,PMC8205587,PMC8209477,PMC8209492,PMC8311225,PMC8322846,PMC8387336,PMC8398201,PMC8481296,PMC8505974,PMC8528721,PMC8538474,PMC8608845,PMC8654480,PMC8667404,PMC8671298,PMC8693044,PMC8728525,PMC8741290,PMC8741355,PMC8809606,PMC8866150,PMC8867119,PMC8898895,PMC8903613,PMC8933454,PMC8965489,PMC9050107,PMC9064292,PMC9101191,PMC9119859,PMC9130445,PMC9188085,PMC9194453,PMC9204983,PMC9254126,PMC9270398,PMC9368982,PMC9404394,PMC9428460,PMC9533627,PMC9665029,PMC9728287,PMC9742564,PMC9883500,PMC9910603,PMC9921322","PMC10148125,PMC10164900,PMC10212965,PMC10494292,PMC10561838,PMC10665956,PMC10813623,PMC10953078,PMC11079528,PMC11344321,PMC12015651,PMC12075709,PMC2987584,PMC3179551,PMC3517475,PMC3600570,PMC3701325,PMC4318146,PMC4415922,PMC4426667,PMC4686834,PMC5472651,PMC5549630,PMC5551894,PMC5552276,PMC5641598,PMC5641601,PMC5727902,PMC5832777,PMC6067065,PMC6167054,PMC6224186,PMC6377366,PMC6715529,PMC6963209,PMC6972779,PMC7017160,PMC7033330,PMC7059199,PMC7115112,PMC7132097,PMC7603645,PMC8016875,PMC8178412,PMC8253743,PMC8559675,PMC8929042,PMC8979988,PMC9240041,PMC9243428,PMC9409404,PMC9486017,PMC9718766,PMC9875052",,0,179,54,0,,0,0.5207126769582324,0.8488888888888888,0.8800000000000002,69.1023005145783,81.59943834849905
GAAACTGGCACCCTTGAAAA,GCCCTTTGGTGACTTTATGG,"AATCCTTGGCCCTC (1) (1), BC021798.1 (1) (1), CCAAT (1) (1), FABP4 (1) (1), GLUT4 (1) (1), M-PPAR (1) (1), Mouse (2) (1), PPAR (15) (1), PPAR- (7) (1), PPARr (2) (1), Ppar (3) (1), Ppar- (1) (1), Pparg (3) (1), SCARB1 (1) (1), The (3) (1), Type (2) (1), m-Pparg (1) (1), mPPAR (3) (1), mPparg (1) (1)","COX-2 (1) (1), Forwa (1) (1), PPAR (5) (1), PPAR- (2) (1), PPARg (1) (1), Pparg (3) (1), Sequence (1) (1)",3.5,0.87,76,21," PMC10160913, PMC10287548, PMC10384140, PMC10462892, PMC10688138, PMC10793101, PMC10818689, PMC10825279, PMC11224233, PMC11239423, PMC11428251, PMC11728925, PMC11799321, PMC11960900, PMC2266907, PMC2710974, PMC2810335, PMC3416825, PMC3542373, PMC3570948, PMC3705151, PMC3723699, PMC3790740, PMC3823124, PMC3832965, PMC3835255, PMC3852222, PMC4073142, PMC4152150, PMC4229254, PMC4369894, PMC4385643, PMC4668026, PMC4786089, PMC4847245, PMC4939947, PMC5075883, PMC5098089, PMC5117762, PMC5261006, PMC5414590, PMC5490533, PMC5627035, PMC6116159, PMC6119702, PMC6136741, PMC6222827, PMC6304627, PMC6497719, PMC6571603, PMC6593480, PMC6748141, PMC6814586, PMC7353287, PMC7589720, PMC7762257, PMC7829882, PMC8057619, PMC8436959, PMC8538253, PMC8636588, PMC8692010, PMC8698410, PMC8705906, PMC9188258, PMC9268393, PMC9282747, PMC9363298, PMC9407432, PMC9847547, PMC9855157, PMC9868538,PMC10036741,PMC10315547,PMC11668853,PMC5431985"," PMC11392436, PMC3641338, PMC3680492, PMC3854415, PMC4446603, PMC4490365, PMC4808893, PMC5272960, PMC5274663, PMC5303880, PMC5520916, PMC5774772, PMC7256195, PMC7996818, PMC8946515, PMC9193963, PMC9307619,PMC10056947,PMC10630120,PMC8184948",37.0,69.0,XM_063285619.1,XM_063285619.1,210.0,441.0,229.0,460.0,forward,reverse_complement,Pparg,Pparg,57.39,57.32,45.0,50.0,76,20,2,2,4,,,,,,,,,,,,,,,,,,,,,"PMC10287548,PMC11668853,PMC11960900,PMC2810335,PMC3570948,PMC3835255,PMC3852222,PMC4229254,PMC4786089,PMC4939947,PMC5075883,PMC5414590,PMC6116159,PMC7829882,PMC8057619,PMC8636588,PMC9282747,PMC9407432","PMC10036741,PMC10160913,PMC10315547,PMC10384140,PMC10462892,PMC10688138,PMC10793101,PMC10818689,PMC10825279,PMC11224233,PMC11239423,PMC11428251,PMC11728925,PMC11799321,PMC2266907,PMC2710974,PMC3416825,PMC3542373,PMC3705151,PMC3723699,PMC3790740,PMC3823124,PMC3832965,PMC4073142,PMC4152150,PMC4369894,PMC4385643,PMC4668026,PMC4847245,PMC5098089,PMC5117762,PMC5261006,PMC5431985,PMC5490533,PMC5627035,PMC6119702,PMC6136741,PMC6222827,PMC6304627,PMC6497719,PMC6571603,PMC6593480,PMC6748141,PMC6814586,PMC7353287,PMC7589720,PMC7762257,PMC8436959,PMC8538253,PMC8692010,PMC8698410,PMC8705906,PMC9188258,PMC9268393,PMC9363298,PMC9847547,PMC9855157,PMC9868538","PMC10056947,PMC10630120,PMC11392436,PMC3641338,PMC3854415,PMC4446603,PMC4490365,PMC4808893,PMC5272960,PMC5274663,PMC5303880,PMC5520916,PMC5774772,PMC7256195,PMC7996818,PMC8184948,PMC8946515,PMC9193963,PMC9307619",PMC3680492,18,58,19,1,,0,0.5582413457780893,0.7061111111111111,0.9766666666666666,68.62873395557114,80.80707912082333
GCATGGTGCCTTCGCTGA,GAGAGGTCCACAGAGCTGATT,"PPAR (7) (1), Ppar (3) (1), Ppar- (1) (1), Pparg (7) (1), Pparg2 (10) (1), Pparr (1) (1), The (2) (1), Wnt10b (1) (1), qP-mmu-Pparg-F (1) (1)","Backward (1) (1), CD206 (1) (1), Cebp (1) (1), Cebpa (1) (1), Cfd (1) (1), Ctsk (1) (1), Data (1) (1), EBP (1) (1), EPOR (1) (1), FABP4 (1) (1), Fabp4 (1) (1), Fas (1) (1), GACTTCAGCCCC (1) (1), GAT (1) (1), Gene (2) (1), Genes (1) (1), Hdac7 (1) (1), M-PPAR (2) (1), Mouse (3) (1), NM_001127330 (1) (1), PPAR (12) (1), PPAR- (5) (1), PPARG (3) (1), PPARG2 (1) (1), PPARg (1) (1), PPARr2 (1) (1), Ppar- (3) (1), Ppar-g (1) (1), Pparg (29) (1), Pparg-R (2) (1), Pparg2 (5) (1), Pparg2-R (1) (1), Ppargamma (1) (1), Ppparg2 (1) (1), R-5 (1) (1), Runx2-R (1) (1), TCGCTGATGCACTGC (1) (1), Zfp521 (1) (1), mPPAR (2) (1), mouse (2) (1), peroxisome (1) (1), ppar (1) (1), pparg (1) (1)",0.44,1.1,51,191," PMC10212965, PMC10494292, PMC10665956, PMC10953078, PMC11079528, PMC11344321, PMC12015651, PMC12075709, PMC2987584, PMC3179551, PMC3600570, PMC4318146, PMC4415922, PMC4426667, PMC4686834, PMC5552276, PMC5641598, PMC5641601, PMC5832777, PMC6167054, PMC6224186, PMC6377366, PMC6412009, PMC6963209, PMC6972779, PMC7017160, PMC7033330, PMC7115112, PMC7132097, PMC7603645, PMC8178412, PMC8253743, PMC8929042, PMC9240041, PMC9243428, PMC9486017,PMC10148125,PMC10164900,PMC10561838,PMC2987584,PMC3179551,PMC7059199,PMC8016875,PMC8559675,PMC8655035,PMC8688145,PMC8979988,PMC9875052"," PMC10033317, PMC10158218, PMC10197897, PMC10238510, PMC10284622, PMC10338905, PMC10449610, PMC10544195, PMC10704432, PMC10844047, PMC10864868, PMC10876302, PMC11046877, PMC11063945, PMC11148282, PMC11184087, PMC11233932, PMC11253886, PMC11277109, PMC11288106, PMC11294031, PMC11335861, PMC11345305, PMC11401225, PMC11404087, PMC11416408, PMC11481385, PMC11492321, PMC11550531, PMC11570976, PMC11600633, PMC11632295, PMC11748973, PMC11782863, PMC11798734, PMC11799339, PMC11967773, PMC11973390, PMC11980105, PMC12020889, PMC12102944, PMC3066210, PMC3503535, PMC3567081, PMC3589443, PMC3594079, PMC3750626, PMC4062480, PMC4139062, PMC4281391, PMC4342021, PMC4358885, PMC4404155, PMC4517749, PMC4558122, PMC4595909, PMC4978386, PMC5037922, PMC5143777, PMC5288653, PMC5400528, PMC5420449, PMC5423412, PMC5471235, PMC5490270, PMC5535886, PMC5665938, PMC5667933, PMC5670231, PMC5675695, PMC5676986, PMC5678092, PMC5701004, PMC5770450, PMC5859022, PMC5893555, PMC5935725, PMC5952356, PMC5986490, PMC6051667, PMC6062601, PMC6124163, PMC6157474, PMC6224457, PMC6270775, PMC6317813, PMC6356276, PMC6370809, PMC6437600, PMC6519991, PMC6528359, PMC6535786, PMC6610100, PMC6651838, PMC6668797, PMC6732310, PMC6746433, PMC6768057, PMC6832161, PMC6875017, PMC6885157, PMC6885226, PMC6907062, PMC6915940, PMC7017059, PMC7072197, PMC7211001, PMC7214468, PMC7294158, PMC7380279, PMC7385159, PMC7492893, PMC7515928, PMC7589760, PMC7689817, PMC7738482, PMC7768082, PMC7829353, PMC7955518, PMC7979882, PMC7990545, PMC8076604, PMC8187789, PMC8209477, PMC8209492, PMC8311225, PMC8322846, PMC8505974, PMC8528721, PMC8538474, PMC8608845, PMC8654480, PMC8667404, PMC8671298, PMC8728525, PMC8741290, PMC8741355, PMC8809606, PMC8866150, PMC8867119, PMC8898895, PMC8903613, PMC8933454, PMC8965489, PMC9050107, PMC9064292, PMC9101191, PMC9119859, PMC9130445, PMC9188085, PMC9194453, PMC9204983, PMC9207532, PMC9351573, PMC9368982, PMC9428460, PMC9533627, PMC9554467, PMC9742564,PMC10002255,PMC10564795,PMC10663734,PMC10765379,PMC11325268,PMC11693572,PMC12075589,PMC3594079,PMC5113048,PMC5288653,PMC5425620,PMC6317813,PMC6981200,PMC7732485,PMC7761942,PMC8387336,PMC8481296,PMC8693044,PMC9254126,PMC9270398,PMC9404394,PMC9665029,PMC9883500,PMC9910603",1211.0,692.0,NM_013124.3,XM_039107130.2,125.0,367.0,142.0,387.0,forward,reverse_complement,Pparg,Pparg,61.39,59.83,61.1,52.4,48,183,4,4,3,,,,,,,,,,,,,,,,,,,,,"PMC10148125,PMC10164900,PMC10212965,PMC10494292,PMC10561838,PMC10665956,PMC10953078,PMC11079528,PMC11344321,PMC12015651,PMC12075709,PMC2987584,PMC3179551,PMC3600570,PMC4318146,PMC4415922,PMC4426667,PMC4686834,PMC5552276,PMC5641598,PMC5641601,PMC5832777,PMC6167054,PMC6224186,PMC6377366,PMC6412009,PMC6963209,PMC6972779,PMC7017160,PMC7033330,PMC7059199,PMC7115112,PMC7132097,PMC7603645,PMC8016875,PMC8178412,PMC8253743,PMC8559675,PMC8655035,PMC8688145,PMC8929042,PMC8979988,PMC9240041,PMC9243428,PMC9486017,PMC9875052",,"PMC10002255,PMC10033317,PMC10158218,PMC10197897,PMC10238510,PMC10284622,PMC10338905,PMC10449610,PMC10544195,PMC10564795,PMC10663734,PMC10704432,PMC10765379,PMC10844047,PMC10864868,PMC10876302,PMC11046877,PMC11063945,PMC11148282,PMC11184087,PMC11233932,PMC11253886,PMC11277109,PMC11288106,PMC11294031,PMC11325268,PMC11335861,PMC11345305,PMC11401225,PMC11404087,PMC11416408,PMC11481385,PMC11492321,PMC11550531,PMC11570976,PMC11600633,PMC11632295,PMC11693572,PMC11748973,PMC11782863,PMC11798734,PMC11799339,PMC11967773,PMC11973390,PMC11980105,PMC12020889,PMC12075589,PMC12102944,PMC3066210,PMC3503535,PMC3567081,PMC3589443,PMC3594079,PMC3750626,PMC4062480,PMC4139062,PMC4281391,PMC4342021,PMC4358885,PMC4404155,PMC4517749,PMC4558122,PMC4595909,PMC4978386,PMC5037922,PMC5113048,PMC5143777,PMC5288653,PMC5400528,PMC5420449,PMC5423412,PMC5425620,PMC5471235,PMC5490270,PMC5535886,PMC5665938,PMC5667933,PMC5670231,PMC5675695,PMC5676986,PMC5678092,PMC5701004,PMC5770450,PMC5859022,PMC5893555,PMC5935725,PMC5952356,PMC5986490,PMC6051667,PMC6062601,PMC6124163,PMC6157474,PMC6224457,PMC6270775,PMC6317813,PMC6356276,PMC6370809,PMC6437600,PMC6519991,PMC6528359,PMC6535786,PMC6610100,PMC6651838,PMC6668797,PMC6732310,PMC6746433,PMC6768057,PMC6832161,PMC6875017,PMC6885157,PMC6885226,PMC6907062,PMC6915940,PMC6981200,PMC7017059,PMC7072197,PMC7211001,PMC7214468,PMC7294158,PMC7380279,PMC7385159,PMC7492893,PMC7515928,PMC7589760,PMC7689817,PMC7732485,PMC7738482,PMC7761942,PMC7768082,PMC7829353,PMC7955518,PMC7979882,PMC7990545,PMC8076604,PMC8187789,PMC8209477,PMC8209492,PMC8311225,PMC8322846,PMC8387336,PMC8481296,PMC8505974,PMC8528721,PMC8538474,PMC8608845,PMC8654480,PMC8667404,PMC8671298,PMC8693044,PMC8728525,PMC8741290,PMC8741355,PMC8809606,PMC8866150,PMC8867119,PMC8898895,PMC8903613,PMC8933454,PMC8965489,PMC9050107,PMC9064292,PMC9101191,PMC9119859,PMC9130445,PMC9188085,PMC9194453,PMC9204983,PMC9207532,PMC9254126,PMC9270398,PMC9351573,PMC9368982,PMC9404394,PMC9428460,PMC9533627,PMC9554467,PMC9665029,PMC9742564,PMC9883500,PMC9910603",,46,0,180,0,,0,0.7449400659251707,0.7245833333333331,0.4799999999999992,68.58450329625852,80.73202196910178
CCAACAGCTTCTCCTTCTCG,TTTCCTGTCAAGATCGCCCT,"AGG (1) (1), Gene (1) (1), HPRT (1) (1), Human (1) (1), NM_181024.2 (2) (1), PPAR (8) (1), PPAR- (2) (1), PPAR-r (1) (1), PPARG (1) (1), PPARc (1) (1), Ppar- (1) (1), Pparg (3) (1), Tc1 (1) (1), hPPAR- (1) (1), mPPAR (1) (1)","CDS-R (1) (1), Gene (1) (1), NM_001001460.2 (1) (1), PPAR (4) (1), PPAR- (3) (1), PPARG (2) (1), PRDM16 (1) (1), Peroxisome (1) (1), Pparg (5) (1), The (1) (1), mPPARg (1) (1), pparg (1) (1)",0.004,0.004,37,28," PMC10341373, PMC10609635, PMC11222839, PMC11468070, PMC11607629, PMC12071685, PMC12078304, PMC2810335, PMC3835255, PMC3852222, PMC4339390, PMC4521957, PMC4627737, PMC4672355, PMC4697319, PMC5075883, PMC5188446, PMC5316519, PMC6032969, PMC6034828, PMC6131112, PMC6303933, PMC6359792, PMC6391470, PMC6434021, PMC7279588, PMC8066030, PMC8225633, PMC8334379, PMC8624932, PMC9219514, PMC9369238, PMC9677407,PMC10250704,PMC10866669,PMC8463699,PMC9345639"," PMC10341672, PMC10487817, PMC10681981, PMC11220260, PMC11264885, PMC11419820, PMC11515845, PMC11568304, PMC11616088, PMC11718191, PMC11789354, PMC4342181, PMC4351983, PMC5720470, PMC5852707, PMC6059708, PMC6083032, PMC7344141, PMC7746456, PMC7801586, PMC8450800, PMC8610369, PMC8675943, PMC9206601, PMC9275920, PMC9707038,PMC10091108",100.0,0.0,XM_039107130.2,XM_039107130.2,883.0,1019.0,902.0,1038.0,forward,reverse_complement,Pparg,Pparg,58.92,59.68,55.0,50.0,37,27,4,4,4,,,,,,,,,,,,,,,,,,,,,"PMC10250704,PMC10341373,PMC10609635,PMC11468070,PMC11607629,PMC12071685,PMC12078304,PMC4339390,PMC4521957,PMC4627737,PMC4672355,PMC4697319,PMC5316519,PMC6131112,PMC6434021,PMC7279588,PMC8066030,PMC8225633,PMC8334379,PMC8624932,PMC9345639,PMC9369238","PMC10866669,PMC11222839,PMC2810335,PMC3835255,PMC3852222,PMC5075883,PMC5188446,PMC6032969,PMC6034828,PMC6303933,PMC6359792,PMC6391470,PMC8463699,PMC9219514,PMC9677407","PMC10091108,PMC10341672,PMC11264885,PMC11568304,PMC4351983,PMC6083032,PMC8450800,PMC9206601,PMC9275920","PMC10487817,PMC10681981,PMC11220260,PMC11419820,PMC11515845,PMC11616088,PMC11718191,PMC11789354,PMC4342181,PMC5720470,PMC5852707,PMC6059708,PMC7344141,PMC7746456,PMC7801586,PMC8610369,PMC8675943,PMC9707038",22,15,9,18,,0,0.5180963471507241,0.9222222222222223,0.7466666666666673,68.50481735753621,80.59634714452451
AATCAGCTCTGTGGACCTCTC,TCGCACTTTGGTATTCTTGGAG,"Backward (1) (1), CD206 (1) (1), Cebp (1) (1), Cebpa (1) (1), Cfd (1) (1), Ctsk (1) (1), Data (1) (1), EBP (1) (1), EPOR (1) (1), FABP4 (1) (1), Fabp4 (1) (1), Fas (1) (1), GACTTCAGCCCC (1) (1), GAT (1) (1), Gene (2) (1), Genes (1) (1), Hdac7 (1) (1), M-PPAR (2) (1), Mouse (3) (1), NM_001127330 (1) (1), PPAR (12) (1), PPAR- (5) (1), PPARG (3) (1), PPARG2 (1) (1), PPARg (1) (1), PPARr2 (1) (1), Ppar- (3) (1), Ppar-g (1) (1), Pparg (29) (1), Pparg-R (2) (1), Pparg2 (5) (1), Pparg2-R (1) (1), Ppargamma (1) (1), Ppparg2 (1) (1), R-5 (1) (1), Runx2-R (1) (1), TCGCTGATGCACTGC (1) (1), Zfp521 (1) (1), mPPAR (2) (1), mouse (2) (1), peroxisome (1) (1), ppar (1) (1), pparg (1) (1)","Actin (1) (1), CCTT-3 (1) (1), GAPDH (1) (1), GLUT4 (1) (1), Mouse (1) (1), NCBI (1) (1), PPAR (5) (1), PPAR- (2) (1), PPARg (2) (1), PPARgamma (1) (1), Ppar (1) (1), Pparg (6) (1), Pparg-F (1) (1), mPPAR (1) (1), mouse (3) (1)",1.1,5.2,191,46," PMC10033317, PMC10158218, PMC10197897, PMC10238510, PMC10284622, PMC10338905, PMC10449610, PMC10544195, PMC10704432, PMC10844047, PMC10864868, PMC10876302, PMC11046877, PMC11063945, PMC11148282, PMC11184087, PMC11233932, PMC11253886, PMC11277109, PMC11288106, PMC11294031, PMC11335861, PMC11345305, PMC11401225, PMC11404087, PMC11416408, PMC11481385, PMC11492321, PMC11550531, PMC11570976, PMC11600633, PMC11632295, PMC11748973, PMC11782863, PMC11798734, PMC11799339, PMC11967773, PMC11973390, PMC11980105, PMC12020889, PMC12102944, PMC3066210, PMC3503535, PMC3567081, PMC3589443, PMC3594079, PMC3750626, PMC4062480, PMC4139062, PMC4281391, PMC4342021, PMC4358885, PMC4404155, PMC4517749, PMC4558122, PMC4595909, PMC4978386, PMC5037922, PMC5143777, PMC5288653, PMC5400528, PMC5420449, PMC5423412, PMC5471235, PMC5490270, PMC5535886, PMC5665938, PMC5667933, PMC5670231, PMC5675695, PMC5676986, PMC5678092, PMC5701004, PMC5770450, PMC5859022, PMC5893555, PMC5935725, PMC5952356, PMC5986490, PMC6051667, PMC6062601, PMC6124163, PMC6157474, PMC6224457, PMC6270775, PMC6317813, PMC6356276, PMC6370809, PMC6437600, PMC6519991, PMC6528359, PMC6535786, PMC6610100, PMC6651838, PMC6668797, PMC6732310, PMC6746433, PMC6768057, PMC6832161, PMC6875017, PMC6885157, PMC6885226, PMC6907062, PMC6915940, PMC7017059, PMC7072197, PMC7211001, PMC7214468, PMC7294158, PMC7380279, PMC7385159, PMC7492893, PMC7515928, PMC7589760, PMC7689817, PMC7738482, PMC7768082, PMC7829353, PMC7955518, PMC7979882, PMC7990545, PMC8076604, PMC8187789, PMC8209477, PMC8209492, PMC8311225, PMC8322846, PMC8505974, PMC8528721, PMC8538474, PMC8608845, PMC8654480, PMC8667404, PMC8671298, PMC8728525, PMC8741290, PMC8741355, PMC8809606, PMC8866150, PMC8867119, PMC8898895, PMC8903613, PMC8933454, PMC8965489, PMC9050107, PMC9064292, PMC9101191, PMC9119859, PMC9130445, PMC9188085, PMC9194453, PMC9204983, PMC9207532, PMC9351573, PMC9368982, PMC9428460, PMC9533627, PMC9554467, PMC9742564,PMC10002255,PMC10564795,PMC10663734,PMC10765379,PMC11325268,PMC11693572,PMC12075589,PMC3594079,PMC5113048,PMC5288653,PMC5425620,PMC6317813,PMC6981200,PMC7732485,PMC7761942,PMC8387336,PMC8481296,PMC8693044,PMC9254126,PMC9270398,PMC9404394,PMC9665029,PMC9883500,PMC9910603"," PMC10439784, PMC10706267, PMC10708053, PMC10708223, PMC11547266, PMC11548234, PMC11744575, PMC11827246, PMC2644643, PMC2654925, PMC3012170, PMC3040184, PMC3262812, PMC4550358, PMC4917844, PMC5459794, PMC5549899, PMC5691754, PMC5852494, PMC5852707, PMC5870114, PMC6037667, PMC6317813, PMC6340891, PMC6628038, PMC7183135, PMC7238871, PMC7657391, PMC7714571, PMC8034456, PMC8394237, PMC8485121, PMC9013079, PMC9207017, PMC9859061,PMC10415798,PMC10433434,PMC10686244,PMC2644643,PMC3012170,PMC6317813,PMC8012525,PMC8891301,PMC9744749",692.0,250.0,XM_039107130.2,XM_039107130.2,367.0,530.0,387.0,551.0,forward,reverse_complement,Pparg,Pparg,59.83,59.32,52.4,45.5,183,44,4,2,3,,,,,,,,,,,,,,,,,,,,,,"PMC10002255,PMC10033317,PMC10158218,PMC10197897,PMC10238510,PMC10284622,PMC10338905,PMC10449610,PMC10544195,PMC10564795,PMC10663734,PMC10704432,PMC10765379,PMC10844047,PMC10864868,PMC10876302,PMC11046877,PMC11063945,PMC11148282,PMC11184087,PMC11233932,PMC11253886,PMC11277109,PMC11288106,PMC11294031,PMC11325268,PMC11335861,PMC11345305,PMC11401225,PMC11404087,PMC11416408,PMC11481385,PMC11492321,PMC11550531,PMC11570976,PMC11600633,PMC11632295,PMC11693572,PMC11748973,PMC11782863,PMC11798734,PMC11799339,PMC11967773,PMC11973390,PMC11980105,PMC12020889,PMC12075589,PMC12102944,PMC3066210,PMC3503535,PMC3567081,PMC3589443,PMC3594079,PMC3750626,PMC4062480,PMC4139062,PMC4281391,PMC4342021,PMC4358885,PMC4404155,PMC4517749,PMC4558122,PMC4595909,PMC4978386,PMC5037922,PMC5113048,PMC5143777,PMC5288653,PMC5400528,PMC5420449,PMC5423412,PMC5425620,PMC5471235,PMC5490270,PMC5535886,PMC5665938,PMC5667933,PMC5670231,PMC5675695,PMC5676986,PMC5678092,PMC5701004,PMC5770450,PMC5859022,PMC5893555,PMC5935725,PMC5952356,PMC5986490,PMC6051667,PMC6062601,PMC6124163,PMC6157474,PMC6224457,PMC6270775,PMC6317813,PMC6356276,PMC6370809,PMC6437600,PMC6519991,PMC6528359,PMC6535786,PMC6610100,PMC6651838,PMC6668797,PMC6732310,PMC6746433,PMC6768057,PMC6832161,PMC6875017,PMC6885157,PMC6885226,PMC6907062,PMC6915940,PMC6981200,PMC7017059,PMC7072197,PMC7211001,PMC7214468,PMC7294158,PMC7380279,PMC7385159,PMC7492893,PMC7515928,PMC7589760,PMC7689817,PMC7732485,PMC7738482,PMC7761942,PMC7768082,PMC7829353,PMC7955518,PMC7979882,PMC7990545,PMC8076604,PMC8187789,PMC8209477,PMC8209492,PMC8311225,PMC8322846,PMC8387336,PMC8481296,PMC8505974,PMC8528721,PMC8538474,PMC8608845,PMC8654480,PMC8667404,PMC8671298,PMC8693044,PMC8728525,PMC8741290,PMC8741355,PMC8809606,PMC8866150,PMC8867119,PMC8898895,PMC8903613,PMC8933454,PMC8965489,PMC9050107,PMC9064292,PMC9101191,PMC9119859,PMC9130445,PMC9188085,PMC9194453,PMC9204983,PMC9207532,PMC9254126,PMC9270398,PMC9351573,PMC9368982,PMC9404394,PMC9428460,PMC9533627,PMC9554467,PMC9665029,PMC9742564,PMC9883500,PMC9910603","PMC10433434,PMC10706267,PMC10708053,PMC11547266,PMC11548234,PMC11744575,PMC2644643,PMC2654925,PMC3012170,PMC3040184,PMC3262812,PMC5691754,PMC5870114,PMC6037667,PMC6340891,PMC6628038,PMC7238871,PMC8034456,PMC8485121,PMC8891301,PMC9744749","PMC10415798,PMC10439784,PMC10686244,PMC10708223,PMC11827246,PMC4550358,PMC4917844,PMC5459794,PMC5549899,PMC5852494,PMC5852707,PMC6317813,PMC7183135,PMC7657391,PMC7714571,PMC8012525,PMC8394237,PMC9013079,PMC9207017,PMC9859061",0,180,21,20,,0,0.46453075057769533,0.9527777777777777,0.8300000000000006,68.40987086221811,80.43393160634386
CTCCAAGAATACCAAAGTGCGA,CTTGTGAAGGATGCAAGGGT,"Actin (1) (1), CCTT-3 (1) (1), GAPDH (1) (1), GLUT4 (1) (1), Mouse (1) (1), NCBI (1) (1), PPAR (5) (1), PPAR- (2) (1), PPARg (2) (1), PPARgamma (1) (1), Ppar (1) (1), Pparg (6) (1), Pparg-F (1) (1), mPPAR (1) (1), mouse (3) (1)","CD36 (1) (1), Fabp4 (1) (1), Fatty (1) (1), Mus_PPAR (1) (1), PPAR (3) (1), PPAR- (1) (1), PPARG (1) (1), Pparg (6) (1), U01841 (1) (1), mmu-Pparg (1) (1)",5.2,0.004,46,46," PMC10439784, PMC10706267, PMC10708053, PMC10708223, PMC11547266, PMC11548234, PMC11744575, PMC11827246, PMC2644643, PMC2654925, PMC3012170, PMC3040184, PMC3262812, PMC4550358, PMC4917844, PMC5459794, PMC5549899, PMC5691754, PMC5852494, PMC5852707, PMC5870114, PMC6037667, PMC6317813, PMC6340891, PMC6628038, PMC7183135, PMC7238871, PMC7657391, PMC7714571, PMC8034456, PMC8394237, PMC8485121, PMC9013079, PMC9207017, PMC9859061,PMC10415798,PMC10433434,PMC10686244,PMC2644643,PMC3012170,PMC6317813,PMC8012525,PMC8891301,PMC9744749"," PMC10077479, PMC10838336, PMC11432539, PMC11539033, PMC11749469, PMC11916988, PMC3529640, PMC3623555, PMC4084855, PMC4106015, PMC4111738, PMC4133865, PMC4177819, PMC4490649, PMC5440690, PMC5600360, PMC5864908, PMC5877702, PMC5955592, PMC6629527, PMC6629946, PMC6770873, PMC6914886, PMC6950080, PMC7174953, PMC7841444, PMC7917195, PMC8105362, PMC8463290, PMC8742188, PMC8781062, PMC8802017, PMC9076084, PMC9142126, PMC9858859, PMC9901259,PMC10076282,PMC10838336,PMC12124353,PMC12241604,PMC4084855,PMC6531832,PMC6989638,PMC9112062",250.0,179.0,XM_039107130.2,XM_039107130.2,530.0,699.0,551.0,718.0,forward,reverse_complement,Pparg,Pparg,59.32,58.74,45.5,50.0,44,44,2,4,4,,,,,,,,,,,,,,,,,,,,,"PMC10415798,PMC10439784,PMC10686244,PMC10708223,PMC11827246,PMC4550358,PMC4917844,PMC5459794,PMC5549899,PMC5852494,PMC5852707,PMC6317813,PMC7183135,PMC7657391,PMC7714571,PMC8012525,PMC8394237,PMC9013079,PMC9207017,PMC9859061","PMC10433434,PMC10706267,PMC10708053,PMC11547266,PMC11548234,PMC11744575,PMC2644643,PMC2654925,PMC3012170,PMC3040184,PMC3262812,PMC5691754,PMC5870114,PMC6037667,PMC6340891,PMC6628038,PMC7238871,PMC8034456,PMC8485121,PMC8891301,PMC9744749","PMC10077479,PMC4177819,PMC4490649,PMC9076084","PMC10076282,PMC10838336,PMC11432539,PMC11539033,PMC11749469,PMC11916988,PMC12124353,PMC12241604,PMC3529640,PMC3623555,PMC4084855,PMC4106015,PMC4111738,PMC4133865,PMC5440690,PMC5600360,PMC5864908,PMC5877702,PMC5955592,PMC6531832,PMC6629527,PMC6629946,PMC6770873,PMC6914886,PMC6950080,PMC6989638,PMC7174953,PMC7841444,PMC7917195,PMC8105362,PMC8463290,PMC8742188,PMC8781062,PMC8802017,PMC9112062,PMC9142126,PMC9858859,PMC9901259",20,21,4,38,,0,0.49582990188116927,0.8922222222222225,0.8066666666666672,67.69149509405848,79.17853461410095
CAAGAATACCAAAGTGCGATCAA,CTTGTGAAGGATGCAAGGGT,"-F (1) (1), CCAAT (1) (1), NM_001127330 (2) (1), NM_011146 (2) (1), PPAR (5) (1), PPAR- (2) (1), PPAR-gamma (1) (1), PPARG (1) (1), PPARg (1) (1), Peroxisome (1) (1), Ppar (1) (1), PparG (1) (1), Pparg (10) (1), Pparg-Fw (1) (1), The (1) (1), mouse (2) (1)","CD36 (1) (1), Fabp4 (1) (1), Fatty (1) (1), Mus_PPAR (1) (1), PPAR (3) (1), PPAR- (1) (1), PPARG (1) (1), Pparg (6) (1), U01841 (1) (1), mmu-Pparg (1) (1)",5.2,0.004,42,46," PMC10715663, PMC10748323, PMC10966194, PMC11255112, PMC11478623, PMC11547832, PMC11584397, PMC11701883, PMC11722803, PMC11932118, PMC11946508, PMC3436788, PMC3600254, PMC3676453, PMC3748012, PMC4167820, PMC4378953, PMC4392498, PMC5004862, PMC5032007, PMC5506415, PMC5852706, PMC5908789, PMC5968131, PMC6104924, PMC6269424, PMC6279959, PMC6351224, PMC6472154, PMC6540142, PMC6916074, PMC7521538, PMC7907746, PMC8063434,PMC10216850,PMC10551900,PMC10763978,PMC10966194,PMC8190103,PMC9562301"," PMC10077479, PMC10838336, PMC11432539, PMC11539033, PMC11749469, PMC11916988, PMC3529640, PMC3623555, PMC4084855, PMC4106015, PMC4111738, PMC4133865, PMC4177819, PMC4490649, PMC5440690, PMC5600360, PMC5864908, PMC5877702, PMC5955592, PMC6629527, PMC6629946, PMC6770873, PMC6914886, PMC6950080, PMC7174953, PMC7841444, PMC7917195, PMC8105362, PMC8463290, PMC8742188, PMC8781062, PMC8802017, PMC9076084, PMC9142126, PMC9858859, PMC9901259,PMC10076282,PMC10838336,PMC12124353,PMC12241604,PMC4084855,PMC6531832,PMC6989638,PMC9112062",77.0,179.0,XM_039107130.2,XM_039107130.2,533.0,699.0,555.0,718.0,forward,reverse_complement,Pparg,Pparg,58.36,58.74,39.1,50.0,40,44,4,4,4,,,,,,,,,,,,,,,,,,,,,"PMC10216850,PMC10551900,PMC10715663,PMC10748323,PMC10763978,PMC10966194,PMC11255112,PMC11478623,PMC11547832,PMC11584397,PMC11701883,PMC11722803,PMC11932118,PMC11946508,PMC3436788,PMC3600254,PMC3676453,PMC3748012,PMC4167820,PMC4378953,PMC4392498,PMC5004862,PMC5032007,PMC5506415,PMC5852706,PMC5908789,PMC5968131,PMC6104924,PMC6269424,PMC6279959,PMC6351224,PMC6472154,PMC6540142,PMC6916074,PMC7521538,PMC7907746,PMC8063434,PMC8190103,PMC9562301",,"PMC10077479,PMC4177819,PMC4490649,PMC9076084","PMC10076282,PMC10838336,PMC11432539,PMC11539033,PMC11749469,PMC11916988,PMC12124353,PMC12241604,PMC3529640,PMC3623555,PMC4084855,PMC4106015,PMC4111738,PMC4133865,PMC5440690,PMC5600360,PMC5864908,PMC5877702,PMC5955592,PMC6531832,PMC6629527,PMC6629946,PMC6770873,PMC6914886,PMC6950080,PMC6989638,PMC7174953,PMC7841444,PMC7917195,PMC8105362,PMC8463290,PMC8742188,PMC8781062,PMC8802017,PMC9112062,PMC9142126,PMC9858859,PMC9901259",39,0,4,38,,0,0.5273215608923547,0.7859722222222223,0.8733333333333325,67.41191137795106,78.67737855156433
GAAACTGGCACCCTTGAAAA,TTATTCATCAGGGAGGCCAG,"AATCCTTGGCCCTC (1) (1), BC021798.1 (1) (1), CCAAT (1) (1), FABP4 (1) (1), GLUT4 (1) (1), M-PPAR (1) (1), Mouse (2) (1), PPAR (15) (1), PPAR- (7) (1), PPARr (2) (1), Ppar (3) (1), Ppar- (1) (1), Pparg (3) (1), SCARB1 (1) (1), The (3) (1), Type (2) (1), m-Pparg (1) (1), mPPAR (3) (1), mPparg (1) (1)","IL- (1) (1), PPAR (5) (1), PPAR- (4) (1), Ppar- (1) (1), Target (1) (1), m-Pparg (1) (1), mus-Ppar (2) (1)",3.5,0.87,76,24," PMC10160913, PMC10287548, PMC10384140, PMC10462892, PMC10688138, PMC10793101, PMC10818689, PMC10825279, PMC11224233, PMC11239423, PMC11428251, PMC11728925, PMC11799321, PMC11960900, PMC2266907, PMC2710974, PMC2810335, PMC3416825, PMC3542373, PMC3570948, PMC3705151, PMC3723699, PMC3790740, PMC3823124, PMC3832965, PMC3835255, PMC3852222, PMC4073142, PMC4152150, PMC4229254, PMC4369894, PMC4385643, PMC4668026, PMC4786089, PMC4847245, PMC4939947, PMC5075883, PMC5098089, PMC5117762, PMC5261006, PMC5414590, PMC5490533, PMC5627035, PMC6116159, PMC6119702, PMC6136741, PMC6222827, PMC6304627, PMC6497719, PMC6571603, PMC6593480, PMC6748141, PMC6814586, PMC7353287, PMC7589720, PMC7762257, PMC7829882, PMC8057619, PMC8436959, PMC8538253, PMC8636588, PMC8692010, PMC8698410, PMC8705906, PMC9188258, PMC9268393, PMC9282747, PMC9363298, PMC9407432, PMC9847547, PMC9855157, PMC9868538,PMC10036741,PMC10315547,PMC11668853,PMC5431985"," PMC10462892, PMC10628467, PMC10649746, PMC10892617, PMC11224233, PMC2947078, PMC3832965, PMC4260743, PMC5143616, PMC5147407, PMC5627035, PMC5928879, PMC6055728, PMC7488425, PMC7603378, PMC8705906, PMC8984972, PMC9699764, PMC9811602, PMC9816933, PMC9855157,PMC10376543,PMC6055728",37.0,39.0,XM_063285619.1,XM_063285619.1,210.0,355.0,229.0,374.0,forward,reverse_complement,Pparg,Pparg,57.39,57.33,45.0,50.0,76,23,2,4,5,,,,,,,,,,,,,,,,,,,,,"PMC10287548,PMC11668853,PMC11960900,PMC2810335,PMC3570948,PMC3835255,PMC3852222,PMC4229254,PMC4786089,PMC4939947,PMC5075883,PMC5414590,PMC6116159,PMC7829882,PMC8057619,PMC8636588,PMC9282747,PMC9407432","PMC10036741,PMC10160913,PMC10315547,PMC10384140,PMC10462892,PMC10688138,PMC10793101,PMC10818689,PMC10825279,PMC11224233,PMC11239423,PMC11428251,PMC11728925,PMC11799321,PMC2266907,PMC2710974,PMC3416825,PMC3542373,PMC3705151,PMC3723699,PMC3790740,PMC3823124,PMC3832965,PMC4073142,PMC4152150,PMC4369894,PMC4385643,PMC4668026,PMC4847245,PMC5098089,PMC5117762,PMC5261006,PMC5431985,PMC5490533,PMC5627035,PMC6119702,PMC6136741,PMC6222827,PMC6304627,PMC6497719,PMC6571603,PMC6593480,PMC6748141,PMC6814586,PMC7353287,PMC7589720,PMC7762257,PMC8436959,PMC8538253,PMC8692010,PMC8698410,PMC8705906,PMC9188258,PMC9268393,PMC9363298,PMC9847547,PMC9855157,PMC9868538","PMC10376543,PMC10462892,PMC11224233,PMC3832965,PMC5143616,PMC5627035,PMC7603378,PMC8705906,PMC9855157","PMC10628467,PMC10649746,PMC10892617,PMC2947078,PMC4260743,PMC5147407,PMC5928879,PMC6055728,PMC7488425,PMC8984972,PMC9699764,PMC9811602,PMC9816933",18,58,9,13,,0,0.5256807614344697,0.7066666666666666,0.9799999999999992,67.08403807172347,78.08079432479475
GCCCTTTGGTGACTTTATGGA,TGACCCAATGGTTGCTGATTAC,"NM_138711.3 (1) (1), PPAR (5) (1), PPAR- (2) (1), Pgc1 (1) (1), Ppar (7) (1), Pparg (2) (1), mPPAR (2) (1), mPpar (1) (1), mouse (1) (1)","Ap2 (1) (1), BIRC5 (1) (1), Cebpa (1) (1), EBP- (1) (1), GAPDH (1) (1), Gene (3) (1), Gsy (1) (1), House (1) (1), Mouse (2) (1), Mouse-Pparg (1) (1), PPAR (6) (1), PPAR- (7) (1), PPARG (1) (1), Ppar (1) (1), Pparg (10) (1), Pparg-Reverse (1) (1), Rev-5 (1) (1), Species (1) (1), Supplementary (1) (1), TCA (1) (1), mPPAR (1) (1), pparg (1) (1)",0.28,5.2,30,106," PMC10101473, PMC10847776, PMC11050939, PMC11379552, PMC3869817, PMC5004166, PMC5069891, PMC5220235, PMC5390288, PMC5405222, PMC5446408, PMC5690675, PMC5864908, PMC6341617, PMC6344515, PMC6717738, PMC7469612, PMC7698077, PMC8282975, PMC8422764, PMC8512635, PMC8876799, PMC9223635,PMC10045306,PMC10133315,PMC10519831,PMC10721148,PMC5390288,PMC7033117,PMC7782823"," PMC10293773, PMC10391670, PMC10457376, PMC10493026, PMC10574348, PMC10584668, PMC10640650, PMC10800963, PMC10894491, PMC10909856, PMC10915961, PMC10991688, PMC11005727, PMC11101575, PMC11109229, PMC11233315, PMC11332326, PMC11344058, PMC11386124, PMC11425883, PMC11474195, PMC11655665, PMC11770550, PMC11774659, PMC11859973, PMC11867264, PMC11982689, PMC11999940, PMC12012053, PMC12024758, PMC3407732, PMC3735638, PMC3855865, PMC3867350, PMC4121249, PMC4210202, PMC4910150, PMC4946221, PMC5442466, PMC5504166, PMC5523402, PMC5603714, PMC5647083, PMC5706914, PMC5725107, PMC5748791, PMC5779969, PMC5827540, PMC6079550, PMC6111843, PMC6203291, PMC6289418, PMC6515168, PMC6689118, PMC6701280, PMC6764825, PMC6804931, PMC6915940, PMC6917501, PMC6970010, PMC7111262, PMC7113529, PMC7143820, PMC7183135, PMC7214697, PMC7215208, PMC7304222, PMC7381423, PMC7412000, PMC7583302, PMC7760913, PMC7790590, PMC7875896, PMC8022418, PMC8087947, PMC8229661, PMC8430495, PMC8433026, PMC8447755, PMC8527580, PMC8529953, PMC8666036, PMC8688932, PMC9175488, PMC9276046, PMC9311567, PMC9533627, PMC9758429, PMC9818778, PMC9861916,PMC10011519,PMC10073093,PMC10435624,PMC10591066,PMC10844594,PMC10864892,PMC11601902,PMC12087948,PMC12219764,PMC5113048,PMC6289418,PMC7613867,PMC7615526,PMC8055204",116.0,173.0,XM_063285619.1,XM_039107130.2,441.0,493.0,461.0,514.0,forward,reverse_complement,Pparg,Pparg,58.86,59.58,47.6,45.5,30,104,2,3,4,,,,,,,,,,,,,,,,,,,,,"PMC10045306,PMC10101473,PMC10133315,PMC10519831,PMC10721148,PMC10847776,PMC11050939,PMC11379552,PMC3869817,PMC5004166,PMC5069891,PMC5220235,PMC5390288,PMC5405222,PMC5446408,PMC5690675,PMC5864908,PMC6341617,PMC6344515,PMC6717738,PMC7033117,PMC7469612,PMC7698077,PMC7782823,PMC8282975,PMC8422764,PMC8512635,PMC8876799,PMC9223635",,PMC7215208,"PMC10011519,PMC10073093,PMC10293773,PMC10391670,PMC10435624,PMC10457376,PMC10493026,PMC10574348,PMC10584668,PMC10591066,PMC10640650,PMC10800963,PMC10844594,PMC10864892,PMC10894491,PMC10909856,PMC10915961,PMC10991688,PMC11005727,PMC11101575,PMC11109229,PMC11233315,PMC11332326,PMC11344058,PMC11386124,PMC11425883,PMC11474195,PMC11601902,PMC11655665,PMC11770550,PMC11774659,PMC11859973,PMC11867264,PMC11982689,PMC11999940,PMC12012053,PMC12024758,PMC12087948,PMC12219764,PMC3407732,PMC3735638,PMC3855865,PMC3867350,PMC4121249,PMC4210202,PMC4910150,PMC4946221,PMC5113048,PMC5442466,PMC5504166,PMC5523402,PMC5603714,PMC5647083,PMC5706914,PMC5725107,PMC5748791,PMC5779969,PMC5827540,PMC6079550,PMC6111843,PMC6203291,PMC6289418,PMC6515168,PMC6689118,PMC6701280,PMC6764825,PMC6804931,PMC6915940,PMC6917501,PMC6970010,PMC7111262,PMC7113529,PMC7143820,PMC7183135,PMC7214697,PMC7304222,PMC7381423,PMC7412000,PMC7583302,PMC7613867,PMC7615526,PMC7760913,PMC7790590,PMC7875896,PMC8022418,PMC8055204,PMC8087947,PMC8229661,PMC8430495,PMC8433026,PMC8447755,PMC8527580,PMC8529953,PMC8666036,PMC8688932,PMC9175488,PMC9276046,PMC9311567,PMC9533627,PMC9758429,PMC9818778,PMC9861916",29,0,1,102,,0,0.4857196407663584,0.9133333333333333,0.7600000000000003,66.88598203831792,77.71581918933744
GTAATCAGCAACCATTGGGTCA,GCAGCAGGTTGTCTTGGATGT,"Ap2 (1) (1), BIRC5 (1) (1), Cebpa (1) (1), EBP- (1) (1), GAPDH (1) (1), Gene (3) (1), Gsy (1) (1), House (1) (1), Mouse (2) (1), Mouse-Pparg (1) (1), PPAR (6) (1), PPAR- (7) (1), PPARG (1) (1), Ppar (1) (1), Pparg (10) (1), Pparg-Reverse (1) (1), Rev-5 (1) (1), Species (1) (1), Supplementary (1) (1), TCA (1) (1), mPPAR (1) (1), pparg (1) (1)","AY243585 (1) (1), For (1) (1), Gene (2) (1), Leptin (1) (1), PPAR (2) (1), PPAR- (2) (1), Pparg (1) (1), Sigma (1) (1)",5.2,0.018,106,32," PMC10293773, PMC10391670, PMC10457376, PMC10493026, PMC10574348, PMC10584668, PMC10640650, PMC10800963, PMC10894491, PMC10909856, PMC10915961, PMC10991688, PMC11005727, PMC11101575, PMC11109229, PMC11233315, PMC11332326, PMC11344058, PMC11386124, PMC11425883, PMC11474195, PMC11655665, PMC11770550, PMC11774659, PMC11859973, PMC11867264, PMC11982689, PMC11999940, PMC12012053, PMC12024758, PMC3407732, PMC3735638, PMC3855865, PMC3867350, PMC4121249, PMC4210202, PMC4910150, PMC4946221, PMC5442466, PMC5504166, PMC5523402, PMC5603714, PMC5647083, PMC5706914, PMC5725107, PMC5748791, PMC5779969, PMC5827540, PMC6079550, PMC6111843, PMC6203291, PMC6289418, PMC6515168, PMC6689118, PMC6701280, PMC6764825, PMC6804931, PMC6915940, PMC6917501, PMC6970010, PMC7111262, PMC7113529, PMC7143820, PMC7183135, PMC7214697, PMC7215208, PMC7304222, PMC7381423, PMC7412000, PMC7583302, PMC7760913, PMC7790590, PMC7875896, PMC8022418, PMC8087947, PMC8229661, PMC8430495, PMC8433026, PMC8447755, PMC8527580, PMC8529953, PMC8666036, PMC8688932, PMC9175488, PMC9276046, PMC9311567, PMC9533627, PMC9758429, PMC9818778, PMC9861916,PMC10011519,PMC10073093,PMC10435624,PMC10591066,PMC10844594,PMC10864892,PMC11601902,PMC12087948,PMC12219764,PMC5113048,PMC6289418,PMC7613867,PMC7615526,PMC8055204"," PMC10451898, PMC10663915, PMC10837629, PMC2360696, PMC3502023, PMC3594984, PMC3659486, PMC3896666, PMC4314587, PMC4899896, PMC4942897, PMC5335663, PMC5547983, PMC6312313, PMC6371468, PMC6400203, PMC7436261, PMC7498633, PMC7551095, PMC7935975, PMC8011093, PMC8698494, PMC8807491, PMC8880371, PMC8895642, PMC9029851, PMC9074965, PMC9382112, PMC9897547, PMC9935639, PMC9998859,PMC10142012",173.0,0.0,XM_039107130.2,XM_063285619.1,493.0,590.0,514.0,610.0,forward,reverse_complement,Pparg,Pparg,59.58,61.82,45.5,52.4,104,32,3,2,5,,,,,,,,,,,,,,,,,,,,,"PMC10011519,PMC10073093,PMC10293773,PMC10391670,PMC10435624,PMC10457376,PMC10493026,PMC10574348,PMC10584668,PMC10591066,PMC10640650,PMC10800963,PMC10844594,PMC10864892,PMC10894491,PMC10909856,PMC10915961,PMC10991688,PMC11005727,PMC11101575,PMC11109229,PMC11233315,PMC11332326,PMC11344058,PMC11386124,PMC11425883,PMC11474195,PMC11601902,PMC11655665,PMC11770550,PMC11774659,PMC11859973,PMC11867264,PMC11982689,PMC11999940,PMC12012053,PMC12024758,PMC12087948,PMC12219764,PMC3407732,PMC3735638,PMC3855865,PMC3867350,PMC4121249,PMC4210202,PMC4910150,PMC4946221,PMC5113048,PMC5442466,PMC5504166,PMC5523402,PMC5603714,PMC5647083,PMC5706914,PMC5725107,PMC5748791,PMC5779969,PMC5827540,PMC6079550,PMC6111843,PMC6203291,PMC6289418,PMC6515168,PMC6689118,PMC6701280,PMC6764825,PMC6804931,PMC6915940,PMC6917501,PMC6970010,PMC7111262,PMC7113529,PMC7143820,PMC7183135,PMC7214697,PMC7304222,PMC7381423,PMC7412000,PMC7583302,PMC7613867,PMC7615526,PMC7760913,PMC7790590,PMC7875896,PMC8022418,PMC8055204,PMC8087947,PMC8229661,PMC8430495,PMC8433026,PMC8447755,PMC8527580,PMC8529953,PMC8666036,PMC8688932,PMC9175488,PMC9276046,PMC9311567,PMC9533627,PMC9758429,PMC9818778,PMC9861916",PMC7215208,"PMC10142012,PMC10451898,PMC10663915,PMC10837629,PMC2360696,PMC3502023,PMC3594984,PMC3659486,PMC3896666,PMC4314587,PMC4899896,PMC4942897,PMC5335663,PMC5547983,PMC6312313,PMC6371468,PMC6400203,PMC7436261,PMC7498633,PMC7551095,PMC7935975,PMC8011093,PMC8698494,PMC8807491,PMC8880371,PMC8895642,PMC9029851,PMC9074965,PMC9382112,PMC9897547,PMC9935639,PMC9998859",,102,1,32,0,,0,0.695712138097693,0.8755555555555554,0.25333333333333263,66.11894023821796,76.27010445142926
CTGGCCTCCCTGATGAATAA,GCCCTTTGGTGACTTTATGG,"IL- (1) (1), PPAR (5) (1), PPAR- (4) (1), Ppar- (1) (1), Target (1) (1), m-Pparg (1) (1), mus-Ppar (2) (1)","COX-2 (1) (1), Forwa (1) (1), PPAR (5) (1), PPAR- (2) (1), PPARg (1) (1), Pparg (3) (1), Sequence (1) (1)",0.87,0.87,24,21," PMC10462892, PMC10628467, PMC10649746, PMC10892617, PMC11224233, PMC2947078, PMC3832965, PMC4260743, PMC5143616, PMC5147407, PMC5627035, PMC5928879, PMC6055728, PMC7488425, PMC7603378, PMC8705906, PMC8984972, PMC9699764, PMC9811602, PMC9816933, PMC9855157,PMC10376543,PMC6055728"," PMC11392436, PMC3641338, PMC3680492, PMC3854415, PMC4446603, PMC4490365, PMC4808893, PMC5272960, PMC5274663, PMC5303880, PMC5520916, PMC5774772, PMC7256195, PMC7996818, PMC8946515, PMC9193963, PMC9307619,PMC10056947,PMC10630120,PMC8184948",39.0,69.0,XM_063285619.1,XM_063285619.1,355.0,441.0,374.0,460.0,forward,reverse_complement,Pparg,Pparg,57.33,57.32,50.0,50.0,23,20,4,2,4,,,,,,,,,,,,,,,,,,,,,"PMC10628467,PMC10649746,PMC10892617,PMC2947078,PMC4260743,PMC5147407,PMC5928879,PMC6055728,PMC7488425,PMC8984972,PMC9699764,PMC9811602,PMC9816933","PMC10376543,PMC10462892,PMC11224233,PMC3832965,PMC5143616,PMC5627035,PMC7603378,PMC8705906,PMC9855157","PMC10056947,PMC10630120,PMC11392436,PMC3641338,PMC3854415,PMC4446603,PMC4490365,PMC4808893,PMC5272960,PMC5274663,PMC5303880,PMC5520916,PMC5774772,PMC7256195,PMC7996818,PMC8184948,PMC8946515,PMC9193963,PMC9307619",PMC3680492,13,9,19,1,,0,0.5012227504769748,0.7027777777777777,0.9966666666666674,66.07780419051542,76.19114275997867
CCATTCTGGCCCACCAAC,TCGCACTTTGGTATTCTTGGAG,"ALP (1) (1), EBP- (1) (1), Notch1 (1) (1), PPAR (4) (1), PPAR- (1) (1), Peroxisome (1) (1), ppar (1) (1)","Actin (1) (1), CCTT-3 (1) (1), GAPDH (1) (1), GLUT4 (1) (1), Mouse (1) (1), NCBI (1) (1), PPAR (5) (1), PPAR- (2) (1), PPARg (2) (1), PPARgamma (1) (1), Ppar (1) (1), Pparg (6) (1), Pparg-F (1) (1), mPPAR (1) (1), mouse (3) (1)",0.028,5.2,21,46," PMC11478415, PMC3423963, PMC3721064, PMC4726366, PMC5544666, PMC5552280, PMC6015321, PMC7230395, PMC7943869, PMC8328820, PMC8540745, PMC9228151, PMC9569567, PMC9728208,PMC10401007,PMC10471458,PMC10547967,PMC11016382,PMC5544666,PMC7304443"," PMC10439784, PMC10706267, PMC10708053, PMC10708223, PMC11547266, PMC11548234, PMC11744575, PMC11827246, PMC2644643, PMC2654925, PMC3012170, PMC3040184, PMC3262812, PMC4550358, PMC4917844, PMC5459794, PMC5549899, PMC5691754, PMC5852494, PMC5852707, PMC5870114, PMC6037667, PMC6317813, PMC6340891, PMC6628038, PMC7183135, PMC7238871, PMC7657391, PMC7714571, PMC8034456, PMC8394237, PMC8485121, PMC9013079, PMC9207017, PMC9859061,PMC10415798,PMC10433434,PMC10686244,PMC2644643,PMC3012170,PMC6317813,PMC8012525,PMC8891301,PMC9744749",29.0,250.0,XM_039107130.2,XM_039107130.2,344.0,530.0,361.0,551.0,forward,reverse_complement,Pparg,Pparg,58.95,59.32,61.1,45.5,20,44,4,2,5,,,,,,,,,,,,,,,,,,,,,"PMC10401007,PMC10471458,PMC10547967,PMC11016382,PMC11478415,PMC3423963,PMC3721064,PMC4726366,PMC5544666,PMC5552280,PMC7230395,PMC7304443,PMC8328820,PMC8540745,PMC9228151,PMC9569567,PMC9728208","PMC6015321,PMC7943869","PMC10433434,PMC10706267,PMC10708053,PMC11547266,PMC11548234,PMC11744575,PMC2644643,PMC2654925,PMC3012170,PMC3040184,PMC3262812,PMC5691754,PMC5870114,PMC6037667,PMC6340891,PMC6628038,PMC7238871,PMC8034456,PMC8485121,PMC8891301,PMC9744749","PMC10415798,PMC10439784,PMC10686244,PMC10708223,PMC11827246,PMC4550358,PMC4917844,PMC5459794,PMC5549899,PMC5852494,PMC5852707,PMC6317813,PMC7183135,PMC7657391,PMC7714571,PMC8012525,PMC8394237,PMC9013079,PMC9207017,PMC9859061",17,2,21,20,,0,0.5379766634338967,0.7151388888888891,0.8766666666666675,65.88633317169486,75.8217212367583
AGAGGTCCACAGAGCTGATTCC,GGAGCCTAAGTTTGAGTTTGCTGTG,"AGAGGTCCA (1) (1), Chst11 (1) (1), FAS (1) (1), GCTGATTCC-3 (1) (1), Gene (2) (1), M-Ppar (1) (1), PPAR (3) (1), PPAR-r (1) (1), PPARG (1) (1), PPARG1 (1) (1), PPARG2 (1) (1), Peroxisome (2) (1), Pparg (6) (1), Pparg1 (2) (1), Pparg2 (2) (1), R-5 (1) (1), The (1) (1), hPPAR (1) (1), v71_mPPARg1_R (1) (1)","PPAR (8) (1), PPAR- (5) (1), PPARG (1) (1), Ppar (2) (1), Pparg (2) (1), Pparg2 (1) (1), The (1) (1), USA (1) (1)",1.3,0.002,61,26," PMC10482948, PMC10932199, PMC11948036, PMC2670277, PMC3383997, PMC3463192, PMC3514219, PMC3536358, PMC3596909, PMC3655946, PMC3672145, PMC3683442, PMC3765709, PMC3843710, PMC3876074, PMC3934724, PMC3976270, PMC4133603, PMC4643498, PMC4855278, PMC5039206, PMC5429735, PMC5468488, PMC5542270, PMC5618579, PMC6054211, PMC6075146, PMC6093883, PMC6113930, PMC6189690, PMC6305703, PMC6515133, PMC6516146, PMC6562390, PMC6719206, PMC7094326, PMC7146557, PMC7151757, PMC7406041, PMC7917964, PMC8228698, PMC8827147, PMC9841012,PMC10129420,PMC10569047,PMC10763978,PMC11335233,PMC2670277,PMC3046854,PMC3383997,PMC4929941,PMC6054211,PMC8973844,PMC9421387"," PMC10580242, PMC11103509, PMC11174045, PMC11456014, PMC11895304, PMC4053448, PMC4568495, PMC4768967, PMC4773281, PMC4823969, PMC5129295, PMC5840394, PMC6111351, PMC6129006, PMC6170879, PMC6689966, PMC6883612, PMC7085882, PMC7175626, PMC7469599, PMC7939365, PMC8435281, PMC8974087, PMC9268059,PMC10563708,PMC7925592",659.0,8.0,XM_039107130.2,XM_063285619.1,365.0,459.0,386.0,483.0,forward,reverse_complement,Pparg,Pparg,62.15,63.16,54.5,48.0,54,26,4,3,5,,,,,,,,,,,,,,,,,,,,,"PMC10129420,PMC10482948,PMC10569047,PMC10763978,PMC10932199,PMC11335233,PMC11948036,PMC2670277,PMC3046854,PMC3383997,PMC3463192,PMC3514219,PMC3536358,PMC3596909,PMC3655946,PMC3672145,PMC3683442,PMC3765709,PMC3843710,PMC3876074,PMC3934724,PMC3976270,PMC4133603,PMC4643498,PMC4855278,PMC4929941,PMC5039206,PMC5429735,PMC5468488,PMC5542270,PMC5618579,PMC6054211,PMC6075146,PMC6093883,PMC6113930,PMC6189690,PMC6305703,PMC6515133,PMC6516146,PMC6562390,PMC6719206,PMC7094326,PMC7146557,PMC7151757,PMC7406041,PMC7917964,PMC8228698,PMC8827147,PMC8973844,PMC9421387,PMC9841012",,"PMC10563708,PMC10580242,PMC11103509,PMC11174045,PMC11456014,PMC11895304,PMC4053448,PMC4568495,PMC4768967,PMC4773281,PMC4823969,PMC5129295,PMC5840394,PMC6111351,PMC6129006,PMC6170879,PMC6689966,PMC6883612,PMC7085882,PMC7175626,PMC7469599,PMC7925592,PMC7939365,PMC8435281,PMC8974087,PMC9268059",,51,0,26,0,,0,0.6206683656867511,0.7138888888888889,0.663333333333334,65.71675161767091,75.49195277205858
GTAATCAGCAACCATTGGGTCA,TGCAGCAGGTTGTCTTGGATG,"Ap2 (1) (1), BIRC5 (1) (1), Cebpa (1) (1), EBP- (1) (1), GAPDH (1) (1), Gene (3) (1), Gsy (1) (1), House (1) (1), Mouse (2) (1), Mouse-Pparg (1) (1), PPAR (6) (1), PPAR- (7) (1), PPARG (1) (1), Ppar (1) (1), Pparg (10) (1), Pparg-Reverse (1) (1), Rev-5 (1) (1), Species (1) (1), Supplementary (1) (1), TCA (1) (1), mPPAR (1) (1), pparg (1) (1)","Accession (1) (1), Anti-sense (1) (1), Direction (1) (1), Downstream (1) (1), Name (1) (1), PPAR (1) (1), PPAR- (2) (1), Ppar (1) (1), Pparg (1) (1), Pparg2 (1) (1), Rvs (1) (1)",5.2,0.018,106,26," PMC10293773, PMC10391670, PMC10457376, PMC10493026, PMC10574348, PMC10584668, PMC10640650, PMC10800963, PMC10894491, PMC10909856, PMC10915961, PMC10991688, PMC11005727, PMC11101575, PMC11109229, PMC11233315, PMC11332326, PMC11344058, PMC11386124, PMC11425883, PMC11474195, PMC11655665, PMC11770550, PMC11774659, PMC11859973, PMC11867264, PMC11982689, PMC11999940, PMC12012053, PMC12024758, PMC3407732, PMC3735638, PMC3855865, PMC3867350, PMC4121249, PMC4210202, PMC4910150, PMC4946221, PMC5442466, PMC5504166, PMC5523402, PMC5603714, PMC5647083, PMC5706914, PMC5725107, PMC5748791, PMC5779969, PMC5827540, PMC6079550, PMC6111843, PMC6203291, PMC6289418, PMC6515168, PMC6689118, PMC6701280, PMC6764825, PMC6804931, PMC6915940, PMC6917501, PMC6970010, PMC7111262, PMC7113529, PMC7143820, PMC7183135, PMC7214697, PMC7215208, PMC7304222, PMC7381423, PMC7412000, PMC7583302, PMC7760913, PMC7790590, PMC7875896, PMC8022418, PMC8087947, PMC8229661, PMC8430495, PMC8433026, PMC8447755, PMC8527580, PMC8529953, PMC8666036, PMC8688932, PMC9175488, PMC9276046, PMC9311567, PMC9533627, PMC9758429, PMC9818778, PMC9861916,PMC10011519,PMC10073093,PMC10435624,PMC10591066,PMC10844594,PMC10864892,PMC11601902,PMC12087948,PMC12219764,PMC5113048,PMC6289418,PMC7613867,PMC7615526,PMC8055204"," PMC10580242, PMC10780770, PMC11103509, PMC11174045, PMC11456014, PMC11515743, PMC11895304, PMC4053448, PMC4568495, PMC4768967, PMC4773281, PMC5129295, PMC5840394, PMC6129006, PMC6170879, PMC6689966, PMC6883612, PMC7085882, PMC7175626, PMC7469599, PMC7939365, PMC8435281, PMC9268059,PMC10409762,PMC10563708,PMC7925592",173.0,12.0,XM_039107130.2,XM_063285619.1,493.0,591.0,514.0,611.0,forward,reverse_complement,Pparg,Pparg,59.58,61.82,45.5,52.4,104,26,3,4,5,,,,,,,,,,,,,,,,,,,,,"PMC10011519,PMC10073093,PMC10293773,PMC10391670,PMC10435624,PMC10457376,PMC10493026,PMC10574348,PMC10584668,PMC10591066,PMC10640650,PMC10800963,PMC10844594,PMC10864892,PMC10894491,PMC10909856,PMC10915961,PMC10991688,PMC11005727,PMC11101575,PMC11109229,PMC11233315,PMC11332326,PMC11344058,PMC11386124,PMC11425883,PMC11474195,PMC11601902,PMC11655665,PMC11770550,PMC11774659,PMC11859973,PMC11867264,PMC11982689,PMC11999940,PMC12012053,PMC12024758,PMC12087948,PMC12219764,PMC3407732,PMC3735638,PMC3855865,PMC3867350,PMC4121249,PMC4210202,PMC4910150,PMC4946221,PMC5113048,PMC5442466,PMC5504166,PMC5523402,PMC5603714,PMC5647083,PMC5706914,PMC5725107,PMC5748791,PMC5779969,PMC5827540,PMC6079550,PMC6111843,PMC6203291,PMC6289418,PMC6515168,PMC6689118,PMC6701280,PMC6764825,PMC6804931,PMC6915940,PMC6917501,PMC6970010,PMC7111262,PMC7113529,PMC7143820,PMC7183135,PMC7214697,PMC7304222,PMC7381423,PMC7412000,PMC7583302,PMC7613867,PMC7615526,PMC7760913,PMC7790590,PMC7875896,PMC8022418,PMC8055204,PMC8087947,PMC8229661,PMC8430495,PMC8433026,PMC8447755,PMC8527580,PMC8529953,PMC8666036,PMC8688932,PMC9175488,PMC9276046,PMC9311567,PMC9533627,PMC9758429,PMC9818778,PMC9861916",PMC7215208,"PMC10563708,PMC10580242,PMC11103509,PMC11174045,PMC11456014,PMC11515743,PMC11895304,PMC4053448,PMC4568495,PMC4768967,PMC4773281,PMC5129295,PMC5840394,PMC6129006,PMC6170879,PMC6689966,PMC6883612,PMC7085882,PMC7175626,PMC7469599,PMC7925592,PMC7939365,PMC8435281,PMC9268059","PMC10409762,PMC10780770",102,1,24,2,,0,0.674565400243031,0.8755555555555554,0.25333333333333263,65.06160334548487,74.19554420243011
GAAACTGGCACCCTTGAAAA,GAGAGGTCCACAGAGCTGATT,"AATCCTTGGCCCTC (1) (1), BC021798.1 (1) (1), CCAAT (1) (1), FABP4 (1) (1), GLUT4 (1) (1), M-PPAR (1) (1), Mouse (2) (1), PPAR (15) (1), PPAR- (7) (1), PPARr (2) (1), Ppar (3) (1), Ppar- (1) (1), Pparg (3) (1), SCARB1 (1) (1), The (3) (1), Type (2) (1), m-Pparg (1) (1), mPPAR (3) (1), mPparg (1) (1)","Backward (1) (1), CD206 (1) (1), Cebp (1) (1), Cebpa (1) (1), Cfd (1) (1), Ctsk (1) (1), Data (1) (1), EBP (1) (1), EPOR (1) (1), FABP4 (1) (1), Fabp4 (1) (1), Fas (1) (1), GACTTCAGCCCC (1) (1), GAT (1) (1), Gene (2) (1), Genes (1) (1), Hdac7 (1) (1), M-PPAR (2) (1), Mouse (3) (1), NM_001127330 (1) (1), PPAR (12) (1), PPAR- (5) (1), PPARG (3) (1), PPARG2 (1) (1), PPARg (1) (1), PPARr2 (1) (1), Ppar- (3) (1), Ppar-g (1) (1), Pparg (29) (1), Pparg-R (2) (1), Pparg2 (5) (1), Pparg2-R (1) (1), Ppargamma (1) (1), Ppparg2 (1) (1), R-5 (1) (1), Runx2-R (1) (1), TCGCTGATGCACTGC (1) (1), Zfp521 (1) (1), mPPAR (2) (1), mouse (2) (1), peroxisome (1) (1), ppar (1) (1), pparg (1) (1)",3.5,1.1,76,191," PMC10160913, PMC10287548, PMC10384140, PMC10462892, PMC10688138, PMC10793101, PMC10818689, PMC10825279, PMC11224233, PMC11239423, PMC11428251, PMC11728925, PMC11799321, PMC11960900, PMC2266907, PMC2710974, PMC2810335, PMC3416825, PMC3542373, PMC3570948, PMC3705151, PMC3723699, PMC3790740, PMC3823124, PMC3832965, PMC3835255, PMC3852222, PMC4073142, PMC4152150, PMC4229254, PMC4369894, PMC4385643, PMC4668026, PMC4786089, PMC4847245, PMC4939947, PMC5075883, PMC5098089, PMC5117762, PMC5261006, PMC5414590, PMC5490533, PMC5627035, PMC6116159, PMC6119702, PMC6136741, PMC6222827, PMC6304627, PMC6497719, PMC6571603, PMC6593480, PMC6748141, PMC6814586, PMC7353287, PMC7589720, PMC7762257, PMC7829882, PMC8057619, PMC8436959, PMC8538253, PMC8636588, PMC8692010, PMC8698410, PMC8705906, PMC9188258, PMC9268393, PMC9282747, PMC9363298, PMC9407432, PMC9847547, PMC9855157, PMC9868538,PMC10036741,PMC10315547,PMC11668853,PMC5431985"," PMC10033317, PMC10158218, PMC10197897, PMC10238510, PMC10284622, PMC10338905, PMC10449610, PMC10544195, PMC10704432, PMC10844047, PMC10864868, PMC10876302, PMC11046877, PMC11063945, PMC11148282, PMC11184087, PMC11233932, PMC11253886, PMC11277109, PMC11288106, PMC11294031, PMC11335861, PMC11345305, PMC11401225, PMC11404087, PMC11416408, PMC11481385, PMC11492321, PMC11550531, PMC11570976, PMC11600633, PMC11632295, PMC11748973, PMC11782863, PMC11798734, PMC11799339, PMC11967773, PMC11973390, PMC11980105, PMC12020889, PMC12102944, PMC3066210, PMC3503535, PMC3567081, PMC3589443, PMC3594079, PMC3750626, PMC4062480, PMC4139062, PMC4281391, PMC4342021, PMC4358885, PMC4404155, PMC4517749, PMC4558122, PMC4595909, PMC4978386, PMC5037922, PMC5143777, PMC5288653, PMC5400528, PMC5420449, PMC5423412, PMC5471235, PMC5490270, PMC5535886, PMC5665938, PMC5667933, PMC5670231, PMC5675695, PMC5676986, PMC5678092, PMC5701004, PMC5770450, PMC5859022, PMC5893555, PMC5935725, PMC5952356, PMC5986490, PMC6051667, PMC6062601, PMC6124163, PMC6157474, PMC6224457, PMC6270775, PMC6317813, PMC6356276, PMC6370809, PMC6437600, PMC6519991, PMC6528359, PMC6535786, PMC6610100, PMC6651838, PMC6668797, PMC6732310, PMC6746433, PMC6768057, PMC6832161, PMC6875017, PMC6885157, PMC6885226, PMC6907062, PMC6915940, PMC7017059, PMC7072197, PMC7211001, PMC7214468, PMC7294158, PMC7380279, PMC7385159, PMC7492893, PMC7515928, PMC7589760, PMC7689817, PMC7738482, PMC7768082, PMC7829353, PMC7955518, PMC7979882, PMC7990545, PMC8076604, PMC8187789, PMC8209477, PMC8209492, PMC8311225, PMC8322846, PMC8505974, PMC8528721, PMC8538474, PMC8608845, PMC8654480, PMC8667404, PMC8671298, PMC8728525, PMC8741290, PMC8741355, PMC8809606, PMC8866150, PMC8867119, PMC8898895, PMC8903613, PMC8933454, PMC8965489, PMC9050107, PMC9064292, PMC9101191, PMC9119859, PMC9130445, PMC9188085, PMC9194453, PMC9204983, PMC9207532, PMC9351573, PMC9368982, PMC9428460, PMC9533627, PMC9554467, PMC9742564,PMC10002255,PMC10564795,PMC10663734,PMC10765379,PMC11325268,PMC11693572,PMC12075589,PMC3594079,PMC5113048,PMC5288653,PMC5425620,PMC6317813,PMC6981200,PMC7732485,PMC7761942,PMC8387336,PMC8481296,PMC8693044,PMC9254126,PMC9270398,PMC9404394,PMC9665029,PMC9883500,PMC9910603",37.0,692.0,XM_063285619.1,XM_039107130.2,210.0,367.0,229.0,387.0,forward,reverse_complement,Pparg,Pparg,57.39,59.83,45.0,52.4,76,183,2,4,3,,,,,,,,,,,,,,,,,,,,,"PMC10287548,PMC11668853,PMC11960900,PMC2810335,PMC3570948,PMC3835255,PMC3852222,PMC4229254,PMC4786089,PMC4939947,PMC5075883,PMC5414590,PMC6116159,PMC7829882,PMC8057619,PMC8636588,PMC9282747,PMC9407432","PMC10036741,PMC10160913,PMC10315547,PMC10384140,PMC10462892,PMC10688138,PMC10793101,PMC10818689,PMC10825279,PMC11224233,PMC11239423,PMC11428251,PMC11728925,PMC11799321,PMC2266907,PMC2710974,PMC3416825,PMC3542373,PMC3705151,PMC3723699,PMC3790740,PMC3823124,PMC3832965,PMC4073142,PMC4152150,PMC4369894,PMC4385643,PMC4668026,PMC4847245,PMC5098089,PMC5117762,PMC5261006,PMC5431985,PMC5490533,PMC5627035,PMC6119702,PMC6136741,PMC6222827,PMC6304627,PMC6497719,PMC6571603,PMC6593480,PMC6748141,PMC6814586,PMC7353287,PMC7589720,PMC7762257,PMC8436959,PMC8538253,PMC8692010,PMC8698410,PMC8705906,PMC9188258,PMC9268393,PMC9363298,PMC9847547,PMC9855157,PMC9868538","PMC10002255,PMC10033317,PMC10158218,PMC10197897,PMC10238510,PMC10284622,PMC10338905,PMC10449610,PMC10544195,PMC10564795,PMC10663734,PMC10704432,PMC10765379,PMC10844047,PMC10864868,PMC10876302,PMC11046877,PMC11063945,PMC11148282,PMC11184087,PMC11233932,PMC11253886,PMC11277109,PMC11288106,PMC11294031,PMC11325268,PMC11335861,PMC11345305,PMC11401225,PMC11404087,PMC11416408,PMC11481385,PMC11492321,PMC11550531,PMC11570976,PMC11600633,PMC11632295,PMC11693572,PMC11748973,PMC11782863,PMC11798734,PMC11799339,PMC11967773,PMC11973390,PMC11980105,PMC12020889,PMC12075589,PMC12102944,PMC3066210,PMC3503535,PMC3567081,PMC3589443,PMC3594079,PMC3750626,PMC4062480,PMC4139062,PMC4281391,PMC4342021,PMC4358885,PMC4404155,PMC4517749,PMC4558122,PMC4595909,PMC4978386,PMC5037922,PMC5113048,PMC5143777,PMC5288653,PMC5400528,PMC5420449,PMC5423412,PMC5425620,PMC5471235,PMC5490270,PMC5535886,PMC5665938,PMC5667933,PMC5670231,PMC5675695,PMC5676986,PMC5678092,PMC5701004,PMC5770450,PMC5859022,PMC5893555,PMC5935725,PMC5952356,PMC5986490,PMC6051667,PMC6062601,PMC6124163,PMC6157474,PMC6224457,PMC6270775,PMC6317813,PMC6356276,PMC6370809,PMC6437600,PMC6519991,PMC6528359,PMC6535786,PMC6610100,PMC6651838,PMC6668797,PMC6732310,PMC6746433,PMC6768057,PMC6832161,PMC6875017,PMC6885157,PMC6885226,PMC6907062,PMC6915940,PMC6981200,PMC7017059,PMC7072197,PMC7211001,PMC7214468,PMC7294158,PMC7380279,PMC7385159,PMC7492893,PMC7515928,PMC7589760,PMC7689817,PMC7732485,PMC7738482,PMC7761942,PMC7768082,PMC7829353,PMC7955518,PMC7979882,PMC7990545,PMC8076604,PMC8187789,PMC8209477,PMC8209492,PMC8311225,PMC8322846,PMC8387336,PMC8481296,PMC8505974,PMC8528721,PMC8538474,PMC8608845,PMC8654480,PMC8667404,PMC8671298,PMC8693044,PMC8728525,PMC8741290,PMC8741355,PMC8809606,PMC8866150,PMC8867119,PMC8898895,PMC8903613,PMC8933454,PMC8965489,PMC9050107,PMC9064292,PMC9101191,PMC9119859,PMC9130445,PMC9188085,PMC9194453,PMC9204983,PMC9207532,PMC9254126,PMC9270398,PMC9351573,PMC9368982,PMC9404394,PMC9428460,PMC9533627,PMC9554467,PMC9665029,PMC9742564,PMC9883500,PMC9910603",,18,58,180,0,,0,0.7152056695819731,0.8455555555555555,0.18666666666666742,64.86028347909867,73.79014599803698
ATTCTGGCCCACCAACTTCGG,GGAGCCTAAGTTTGAGTTTGCTGTG,"ATCCCCA (1) (1), LXR- (1) (1), Mouse (2) (1), NM_013124 (1) (1), PPAR (9) (1), PPAR- (2) (1), Ppar (4) (1), Ppar- (3) (1), h-PPAR (1) (1), m-PPAR- (1) (1), m-Ppar (1) (1), mice (1) (1), mouse (2) (1), pparg (1) (1)","PPAR (8) (1), PPAR- (5) (1), PPARG (1) (1), Ppar (2) (1), Pparg (2) (1), Pparg2 (1) (1), The (1) (1), USA (1) (1)",0.07,0.002,31,26," PMC10229743, PMC10907224, PMC11264885, PMC11538716, PMC11763583, PMC11889382, PMC11954833, PMC11996808, PMC3101135, PMC4007599, PMC4124023, PMC4555131, PMC4686102, PMC5405163, PMC5412430, PMC5822826, PMC5833382, PMC5900726, PMC6307104, PMC6850665, PMC6933398, PMC7153657, PMC7761196, PMC8075410, PMC8720966, PMC8938331, PMC8956545, PMC9113867, PMC9299589,PMC10197113,PMC6231226"," PMC10580242, PMC11103509, PMC11174045, PMC11456014, PMC11895304, PMC4053448, PMC4568495, PMC4768967, PMC4773281, PMC4823969, PMC5129295, PMC5840394, PMC6111351, PMC6129006, PMC6170879, PMC6689966, PMC6883612, PMC7085882, PMC7175626, PMC7469599, PMC7939365, PMC8435281, PMC8974087, PMC9268059,PMC10563708,PMC7925592",15.0,8.0,XM_039107130.2,XM_063285619.1,346.0,459.0,366.0,483.0,forward,reverse_complement,Pparg,Pparg,63.62,63.16,57.1,48.0,31,26,4,3,5,,,,,,,,,,,,,,,,,,,,,"PMC10197113,PMC10229743,PMC10907224,PMC11264885,PMC11538716,PMC11763583,PMC11889382,PMC11954833,PMC11996808,PMC3101135,PMC4007599,PMC4124023,PMC4555131,PMC4686102,PMC5405163,PMC5412430,PMC5822826,PMC5833382,PMC5900726,PMC6231226,PMC6307104,PMC6850665,PMC6933398,PMC7153657,PMC7761196,PMC8075410,PMC8720966,PMC8938331,PMC8956545,PMC9113867,PMC9299589",,"PMC10563708,PMC10580242,PMC11103509,PMC11174045,PMC11456014,PMC11895304,PMC4053448,PMC4568495,PMC4768967,PMC4773281,PMC4823969,PMC5129295,PMC5840394,PMC6111351,PMC6129006,PMC6170879,PMC6689966,PMC6883612,PMC7085882,PMC7175626,PMC7469599,PMC7925592,PMC7939365,PMC8435281,PMC8974087,PMC9268059",,31,0,26,0,,0,0.5790875747693286,0.625,0.8466666666666663,64.63771207179975,73.3381847420317
CATGGTTGACACAGAGATGCCA,GCAGCAGGTTGTCTTGGATGT,"Cebp (1) (1), HSL (1) (1), Mouse (3) (1), PPAR (1) (1), PPARg1 (1) (1), Ppar (1) (1), Ppar- (1) (1), Pparg (7) (1), Pparg1 (3) (1), Pparg2 (8) (1), Prdm16 (1) (1), Rarg (1) (1), SREBP1c (1) (1), qP-mmu-Pparg-R (1) (1)","AY243585 (1) (1), For (1) (1), Gene (2) (1), Leptin (1) (1), PPAR (2) (1), PPAR- (2) (1), Pparg (1) (1), Sigma (1) (1)",0.000345,0.018,63,32," PMC10212965, PMC10494292, PMC10665956, PMC10813623, PMC10953078, PMC11079528, PMC11344321, PMC12015651, PMC12075709, PMC2987584, PMC3179551, PMC3517475, PMC3600570, PMC3701325, PMC4318146, PMC4415922, PMC4426667, PMC4686834, PMC5472651, PMC5549630, PMC5551894, PMC5552276, PMC5641598, PMC5641601, PMC5727902, PMC5832777, PMC6067065, PMC6167054, PMC6224186, PMC6377366, PMC6963209, PMC6972779, PMC7017160, PMC7033330, PMC7115112, PMC7132097, PMC7603645, PMC8178412, PMC8253743, PMC8929042, PMC9240041, PMC9243428, PMC9409404, PMC9486017, PMC9718766,PMC10148125,PMC10164900,PMC10561838,PMC2987584,PMC3179551,PMC6715529,PMC7059199,PMC8016875,PMC8559675,PMC8979988,PMC9875052"," PMC10451898, PMC10663915, PMC10837629, PMC2360696, PMC3502023, PMC3594984, PMC3659486, PMC3896666, PMC4314587, PMC4899896, PMC4942897, PMC5335663, PMC5547983, PMC6312313, PMC6371468, PMC6400203, PMC7436261, PMC7498633, PMC7551095, PMC7935975, PMC8011093, PMC8698494, PMC8807491, PMC8880371, PMC8895642, PMC9029851, PMC9074965, PMC9382112, PMC9897547, PMC9935639, PMC9998859,PMC10142012",1397.0,0.0,XM_039107130.2,XM_063285619.1,325.0,590.0,346.0,610.0,forward,reverse_complement,Pparg,Pparg,61.54,61.82,50.0,52.4,56,32,4,2,4,,,,,,,,,,,,,,,,,,,,,,"PMC10148125,PMC10164900,PMC10212965,PMC10494292,PMC10561838,PMC10665956,PMC10813623,PMC10953078,PMC11079528,PMC11344321,PMC12015651,PMC12075709,PMC2987584,PMC3179551,PMC3517475,PMC3600570,PMC3701325,PMC4318146,PMC4415922,PMC4426667,PMC4686834,PMC5472651,PMC5549630,PMC5551894,PMC5552276,PMC5641598,PMC5641601,PMC5727902,PMC5832777,PMC6067065,PMC6167054,PMC6224186,PMC6377366,PMC6715529,PMC6963209,PMC6972779,PMC7017160,PMC7033330,PMC7059199,PMC7115112,PMC7132097,PMC7603645,PMC8016875,PMC8178412,PMC8253743,PMC8559675,PMC8929042,PMC8979988,PMC9240041,PMC9243428,PMC9409404,PMC9486017,PMC9718766,PMC9875052","PMC10142012,PMC10451898,PMC10663915,PMC10837629,PMC2360696,PMC3502023,PMC3594984,PMC3659486,PMC3896666,PMC4314587,PMC4899896,PMC4942897,PMC5335663,PMC5547983,PMC6312313,PMC6371468,PMC6400203,PMC7436261,PMC7498633,PMC7551095,PMC7935975,PMC8011093,PMC8698494,PMC8807491,PMC8880371,PMC8895642,PMC9029851,PMC9074965,PMC9382112,PMC9897547,PMC9935639,PMC9998859",,0,54,32,0,,0,0.4364358244621843,0.8133333333333332,0.9066666666666663,64.35512455644253,72.75872986653089
