f_sequence,r_sequence,f_gene,r_gene,f_author_gene_list,r_author_gene_list,f_evalue,r_evalue,f_Occurrence_Count,r_Occurrence_Count,f_pmcid_list,r_pmcid_list,f_Tm_C,r_Tm_C,f_GC_pct,r_GC_pct,f_total_citations,r_total_citations,f_pmcid_count,r_pmcid_count,f_match_start,r_match_start,f_match_end,r_match_end,f_orientation,r_orientation,f_self_comp,r_self_comp,pair_comp,f_reg_pmcid_list,f_inv_pmcid_list,r_reg_pmcid_list,r_inv_pmcid_list,pair_shared_pmcid_count,f_reg_pmcid_count,r_reg_pmcid_count,f_inv_pmcid_count,r_inv_pmcid_count,evidence_score,biophysics_score,synergy_score,pickr_score,pair_shared_pmcid_list
ATGACCAACAAGTGTCTCCTCC,ATAGATGGTCAATGCGGCGTC,IFNB1,IFNB1,"IFN- (18), IFNB1 (16), IFN (8), Human (4), IFNB1-F (4), hIFN- (4), IFNB (3), Ifnb-Forward (2), The (2), CY5/TCAAATGCAGTTAAGACAAATGCAGACGCT/IABRQSP (1), ChIP (1), Estonia (1), GTTG (1), Human-IFN- (1), IFN-B1 (1), IL15 (1), TGA (1), h-IFN (1), hIFN (1), hIFNbeta-F (1), human (1), human-IFN- (1), qRT-PCR (1)","IFN- (10), IFNB1 (5), CXCL10 (3), Human (3), IFN (2), ACE2 (1), CCL5 (1), HPRT1 (1), Hs (1), Human-3456-IFN-b-R (1), IFIT-1 (1), IFIT1 (1), IFN-b1 (1), IFNAR2 (1), IFNB (1), IFNb-R (1), IFNbeta-R (1), Ifnb1 (1), Mouse (1), PU-O-2211 (1), Pig-IFN- (1), REAGENT (1), Target (1), hIFNB_r (1), hIFNb1-R (1)",0.000345,0.001,92,60,"PMC10096049, PMC10166799, PMC10191704, PMC10269791, PMC10358927, PMC10374800, PMC10464373, PMC10467534, PMC10472448, PMC10473545, PMC10542019, PMC10572566, PMC10746195, PMC10766952, PMC10810132, PMC10863322, PMC10971493, PMC10986528, PMC11018288, PMC11063931, PMC11075854, PMC11239672, PMC11284931, PMC11302107, PMC11335216, PMC11348072, PMC11427277, PMC11702967, PMC11703929, PMC11752689, PMC11759301, PMC11773390, PMC11828882, PMC11855091, PMC11956509, PMC12093801, PMC12095255, PMC2848570, PMC3564005, PMC3650073, PMC4050184, PMC4658032, PMC4759556, PMC4770762, PMC5421826, PMC5465970, PMC5542643, PMC5622937, PMC5732537, PMC5764324, PMC5789414, PMC5902600, PMC5976527, PMC6289572, PMC6585057, PMC6817498, PMC6879830, PMC6917645, PMC6959316, PMC7052516, PMC7094989, PMC7103987, PMC7127557, PMC7144238, PMC7856200, PMC7913464, PMC8414799, PMC8482695, PMC8711646, PMC8726603, PMC8767043, PMC8790226, PMC8920271, PMC9093644, PMC9166744, PMC9184159, PMC9258715, PMC9301362, PMC9318592, PMC9330466, PMC9357881, PMC9363599, PMC9387935, PMC9659048, PMC9724671, PMC9781547, PMC9994488","PMC10052676, PMC10100850, PMC10236158, PMC10353925, PMC10507085, PMC10539660, PMC10601686, PMC10729338, PMC10746179, PMC10786922, PMC10846744, PMC10847042, PMC10927093, PMC11255895, PMC11306511, PMC11348266, PMC11484699, PMC11573810, PMC11654956, PMC11669202, PMC11908578, PMC11929817, PMC12043507, PMC12096145, PMC12112756, PMC4452922, PMC5555650, PMC5557678, PMC5906622, PMC5963799, PMC5981164, PMC6057324, PMC6410008, PMC6631246, PMC6760161, PMC6814850, PMC6826303, PMC6877643, PMC7367172, PMC7723856, PMC7822318, PMC7870622, PMC7895352, PMC7946191, PMC8363743, PMC8428181, PMC8430050, PMC8483903, PMC8530504, PMC8567250, PMC8674137, PMC8694063, PMC8785597, PMC8799857, PMC9088193, PMC9307842, PMC9358906, PMC9948413",60.63,61.53,50.0,52.4,1261,687,87,58,74.0,296.0,95.0,316.0,forward,reverse_complement,3,2,6,"PMC10096049,PMC10166799,PMC10191704,PMC10269791,PMC10358927,PMC10374800,PMC10464373,PMC10467534,PMC10472448,PMC10473545,PMC10542019,PMC10572566,PMC10746195,PMC10766952,PMC10810132,PMC10863322,PMC10971493,PMC10986528,PMC11018288,PMC11063931,PMC11075854,PMC11239672,PMC11284931,PMC11302107,PMC11335216,PMC11348072,PMC11427277,PMC11702967,PMC11703929,PMC11752689,PMC11759301,PMC11773390,PMC11828882,PMC11855091,PMC11956509,PMC12093801,PMC12095255,PMC2848570,PMC3564005,PMC3650073,PMC4050184,PMC4658032,PMC4759556,PMC4770762,PMC5421826,PMC5465970,PMC5542643,PMC5622937,PMC5732537,PMC5764324,PMC5789414,PMC5902600,PMC5976527,PMC6289572,PMC6585057,PMC6817498,PMC6879830,PMC6917645,PMC6959316,PMC7052516,PMC7094989,PMC7103987,PMC7127557,PMC7144238,PMC7856200,PMC7913464,PMC8414799,PMC8482695,PMC8711646,PMC8726603,PMC8767043,PMC8790226,PMC8920271,PMC9093644,PMC9166744,PMC9184159,PMC9258715,PMC9301362,PMC9318592,PMC9330466,PMC9357881,PMC9363599,PMC9387935,PMC9659048,PMC9724671,PMC9781547,PMC9994488",,"PMC10052676,PMC10100850,PMC10236158,PMC10353925,PMC10507085,PMC10539660,PMC10601686,PMC10729338,PMC10746179,PMC10786922,PMC10846744,PMC10847042,PMC10927093,PMC11255895,PMC11306511,PMC11348266,PMC11484699,PMC11573810,PMC11654956,PMC11669202,PMC11908578,PMC11929817,PMC12043507,PMC12096145,PMC12112756,PMC4452922,PMC5555650,PMC5557678,PMC5906622,PMC5963799,PMC5981164,PMC6057324,PMC6410008,PMC6631246,PMC6760161,PMC6814850,PMC6826303,PMC6877643,PMC7367172,PMC7723856,PMC7822318,PMC7870622,PMC7895352,PMC7946191,PMC8363743,PMC8428181,PMC8430050,PMC8483903,PMC8530504,PMC8567250,PMC8674137,PMC8694063,PMC8785597,PMC8799857,PMC9088193,PMC9307842,PMC9358906,PMC9948413",,0,87,58,0,0,0.0,0.0,0.0,0.0,
ATGACCAACAAGTGTCTCCTCC,TCCTCCTTCTGGAACTGCTGCA,IFNB1,IFNB1,"IFN- (18), IFNB1 (16), IFN (8), Human (4), IFNB1-F (4), hIFN- (4), IFNB (3), Ifnb-Forward (2), The (2), CY5/TCAAATGCAGTTAAGACAAATGCAGACGCT/IABRQSP (1), ChIP (1), Estonia (1), GTTG (1), Human-IFN- (1), IFN-B1 (1), IL15 (1), TGA (1), h-IFN (1), hIFN (1), hIFNbeta-F (1), human (1), human-IFN- (1), qRT-PCR (1)","Human (4), IFNB1 (4), IFN- (2), ACE2 (1), CTT (1), CXCL10 (1), For (1), GSDMD (1), Hamster (1), IFITM (1), IFN (1), IFN--RT-R (1), IFNB (1), IFNB1-rev (1), IFNG (1), ISG56 (1), MAVS (1), NM_002176.4 (1), REAGENT (1), Trim22 (1), hIFN (1), hIFNB_rev (1), hIfnb (1), mIfnb (1)",0.000345,0.000345,92,45,"PMC10096049, PMC10166799, PMC10191704, PMC10269791, PMC10358927, PMC10374800, PMC10464373, PMC10467534, PMC10472448, PMC10473545, PMC10542019, PMC10572566, PMC10746195, PMC10766952, PMC10810132, PMC10863322, PMC10971493, PMC10986528, PMC11018288, PMC11063931, PMC11075854, PMC11239672, PMC11284931, PMC11302107, PMC11335216, PMC11348072, PMC11427277, PMC11702967, PMC11703929, PMC11752689, PMC11759301, PMC11773390, PMC11828882, PMC11855091, PMC11956509, PMC12093801, PMC12095255, PMC2848570, PMC3564005, PMC3650073, PMC4050184, PMC4658032, PMC4759556, PMC4770762, PMC5421826, PMC5465970, PMC5542643, PMC5622937, PMC5732537, PMC5764324, PMC5789414, PMC5902600, PMC5976527, PMC6289572, PMC6585057, PMC6817498, PMC6879830, PMC6917645, PMC6959316, PMC7052516, PMC7094989, PMC7103987, PMC7127557, PMC7144238, PMC7856200, PMC7913464, PMC8414799, PMC8482695, PMC8711646, PMC8726603, PMC8767043, PMC8790226, PMC8920271, PMC9093644, PMC9166744, PMC9184159, PMC9258715, PMC9301362, PMC9318592, PMC9330466, PMC9357881, PMC9363599, PMC9387935, PMC9659048, PMC9724671, PMC9781547, PMC9994488","PMC10095048, PMC10318274, PMC10324174, PMC10333319, PMC10353808, PMC10354114, PMC10442393, PMC10485635, PMC10518340, PMC10590689, PMC10652867, PMC10865787, PMC11092326, PMC11177463, PMC11312683, PMC11352947, PMC11412752, PMC11436187, PMC11519399, PMC11551994, PMC11618033, PMC11672287, PMC11815586, PMC11856660, PMC11903798, PMC11969438, PMC11992678, PMC6820523, PMC7368095, PMC7381519, PMC7524462, PMC8427752, PMC8695442, PMC8789754, PMC8802491, PMC8898360, PMC8965725, PMC9122210, PMC9247053, PMC9448891, PMC9496907, PMC9728976, PMC9933427",60.63,64.29,50.0,54.5,1261,251,87,43,74.0,276.0,95.0,297.0,forward,reverse_complement,3,4,3,"PMC10096049,PMC10166799,PMC10191704,PMC10269791,PMC10358927,PMC10374800,PMC10464373,PMC10467534,PMC10472448,PMC10473545,PMC10542019,PMC10572566,PMC10746195,PMC10766952,PMC10810132,PMC10863322,PMC10971493,PMC10986528,PMC11018288,PMC11063931,PMC11075854,PMC11239672,PMC11284931,PMC11302107,PMC11335216,PMC11348072,PMC11427277,PMC11702967,PMC11703929,PMC11752689,PMC11759301,PMC11773390,PMC11828882,PMC11855091,PMC11956509,PMC12093801,PMC12095255,PMC2848570,PMC3564005,PMC3650073,PMC4050184,PMC4658032,PMC4759556,PMC4770762,PMC5421826,PMC5465970,PMC5542643,PMC5622937,PMC5732537,PMC5764324,PMC5789414,PMC5902600,PMC5976527,PMC6289572,PMC6585057,PMC6817498,PMC6879830,PMC6917645,PMC6959316,PMC7052516,PMC7094989,PMC7103987,PMC7127557,PMC7144238,PMC7856200,PMC7913464,PMC8414799,PMC8482695,PMC8711646,PMC8726603,PMC8767043,PMC8790226,PMC8920271,PMC9093644,PMC9166744,PMC9184159,PMC9258715,PMC9301362,PMC9318592,PMC9330466,PMC9357881,PMC9363599,PMC9387935,PMC9659048,PMC9724671,PMC9781547,PMC9994488",,"PMC10095048,PMC10318274,PMC10324174,PMC10333319,PMC10353808,PMC10354114,PMC10442393,PMC10485635,PMC10518340,PMC10590689,PMC10652867,PMC10865787,PMC11092326,PMC11177463,PMC11312683,PMC11352947,PMC11412752,PMC11436187,PMC11519399,PMC11551994,PMC11618033,PMC11672287,PMC11815586,PMC11856660,PMC11903798,PMC11969438,PMC11992678,PMC6820523,PMC7368095,PMC7381519,PMC7524462,PMC8427752,PMC8695442,PMC8789754,PMC8802491,PMC8898360,PMC8965725,PMC9122210,PMC9247053,PMC9448891,PMC9496907,PMC9728976,PMC9933427",,0,87,43,0,0,0.7797611611600691,0.8261111111111109,0.0,63.771391391336785,
ATGACCAACAAGTGTCTCCTCC,GGAATCCAAGCAAGTTGTAGCTC,IFNB1,IFNB1,"IFN- (18), IFNB1 (16), IFN (8), Human (4), IFNB1-F (4), hIFN- (4), IFNB (3), Ifnb-Forward (2), The (2), CY5/TCAAATGCAGTTAAGACAAATGCAGACGCT/IABRQSP (1), ChIP (1), Estonia (1), GTTG (1), Human-IFN- (1), IFN-B1 (1), IL15 (1), TGA (1), h-IFN (1), hIFN (1), hIFNbeta-F (1), human (1), human-IFN- (1), qRT-PCR (1)","IFNB1 (13), IFN- (11), Human (3), IFN (3), IFNB1-R (3), Ifnb-Reverse (2), hIFN- (2), Bing (1), CCL5 (1), CXCL2 (1), CY5/TCAAATGCAGTTAAGACAAATGCAGACGCT/IABRQSP (1), ChIP (1), Direction (1), Gene (1), Human-IFN- (1), IFIT2 (1), IFN-B1 (1), IL-28b (1), Mouse (1), PD-L1 (1), REAGENT (1), TC-3 (1), h-IFN (1), hIFNbeta-R (1), human (1), qRT-PCR (1)",0.000345,8.72e-05,92,80,"PMC10096049, PMC10166799, PMC10191704, PMC10269791, PMC10358927, PMC10374800, PMC10464373, PMC10467534, PMC10472448, PMC10473545, PMC10542019, PMC10572566, PMC10746195, PMC10766952, PMC10810132, PMC10863322, PMC10971493, PMC10986528, PMC11018288, PMC11063931, PMC11075854, PMC11239672, PMC11284931, PMC11302107, PMC11335216, PMC11348072, PMC11427277, PMC11702967, PMC11703929, PMC11752689, PMC11759301, PMC11773390, PMC11828882, PMC11855091, PMC11956509, PMC12093801, PMC12095255, PMC2848570, PMC3564005, PMC3650073, PMC4050184, PMC4658032, PMC4759556, PMC4770762, PMC5421826, PMC5465970, PMC5542643, PMC5622937, PMC5732537, PMC5764324, PMC5789414, PMC5902600, PMC5976527, PMC6289572, PMC6585057, PMC6817498, PMC6879830, PMC6917645, PMC6959316, PMC7052516, PMC7094989, PMC7103987, PMC7127557, PMC7144238, PMC7856200, PMC7913464, PMC8414799, PMC8482695, PMC8711646, PMC8726603, PMC8767043, PMC8790226, PMC8920271, PMC9093644, PMC9166744, PMC9184159, PMC9258715, PMC9301362, PMC9318592, PMC9330466, PMC9357881, PMC9363599, PMC9387935, PMC9659048, PMC9724671, PMC9781547, PMC9994488","PMC10096049, PMC10191704, PMC10269791, PMC10358927, PMC10374800, PMC10438445, PMC10464373, PMC10472448, PMC10542019, PMC10572566, PMC10746195, PMC10766952, PMC10810132, PMC10863322, PMC10971493, PMC10986528, PMC11044051, PMC11080256, PMC11239672, PMC11284931, PMC11302107, PMC11335216, PMC11348072, PMC11569172, PMC11702967, PMC11703929, PMC11722101, PMC11752689, PMC11773390, PMC11828882, PMC11855091, PMC11927243, PMC12093801, PMC12095255, PMC4050184, PMC4658032, PMC4759556, PMC4770762, PMC5732537, PMC5764324, PMC5789414, PMC5902600, PMC5976527, PMC6289572, PMC6585057, PMC6817498, PMC6879830, PMC6917645, PMC7052516, PMC7127557, PMC7144238, PMC7533053, PMC7820189, PMC7856200, PMC8168463, PMC8409078, PMC8414799, PMC8623367, PMC8711646, PMC8726603, PMC8967397, PMC9093644, PMC9166744, PMC9184159, PMC9258715, PMC9301362, PMC9330466, PMC9357881, PMC9363599, PMC9387935, PMC9724671, PMC9781547, PMC9994488",60.63,60.53,50.0,47.8,1261,991,87,73,74.0,139.0,95.0,161.0,forward,reverse_complement,3,4,4,"PMC10096049,PMC10166799,PMC10191704,PMC10269791,PMC10358927,PMC10374800,PMC10464373,PMC10467534,PMC10472448,PMC10473545,PMC10542019,PMC10572566,PMC10746195,PMC10766952,PMC10810132,PMC10863322,PMC10971493,PMC10986528,PMC11018288,PMC11063931,PMC11075854,PMC11239672,PMC11284931,PMC11302107,PMC11335216,PMC11348072,PMC11427277,PMC11702967,PMC11703929,PMC11752689,PMC11759301,PMC11773390,PMC11828882,PMC11855091,PMC11956509,PMC12093801,PMC12095255,PMC2848570,PMC3564005,PMC3650073,PMC4050184,PMC4658032,PMC4759556,PMC4770762,PMC5421826,PMC5465970,PMC5542643,PMC5622937,PMC5732537,PMC5764324,PMC5789414,PMC5902600,PMC5976527,PMC6289572,PMC6585057,PMC6817498,PMC6879830,PMC6917645,PMC6959316,PMC7052516,PMC7094989,PMC7103987,PMC7127557,PMC7144238,PMC7856200,PMC7913464,PMC8414799,PMC8482695,PMC8711646,PMC8726603,PMC8767043,PMC8790226,PMC8920271,PMC9093644,PMC9166744,PMC9184159,PMC9258715,PMC9301362,PMC9318592,PMC9330466,PMC9357881,PMC9363599,PMC9387935,PMC9659048,PMC9724671,PMC9781547,PMC9994488",,"PMC10096049,PMC10191704,PMC10269791,PMC10358927,PMC10374800,PMC10438445,PMC10464373,PMC10472448,PMC10542019,PMC10572566,PMC10746195,PMC10766952,PMC10810132,PMC10863322,PMC10971493,PMC10986528,PMC11044051,PMC11080256,PMC11239672,PMC11284931,PMC11302107,PMC11335216,PMC11348072,PMC11569172,PMC11702967,PMC11703929,PMC11722101,PMC11752689,PMC11773390,PMC11828882,PMC11855091,PMC11927243,PMC12093801,PMC12095255,PMC4050184,PMC4658032,PMC4759556,PMC4770762,PMC5732537,PMC5764324,PMC5789414,PMC5902600,PMC5976527,PMC6289572,PMC6585057,PMC6817498,PMC6879830,PMC6917645,PMC7052516,PMC7127557,PMC7144238,PMC7533053,PMC7856200,PMC8168463,PMC8409078,PMC8414799,PMC8711646,PMC8726603,PMC9093644,PMC9166744,PMC9184159,PMC9258715,PMC9301362,PMC9330466,PMC9357881,PMC9363599,PMC9387935,PMC9724671,PMC9781547,PMC9994488","PMC7820189,PMC8623367,PMC8967397",61,87,70,0,3,1.0,0.9911111111111108,0.9666666666666662,99.06666666666665,"PMC10096049,PMC10191704,PMC10269791,PMC10358927,PMC10374800,PMC10464373,PMC10472448,PMC10542019,PMC10572566,PMC10746195,PMC10766952,PMC10810132,PMC10863322,PMC10971493,PMC10986528,PMC11239672,PMC11284931,PMC11302107,PMC11335216,PMC11348072,PMC11702967,PMC11703929,PMC11752689,PMC11773390,PMC11828882,PMC11855091,PMC12093801,PMC12095255,PMC4050184,PMC4658032,PMC4759556,PMC4770762,PMC5732537,PMC5764324,PMC5789414,PMC5902600,PMC5976527,PMC6289572,PMC6585057,PMC6817498,PMC6879830,PMC6917645,PMC7052516,PMC7127557,PMC7144238,PMC7856200,PMC8414799,PMC8711646,PMC8726603,PMC9093644,PMC9166744,PMC9184159,PMC9258715,PMC9301362,PMC9330466,PMC9357881,PMC9363599,PMC9387935,PMC9724671,PMC9781547,PMC9994488"
ATGACCAACAAGTGTCTCCTCC,TGCTTCTTTGTAGGAATCCAAGC,IFNB1,IFNB1,"IFN- (18), IFNB1 (16), IFN (8), Human (4), IFNB1-F (4), hIFN- (4), IFNB (3), Ifnb-Forward (2), The (2), CY5/TCAAATGCAGTTAAGACAAATGCAGACGCT/IABRQSP (1), ChIP (1), Estonia (1), GTTG (1), Human-IFN- (1), IFN-B1 (1), IL15 (1), TGA (1), h-IFN (1), hIFN (1), hIFNbeta-F (1), human (1), human-IFN- (1), qRT-PCR (1)","IFN- (21), IFNB1 (10), Human (4), IFN (4), IFNB (2), CCL5 (1), Foward (1), HPRT1 (1), Hs (1), Human-3456-IFN-b-F (1), IFIT1 (1), IFNb-F (1), Ifnb1 (1), LRRFIP1 (1), PU-O-2211 (1), Pig-IFN- (1), REAGENT (1), hIFNB_f (1), hIFNb1-F (1)",0.000345,8.72e-05,92,67,"PMC10096049, PMC10166799, PMC10191704, PMC10269791, PMC10358927, PMC10374800, PMC10464373, PMC10467534, PMC10472448, PMC10473545, PMC10542019, PMC10572566, PMC10746195, PMC10766952, PMC10810132, PMC10863322, PMC10971493, PMC10986528, PMC11018288, PMC11063931, PMC11075854, PMC11239672, PMC11284931, PMC11302107, PMC11335216, PMC11348072, PMC11427277, PMC11702967, PMC11703929, PMC11752689, PMC11759301, PMC11773390, PMC11828882, PMC11855091, PMC11956509, PMC12093801, PMC12095255, PMC2848570, PMC3564005, PMC3650073, PMC4050184, PMC4658032, PMC4759556, PMC4770762, PMC5421826, PMC5465970, PMC5542643, PMC5622937, PMC5732537, PMC5764324, PMC5789414, PMC5902600, PMC5976527, PMC6289572, PMC6585057, PMC6817498, PMC6879830, PMC6917645, PMC6959316, PMC7052516, PMC7094989, PMC7103987, PMC7127557, PMC7144238, PMC7856200, PMC7913464, PMC8414799, PMC8482695, PMC8711646, PMC8726603, PMC8767043, PMC8790226, PMC8920271, PMC9093644, PMC9166744, PMC9184159, PMC9258715, PMC9301362, PMC9318592, PMC9330466, PMC9357881, PMC9363599, PMC9387935, PMC9659048, PMC9724671, PMC9781547, PMC9994488","PMC10052676, PMC10100850, PMC10236158, PMC10353925, PMC10507085, PMC10539660, PMC10601686, PMC10729338, PMC10746179, PMC10786922, PMC10846744, PMC10847042, PMC10927093, PMC11255895, PMC11306511, PMC11348266, PMC11484699, PMC11573810, PMC11598892, PMC11654956, PMC11669202, PMC11908578, PMC11929817, PMC12043507, PMC12096145, PMC12112756, PMC4451274, PMC4452922, PMC4836087, PMC5555650, PMC5557678, PMC5906622, PMC5963799, PMC6057324, PMC6410008, PMC6631246, PMC6760161, PMC6814850, PMC6826303, PMC6877643, PMC7367172, PMC7411765, PMC7455118, PMC7723856, PMC7822318, PMC7870622, PMC7895352, PMC7946191, PMC8224763, PMC8316546, PMC8363743, PMC8428181, PMC8430050, PMC8483903, PMC8530504, PMC8567250, PMC8674137, PMC8694063, PMC8785597, PMC8799857, PMC9088193, PMC9307842, PMC9358906, PMC9948413, PMC9962029",60.63,59.91,50.0,43.5,1261,697,87,65,74.0,151.0,95.0,173.0,forward,reverse_complement,3,4,4,"PMC10096049,PMC10166799,PMC10191704,PMC10269791,PMC10358927,PMC10374800,PMC10464373,PMC10467534,PMC10472448,PMC10473545,PMC10542019,PMC10572566,PMC10746195,PMC10766952,PMC10810132,PMC10863322,PMC10971493,PMC10986528,PMC11018288,PMC11063931,PMC11075854,PMC11239672,PMC11284931,PMC11302107,PMC11335216,PMC11348072,PMC11427277,PMC11702967,PMC11703929,PMC11752689,PMC11759301,PMC11773390,PMC11828882,PMC11855091,PMC11956509,PMC12093801,PMC12095255,PMC2848570,PMC3564005,PMC3650073,PMC4050184,PMC4658032,PMC4759556,PMC4770762,PMC5421826,PMC5465970,PMC5542643,PMC5622937,PMC5732537,PMC5764324,PMC5789414,PMC5902600,PMC5976527,PMC6289572,PMC6585057,PMC6817498,PMC6879830,PMC6917645,PMC6959316,PMC7052516,PMC7094989,PMC7103987,PMC7127557,PMC7144238,PMC7856200,PMC7913464,PMC8414799,PMC8482695,PMC8711646,PMC8726603,PMC8767043,PMC8790226,PMC8920271,PMC9093644,PMC9166744,PMC9184159,PMC9258715,PMC9301362,PMC9318592,PMC9330466,PMC9357881,PMC9363599,PMC9387935,PMC9659048,PMC9724671,PMC9781547,PMC9994488",,,"PMC10052676,PMC10100850,PMC10236158,PMC10353925,PMC10507085,PMC10539660,PMC10601686,PMC10729338,PMC10746179,PMC10786922,PMC10846744,PMC10847042,PMC10927093,PMC11255895,PMC11306511,PMC11348266,PMC11484699,PMC11573810,PMC11598892,PMC11654956,PMC11669202,PMC11908578,PMC11929817,PMC12043507,PMC12096145,PMC12112756,PMC4451274,PMC4452922,PMC4836087,PMC5555650,PMC5557678,PMC5906622,PMC5963799,PMC6057324,PMC6410008,PMC6631246,PMC6760161,PMC6814850,PMC6826303,PMC6877643,PMC7367172,PMC7411765,PMC7455118,PMC7723856,PMC7822318,PMC7870622,PMC7895352,PMC7946191,PMC8224763,PMC8316546,PMC8363743,PMC8428181,PMC8430050,PMC8483903,PMC8530504,PMC8567250,PMC8674137,PMC8694063,PMC8785597,PMC8799857,PMC9088193,PMC9307842,PMC9358906,PMC9948413,PMC9962029",0,87,0,0,65,0.5910782191355777,0.918333333333333,0.759999999999998,72.30391095677882,
ATGACCAACAAGTGTCTCCTCC,GTCAAAGTTCATCCTGTCCT,IFNB1,IFNB1,"IFN- (18), IFNB1 (16), IFN (8), Human (4), IFNB1-F (4), hIFN- (4), IFNB (3), Ifnb-Forward (2), The (2), CY5/TCAAATGCAGTTAAGACAAATGCAGACGCT/IABRQSP (1), ChIP (1), Estonia (1), GTTG (1), Human-IFN- (1), IFN-B1 (1), IL15 (1), TGA (1), h-IFN (1), hIFN (1), hIFNbeta-F (1), human (1), human-IFN- (1), qRT-PCR (1)","IFN- (8), IFNB1 (6), IFNB (5), Human (4), The (2), A20 (1), G-3 (1), GAPDH (1), IF- (1), IFN (1), IFNB1-S (1), Primers (1), REAGENT (1), Reagent/Resource (1), Sequence-based (1), h-IFN- (1), hIFN- (1), hu (1), qIFNB1 (1)",0.000345,0.004,92,44,"PMC10096049, PMC10166799, PMC10191704, PMC10269791, PMC10358927, PMC10374800, PMC10464373, PMC10467534, PMC10472448, PMC10473545, PMC10542019, PMC10572566, PMC10746195, PMC10766952, PMC10810132, PMC10863322, PMC10971493, PMC10986528, PMC11018288, PMC11063931, PMC11075854, PMC11239672, PMC11284931, PMC11302107, PMC11335216, PMC11348072, PMC11427277, PMC11702967, PMC11703929, PMC11752689, PMC11759301, PMC11773390, PMC11828882, PMC11855091, PMC11956509, PMC12093801, PMC12095255, PMC2848570, PMC3564005, PMC3650073, PMC4050184, PMC4658032, PMC4759556, PMC4770762, PMC5421826, PMC5465970, PMC5542643, PMC5622937, PMC5732537, PMC5764324, PMC5789414, PMC5902600, PMC5976527, PMC6289572, PMC6585057, PMC6817498, PMC6879830, PMC6917645, PMC6959316, PMC7052516, PMC7094989, PMC7103987, PMC7127557, PMC7144238, PMC7856200, PMC7913464, PMC8414799, PMC8482695, PMC8711646, PMC8726603, PMC8767043, PMC8790226, PMC8920271, PMC9093644, PMC9166744, PMC9184159, PMC9258715, PMC9301362, PMC9318592, PMC9330466, PMC9357881, PMC9363599, PMC9387935, PMC9659048, PMC9724671, PMC9781547, PMC9994488","PMC10458163, PMC10663505, PMC10907604, PMC10945704, PMC11443452, PMC3534373, PMC3792152, PMC4376777, PMC4899022, PMC4906230, PMC4919602, PMC5056382, PMC5296877, PMC5394473, PMC5744140, PMC5871618, PMC5944131, PMC7033454, PMC7170394, PMC7302872, PMC7392318, PMC7398755, PMC7536198, PMC8035206, PMC8092204, PMC8107375, PMC8171060, PMC8209947, PMC8358459, PMC8552758, PMC8850198, PMC8962493, PMC9241928, PMC9310409, PMC9472757, PMC9511040, PMC9599549, PMC9673932, PMC9742459, PMC9772848, PMC9870728, PMC9986816",60.63,55.63,50.0,45.0,1261,1301,87,42,74.0,234.0,95.0,253.0,forward,reverse_complement,3,2,4,"PMC10096049,PMC10166799,PMC10191704,PMC10269791,PMC10358927,PMC10374800,PMC10464373,PMC10467534,PMC10472448,PMC10473545,PMC10542019,PMC10572566,PMC10746195,PMC10766952,PMC10810132,PMC10863322,PMC10971493,PMC10986528,PMC11018288,PMC11063931,PMC11075854,PMC11239672,PMC11284931,PMC11302107,PMC11335216,PMC11348072,PMC11427277,PMC11702967,PMC11703929,PMC11752689,PMC11759301,PMC11773390,PMC11828882,PMC11855091,PMC11956509,PMC12093801,PMC12095255,PMC2848570,PMC3564005,PMC3650073,PMC4050184,PMC4658032,PMC4759556,PMC4770762,PMC5421826,PMC5465970,PMC5542643,PMC5622937,PMC5732537,PMC5764324,PMC5789414,PMC5902600,PMC5976527,PMC6289572,PMC6585057,PMC6817498,PMC6879830,PMC6917645,PMC6959316,PMC7052516,PMC7094989,PMC7103987,PMC7127557,PMC7144238,PMC7856200,PMC7913464,PMC8414799,PMC8482695,PMC8711646,PMC8726603,PMC8767043,PMC8790226,PMC8920271,PMC9093644,PMC9166744,PMC9184159,PMC9258715,PMC9301362,PMC9318592,PMC9330466,PMC9357881,PMC9363599,PMC9387935,PMC9659048,PMC9724671,PMC9781547,PMC9994488",,,"PMC10458163,PMC10663505,PMC10907604,PMC10945704,PMC11443452,PMC3534373,PMC3792152,PMC4376777,PMC4899022,PMC4906230,PMC4919602,PMC5056382,PMC5296877,PMC5394473,PMC5744140,PMC5871618,PMC5944131,PMC7033454,PMC7170394,PMC7302872,PMC7392318,PMC7398755,PMC7536198,PMC8035206,PMC8092204,PMC8107375,PMC8171060,PMC8209947,PMC8358459,PMC8552758,PMC8850198,PMC8962493,PMC9241928,PMC9310409,PMC9472757,PMC9511040,PMC9599549,PMC9673932,PMC9742459,PMC9772848,PMC9870728,PMC9986816",0,87,0,0,42,0.5738479724637606,0.8261111111111109,0.0,53.47573195652136,
ATGACCAACAAGTGTCTCCTCC,GCTGCTTCTTTGTAGGAATCCAAG,IFNB1,IFNB1,"IFN- (18), IFNB1 (16), IFN (8), Human (4), IFNB1-F (4), hIFN- (4), IFNB (3), Ifnb-Forward (2), The (2), CY5/TCAAATGCAGTTAAGACAAATGCAGACGCT/IABRQSP (1), ChIP (1), Estonia (1), GTTG (1), Human-IFN- (1), IFN-B1 (1), IL15 (1), TGA (1), h-IFN (1), hIFN (1), hIFNbeta-F (1), human (1), human-IFN- (1), qRT-PCR (1)","IFNB1 (8), IFN- (6), Human (4), IFN (3), IFNB (2), GAACT (1), GLUT1 (1), IFN--RT-F (1), IFN-b (1), IFNB1-for (1), INF- (1), Ifn- (1), NM_002176 (1), REAGENT (1), TCCTCCTTCTGGAAC (1), TCGGTGCAGA-3 (1), hIFN (1), hIFNB_for (1), hIfnb (1), mIfnb (1)",0.000345,2.58e-05,92,44,"PMC10096049, PMC10166799, PMC10191704, PMC10269791, PMC10358927, PMC10374800, PMC10464373, PMC10467534, PMC10472448, PMC10473545, PMC10542019, PMC10572566, PMC10746195, PMC10766952, PMC10810132, PMC10863322, PMC10971493, PMC10986528, PMC11018288, PMC11063931, PMC11075854, PMC11239672, PMC11284931, PMC11302107, PMC11335216, PMC11348072, PMC11427277, PMC11702967, PMC11703929, PMC11752689, PMC11759301, PMC11773390, PMC11828882, PMC11855091, PMC11956509, PMC12093801, PMC12095255, PMC2848570, PMC3564005, PMC3650073, PMC4050184, PMC4658032, PMC4759556, PMC4770762, PMC5421826, PMC5465970, PMC5542643, PMC5622937, PMC5732537, PMC5764324, PMC5789414, PMC5902600, PMC5976527, PMC6289572, PMC6585057, PMC6817498, PMC6879830, PMC6917645, PMC6959316, PMC7052516, PMC7094989, PMC7103987, PMC7127557, PMC7144238, PMC7856200, PMC7913464, PMC8414799, PMC8482695, PMC8711646, PMC8726603, PMC8767043, PMC8790226, PMC8920271, PMC9093644, PMC9166744, PMC9184159, PMC9258715, PMC9301362, PMC9318592, PMC9330466, PMC9357881, PMC9363599, PMC9387935, PMC9659048, PMC9724671, PMC9781547, PMC9994488","PMC10095048, PMC10318274, PMC10324174, PMC10333319, PMC10353808, PMC10354114, PMC10442393, PMC10518340, PMC10590689, PMC10652867, PMC10865787, PMC11092326, PMC11177463, PMC11312683, PMC11352947, PMC11412752, PMC11436187, PMC11519399, PMC11551994, PMC11618033, PMC11672287, PMC11815586, PMC11856660, PMC11903798, PMC11992678, PMC6669441, PMC7368095, PMC7381519, PMC7524462, PMC8427752, PMC8695442, PMC8789754, PMC8802491, PMC8898360, PMC8965725, PMC9009290, PMC9122210, PMC9247053, PMC9448891, PMC9496907, PMC9728976, PMC9933427",60.63,60.8,50.0,45.8,1261,239,87,42,74.0,152.0,95.0,175.0,forward,reverse_complement,3,3,4,"PMC10096049,PMC10166799,PMC10191704,PMC10269791,PMC10358927,PMC10374800,PMC10464373,PMC10467534,PMC10472448,PMC10473545,PMC10542019,PMC10572566,PMC10746195,PMC10766952,PMC10810132,PMC10863322,PMC10971493,PMC10986528,PMC11018288,PMC11063931,PMC11075854,PMC11239672,PMC11284931,PMC11302107,PMC11335216,PMC11348072,PMC11427277,PMC11702967,PMC11703929,PMC11752689,PMC11759301,PMC11773390,PMC11828882,PMC11855091,PMC11956509,PMC12093801,PMC12095255,PMC2848570,PMC3564005,PMC3650073,PMC4050184,PMC4658032,PMC4759556,PMC4770762,PMC5421826,PMC5465970,PMC5542643,PMC5622937,PMC5732537,PMC5764324,PMC5789414,PMC5902600,PMC5976527,PMC6289572,PMC6585057,PMC6817498,PMC6879830,PMC6917645,PMC6959316,PMC7052516,PMC7094989,PMC7103987,PMC7127557,PMC7144238,PMC7856200,PMC7913464,PMC8414799,PMC8482695,PMC8711646,PMC8726603,PMC8767043,PMC8790226,PMC8920271,PMC9093644,PMC9166744,PMC9184159,PMC9258715,PMC9301362,PMC9318592,PMC9330466,PMC9357881,PMC9363599,PMC9387935,PMC9659048,PMC9724671,PMC9781547,PMC9994488",,,"PMC10095048,PMC10318274,PMC10324174,PMC10333319,PMC10353808,PMC10354114,PMC10442393,PMC10518340,PMC10590689,PMC10652867,PMC10865787,PMC11092326,PMC11177463,PMC11312683,PMC11352947,PMC11412752,PMC11436187,PMC11519399,PMC11551994,PMC11618033,PMC11672287,PMC11815586,PMC11856660,PMC11903798,PMC11992678,PMC6669441,PMC7368095,PMC7381519,PMC7524462,PMC8427752,PMC8695442,PMC8789754,PMC8802491,PMC8898360,PMC8965725,PMC9009290,PMC9122210,PMC9247053,PMC9448891,PMC9496907,PMC9728976,PMC9933427",0,87,0,0,42,0.5738479724637606,0.976111111111111,0.9433333333333351,76.84239862318807,
GAGCTACAACTTGCTTGGATTCC,ATAGATGGTCAATGCGGCGTC,IFNB1,IFNB1,"IFNB1 (13), IFN- (11), Human (3), IFN (3), IFNB1-R (3), Ifnb-Reverse (2), hIFN- (2), Bing (1), CCL5 (1), CXCL2 (1), CY5/TCAAATGCAGTTAAGACAAATGCAGACGCT/IABRQSP (1), ChIP (1), Direction (1), Gene (1), Human-IFN- (1), IFIT2 (1), IFN-B1 (1), IL-28b (1), Mouse (1), PD-L1 (1), REAGENT (1), TC-3 (1), h-IFN (1), hIFNbeta-R (1), human (1), qRT-PCR (1)","IFN- (10), IFNB1 (5), CXCL10 (3), Human (3), IFN (2), ACE2 (1), CCL5 (1), HPRT1 (1), Hs (1), Human-3456-IFN-b-R (1), IFIT-1 (1), IFIT1 (1), IFN-b1 (1), IFNAR2 (1), IFNB (1), IFNb-R (1), IFNbeta-R (1), Ifnb1 (1), Mouse (1), PU-O-2211 (1), Pig-IFN- (1), REAGENT (1), Target (1), hIFNB_r (1), hIFNb1-R (1)",8.72e-05,0.001,80,60,"PMC10096049, PMC10191704, PMC10269791, PMC10358927, PMC10374800, PMC10438445, PMC10464373, PMC10472448, PMC10542019, PMC10572566, PMC10746195, PMC10766952, PMC10810132, PMC10863322, PMC10971493, PMC10986528, PMC11044051, PMC11080256, PMC11239672, PMC11284931, PMC11302107, PMC11335216, PMC11348072, PMC11569172, PMC11702967, PMC11703929, PMC11722101, PMC11752689, PMC11773390, PMC11828882, PMC11855091, PMC11927243, PMC12093801, PMC12095255, PMC4050184, PMC4658032, PMC4759556, PMC4770762, PMC5732537, PMC5764324, PMC5789414, PMC5902600, PMC5976527, PMC6289572, PMC6585057, PMC6817498, PMC6879830, PMC6917645, PMC7052516, PMC7127557, PMC7144238, PMC7533053, PMC7820189, PMC7856200, PMC8168463, PMC8409078, PMC8414799, PMC8623367, PMC8711646, PMC8726603, PMC8967397, PMC9093644, PMC9166744, PMC9184159, PMC9258715, PMC9301362, PMC9330466, PMC9357881, PMC9363599, PMC9387935, PMC9724671, PMC9781547, PMC9994488","PMC10052676, PMC10100850, PMC10236158, PMC10353925, PMC10507085, PMC10539660, PMC10601686, PMC10729338, PMC10746179, PMC10786922, PMC10846744, PMC10847042, PMC10927093, PMC11255895, PMC11306511, PMC11348266, PMC11484699, PMC11573810, PMC11654956, PMC11669202, PMC11908578, PMC11929817, PMC12043507, PMC12096145, PMC12112756, PMC4452922, PMC5555650, PMC5557678, PMC5906622, PMC5963799, PMC5981164, PMC6057324, PMC6410008, PMC6631246, PMC6760161, PMC6814850, PMC6826303, PMC6877643, PMC7367172, PMC7723856, PMC7822318, PMC7870622, PMC7895352, PMC7946191, PMC8363743, PMC8428181, PMC8430050, PMC8483903, PMC8530504, PMC8567250, PMC8674137, PMC8694063, PMC8785597, PMC8799857, PMC9088193, PMC9307842, PMC9358906, PMC9948413",60.53,61.53,47.8,52.4,991,687,73,58,139.0,296.0,161.0,316.0,forward,reverse_complement,4,2,3,"PMC7820189,PMC8623367,PMC8967397","PMC10096049,PMC10191704,PMC10269791,PMC10358927,PMC10374800,PMC10438445,PMC10464373,PMC10472448,PMC10542019,PMC10572566,PMC10746195,PMC10766952,PMC10810132,PMC10863322,PMC10971493,PMC10986528,PMC11044051,PMC11080256,PMC11239672,PMC11284931,PMC11302107,PMC11335216,PMC11348072,PMC11569172,PMC11702967,PMC11703929,PMC11722101,PMC11752689,PMC11773390,PMC11828882,PMC11855091,PMC11927243,PMC12093801,PMC12095255,PMC4050184,PMC4658032,PMC4759556,PMC4770762,PMC5732537,PMC5764324,PMC5789414,PMC5902600,PMC5976527,PMC6289572,PMC6585057,PMC6817498,PMC6879830,PMC6917645,PMC7052516,PMC7127557,PMC7144238,PMC7533053,PMC7856200,PMC8168463,PMC8409078,PMC8414799,PMC8711646,PMC8726603,PMC9093644,PMC9166744,PMC9184159,PMC9258715,PMC9301362,PMC9330466,PMC9357881,PMC9363599,PMC9387935,PMC9724671,PMC9781547,PMC9994488","PMC10052676,PMC10100850,PMC10236158,PMC10353925,PMC10507085,PMC10539660,PMC10601686,PMC10729338,PMC10746179,PMC10786922,PMC10846744,PMC10847042,PMC10927093,PMC11255895,PMC11306511,PMC11348266,PMC11484699,PMC11573810,PMC11654956,PMC11669202,PMC11908578,PMC11929817,PMC12043507,PMC12096145,PMC12112756,PMC4452922,PMC5555650,PMC5557678,PMC5906622,PMC5963799,PMC5981164,PMC6057324,PMC6410008,PMC6631246,PMC6760161,PMC6814850,PMC6826303,PMC6877643,PMC7367172,PMC7723856,PMC7822318,PMC7870622,PMC7895352,PMC7946191,PMC8363743,PMC8428181,PMC8430050,PMC8483903,PMC8530504,PMC8567250,PMC8674137,PMC8694063,PMC8785597,PMC8799857,PMC9088193,PMC9307842,PMC9358906,PMC9948413",,0,3,58,70,0,0.633039540233148,0.941111111111111,0.6666666666666667,73.21864367832407,
GAGCTACAACTTGCTTGGATTCC,AGCCAGGAGGTTCTCAACAA,IFNB1,IFNB1,"IFNB1 (13), IFN- (11), Human (3), IFN (3), IFNB1-R (3), Ifnb-Reverse (2), hIFN- (2), Bing (1), CCL5 (1), CXCL2 (1), CY5/TCAAATGCAGTTAAGACAAATGCAGACGCT/IABRQSP (1), ChIP (1), Direction (1), Gene (1), Human-IFN- (1), IFIT2 (1), IFN-B1 (1), IL-28b (1), Mouse (1), PD-L1 (1), REAGENT (1), TC-3 (1), h-IFN (1), hIFNbeta-R (1), human (1), qRT-PCR (1)","IFN- (15), IFNB1 (13), Human (6), Human-IFNB1 (2), IFN (2), hIFN- (2), qhIFN (2), Forward- (1), GAPDH (1), Homo- (1), IFNB (1), IFNb (1), IL- (1), TG (1), hIFNB1 (1), qR (1)",8.72e-05,0.004,80,56,"PMC10096049, PMC10191704, PMC10269791, PMC10358927, PMC10374800, PMC10438445, PMC10464373, PMC10472448, PMC10542019, PMC10572566, PMC10746195, PMC10766952, PMC10810132, PMC10863322, PMC10971493, PMC10986528, PMC11044051, PMC11080256, PMC11239672, PMC11284931, PMC11302107, PMC11335216, PMC11348072, PMC11569172, PMC11702967, PMC11703929, PMC11722101, PMC11752689, PMC11773390, PMC11828882, PMC11855091, PMC11927243, PMC12093801, PMC12095255, PMC4050184, PMC4658032, PMC4759556, PMC4770762, PMC5732537, PMC5764324, PMC5789414, PMC5902600, PMC5976527, PMC6289572, PMC6585057, PMC6817498, PMC6879830, PMC6917645, PMC7052516, PMC7127557, PMC7144238, PMC7533053, PMC7820189, PMC7856200, PMC8168463, PMC8409078, PMC8414799, PMC8623367, PMC8711646, PMC8726603, PMC8967397, PMC9093644, PMC9166744, PMC9184159, PMC9258715, PMC9301362, PMC9330466, PMC9357881, PMC9363599, PMC9387935, PMC9724671, PMC9781547, PMC9994488","PMC10009424, PMC10281466, PMC10621992, PMC10681905, PMC10803816, PMC10869985, PMC10892618, PMC11019896, PMC11231494, PMC11301256, PMC11836015, PMC12047521, PMC2876270, PMC3037344, PMC3098827, PMC3671105, PMC4378195, PMC4518314, PMC4756384, PMC4776105, PMC5167405, PMC5256998, PMC5407853, PMC5418627, PMC5474743, PMC5984788, PMC5990591, PMC6105683, PMC6124814, PMC6188873, PMC6899003, PMC6975528, PMC7108857, PMC7162542, PMC7232131, PMC7912020, PMC8032345, PMC8217528, PMC8245473, PMC8500981, PMC8664592, PMC8704251, PMC8897766, PMC9215249, PMC9341154, PMC9347187, PMC9502172, PMC9580041, PMC9618142, PMC9739643, PMC9879738, PMC9960871",60.53,59.53,47.8,50.0,991,800,73,52,139.0,384.0,161.0,403.0,forward,reverse_complement,4,3,3,"PMC7820189,PMC8623367,PMC8967397","PMC10096049,PMC10191704,PMC10269791,PMC10358927,PMC10374800,PMC10438445,PMC10464373,PMC10472448,PMC10542019,PMC10572566,PMC10746195,PMC10766952,PMC10810132,PMC10863322,PMC10971493,PMC10986528,PMC11044051,PMC11080256,PMC11239672,PMC11284931,PMC11302107,PMC11335216,PMC11348072,PMC11569172,PMC11702967,PMC11703929,PMC11722101,PMC11752689,PMC11773390,PMC11828882,PMC11855091,PMC11927243,PMC12093801,PMC12095255,PMC4050184,PMC4658032,PMC4759556,PMC4770762,PMC5732537,PMC5764324,PMC5789414,PMC5902600,PMC5976527,PMC6289572,PMC6585057,PMC6817498,PMC6879830,PMC6917645,PMC7052516,PMC7127557,PMC7144238,PMC7533053,PMC7856200,PMC8168463,PMC8409078,PMC8414799,PMC8711646,PMC8726603,PMC9093644,PMC9166744,PMC9184159,PMC9258715,PMC9301362,PMC9330466,PMC9357881,PMC9363599,PMC9387935,PMC9724671,PMC9781547,PMC9994488","PMC10681905,PMC10869985,PMC11231494,PMC11301256,PMC11836015,PMC2876270,PMC3037344,PMC3098827,PMC3671105,PMC4378195,PMC4518314,PMC4776105,PMC5167405,PMC5256998,PMC5418627,PMC5474743,PMC5984788,PMC5990591,PMC6124814,PMC8032345,PMC8500981","PMC10009424,PMC10281466,PMC10621992,PMC10803816,PMC10892618,PMC11019896,PMC12047521,PMC4756384,PMC5407853,PMC6105683,PMC6188873,PMC6899003,PMC6975528,PMC7108857,PMC7162542,PMC7232131,PMC7912020,PMC8217528,PMC8245473,PMC8664592,PMC8704251,PMC8897766,PMC9215249,PMC9341154,PMC9347187,PMC9502172,PMC9580041,PMC9618142,PMC9739643,PMC9879738,PMC9960871",0,3,21,70,31,0.5752884721512939,0.9444444444444444,0.6666666666666667,70.43109027423135,
GAGCTACAACTTGCTTGGATTCC,TCCTCCTTCTGGAACTGCTGCA,IFNB1,IFNB1,"IFNB1 (13), IFN- (11), Human (3), IFN (3), IFNB1-R (3), Ifnb-Reverse (2), hIFN- (2), Bing (1), CCL5 (1), CXCL2 (1), CY5/TCAAATGCAGTTAAGACAAATGCAGACGCT/IABRQSP (1), ChIP (1), Direction (1), Gene (1), Human-IFN- (1), IFIT2 (1), IFN-B1 (1), IL-28b (1), Mouse (1), PD-L1 (1), REAGENT (1), TC-3 (1), h-IFN (1), hIFNbeta-R (1), human (1), qRT-PCR (1)","Human (4), IFNB1 (4), IFN- (2), ACE2 (1), CTT (1), CXCL10 (1), For (1), GSDMD (1), Hamster (1), IFITM (1), IFN (1), IFN--RT-R (1), IFNB (1), IFNB1-rev (1), IFNG (1), ISG56 (1), MAVS (1), NM_002176.4 (1), REAGENT (1), Trim22 (1), hIFN (1), hIFNB_rev (1), hIfnb (1), mIfnb (1)",8.72e-05,0.000345,80,45,"PMC10096049, PMC10191704, PMC10269791, PMC10358927, PMC10374800, PMC10438445, PMC10464373, PMC10472448, PMC10542019, PMC10572566, PMC10746195, PMC10766952, PMC10810132, PMC10863322, PMC10971493, PMC10986528, PMC11044051, PMC11080256, PMC11239672, PMC11284931, PMC11302107, PMC11335216, PMC11348072, PMC11569172, PMC11702967, PMC11703929, PMC11722101, PMC11752689, PMC11773390, PMC11828882, PMC11855091, PMC11927243, PMC12093801, PMC12095255, PMC4050184, PMC4658032, PMC4759556, PMC4770762, PMC5732537, PMC5764324, PMC5789414, PMC5902600, PMC5976527, PMC6289572, PMC6585057, PMC6817498, PMC6879830, PMC6917645, PMC7052516, PMC7127557, PMC7144238, PMC7533053, PMC7820189, PMC7856200, PMC8168463, PMC8409078, PMC8414799, PMC8623367, PMC8711646, PMC8726603, PMC8967397, PMC9093644, PMC9166744, PMC9184159, PMC9258715, PMC9301362, PMC9330466, PMC9357881, PMC9363599, PMC9387935, PMC9724671, PMC9781547, PMC9994488","PMC10095048, PMC10318274, PMC10324174, PMC10333319, PMC10353808, PMC10354114, PMC10442393, PMC10485635, PMC10518340, PMC10590689, PMC10652867, PMC10865787, PMC11092326, PMC11177463, PMC11312683, PMC11352947, PMC11412752, PMC11436187, PMC11519399, PMC11551994, PMC11618033, PMC11672287, PMC11815586, PMC11856660, PMC11903798, PMC11969438, PMC11992678, PMC6820523, PMC7368095, PMC7381519, PMC7524462, PMC8427752, PMC8695442, PMC8789754, PMC8802491, PMC8898360, PMC8965725, PMC9122210, PMC9247053, PMC9448891, PMC9496907, PMC9728976, PMC9933427",60.53,64.29,47.8,54.5,991,251,73,43,139.0,276.0,161.0,297.0,forward,reverse_complement,4,4,4,"PMC7820189,PMC8623367,PMC8967397","PMC10096049,PMC10191704,PMC10269791,PMC10358927,PMC10374800,PMC10438445,PMC10464373,PMC10472448,PMC10542019,PMC10572566,PMC10746195,PMC10766952,PMC10810132,PMC10863322,PMC10971493,PMC10986528,PMC11044051,PMC11080256,PMC11239672,PMC11284931,PMC11302107,PMC11335216,PMC11348072,PMC11569172,PMC11702967,PMC11703929,PMC11722101,PMC11752689,PMC11773390,PMC11828882,PMC11855091,PMC11927243,PMC12093801,PMC12095255,PMC4050184,PMC4658032,PMC4759556,PMC4770762,PMC5732537,PMC5764324,PMC5789414,PMC5902600,PMC5976527,PMC6289572,PMC6585057,PMC6817498,PMC6879830,PMC6917645,PMC7052516,PMC7127557,PMC7144238,PMC7533053,PMC7856200,PMC8168463,PMC8409078,PMC8414799,PMC8711646,PMC8726603,PMC9093644,PMC9166744,PMC9184159,PMC9258715,PMC9301362,PMC9330466,PMC9357881,PMC9363599,PMC9387935,PMC9724671,PMC9781547,PMC9994488","PMC10095048,PMC10318274,PMC10324174,PMC10333319,PMC10353808,PMC10354114,PMC10442393,PMC10485635,PMC10518340,PMC10590689,PMC10652867,PMC10865787,PMC11092326,PMC11177463,PMC11312683,PMC11352947,PMC11412752,PMC11436187,PMC11519399,PMC11551994,PMC11618033,PMC11672287,PMC11815586,PMC11856660,PMC11903798,PMC11969438,PMC11992678,PMC6820523,PMC7368095,PMC7381519,PMC7524462,PMC8427752,PMC8695442,PMC8789754,PMC8802491,PMC8898360,PMC8965725,PMC9122210,PMC9247053,PMC9448891,PMC9496907,PMC9728976,PMC9933427",,0,3,43,70,0,0.605352014160532,0.8316666666666666,0.0,55.217600708026595,
GAGCTACAACTTGCTTGGATTCC,GTCAAAGTTCATCCTGTCCT,IFNB1,IFNB1,"IFNB1 (13), IFN- (11), Human (3), IFN (3), IFNB1-R (3), Ifnb-Reverse (2), hIFN- (2), Bing (1), CCL5 (1), CXCL2 (1), CY5/TCAAATGCAGTTAAGACAAATGCAGACGCT/IABRQSP (1), ChIP (1), Direction (1), Gene (1), Human-IFN- (1), IFIT2 (1), IFN-B1 (1), IL-28b (1), Mouse (1), PD-L1 (1), REAGENT (1), TC-3 (1), h-IFN (1), hIFNbeta-R (1), human (1), qRT-PCR (1)","IFN- (8), IFNB1 (6), IFNB (5), Human (4), The (2), A20 (1), G-3 (1), GAPDH (1), IF- (1), IFN (1), IFNB1-S (1), Primers (1), REAGENT (1), Reagent/Resource (1), Sequence-based (1), h-IFN- (1), hIFN- (1), hu (1), qIFNB1 (1)",8.72e-05,0.004,80,44,"PMC10096049, PMC10191704, PMC10269791, PMC10358927, PMC10374800, PMC10438445, PMC10464373, PMC10472448, PMC10542019, PMC10572566, PMC10746195, PMC10766952, PMC10810132, PMC10863322, PMC10971493, PMC10986528, PMC11044051, PMC11080256, PMC11239672, PMC11284931, PMC11302107, PMC11335216, PMC11348072, PMC11569172, PMC11702967, PMC11703929, PMC11722101, PMC11752689, PMC11773390, PMC11828882, PMC11855091, PMC11927243, PMC12093801, PMC12095255, PMC4050184, PMC4658032, PMC4759556, PMC4770762, PMC5732537, PMC5764324, PMC5789414, PMC5902600, PMC5976527, PMC6289572, PMC6585057, PMC6817498, PMC6879830, PMC6917645, PMC7052516, PMC7127557, PMC7144238, PMC7533053, PMC7820189, PMC7856200, PMC8168463, PMC8409078, PMC8414799, PMC8623367, PMC8711646, PMC8726603, PMC8967397, PMC9093644, PMC9166744, PMC9184159, PMC9258715, PMC9301362, PMC9330466, PMC9357881, PMC9363599, PMC9387935, PMC9724671, PMC9781547, PMC9994488","PMC10458163, PMC10663505, PMC10907604, PMC10945704, PMC11443452, PMC3534373, PMC3792152, PMC4376777, PMC4899022, PMC4906230, PMC4919602, PMC5056382, PMC5296877, PMC5394473, PMC5744140, PMC5871618, PMC5944131, PMC7033454, PMC7170394, PMC7302872, PMC7392318, PMC7398755, PMC7536198, PMC8035206, PMC8092204, PMC8107375, PMC8171060, PMC8209947, PMC8358459, PMC8552758, PMC8850198, PMC8962493, PMC9241928, PMC9310409, PMC9472757, PMC9511040, PMC9599549, PMC9673932, PMC9742459, PMC9772848, PMC9870728, PMC9986816",60.53,55.63,47.8,45.0,991,1301,73,42,139.0,234.0,161.0,253.0,forward,reverse_complement,4,2,5,"PMC7820189,PMC8623367,PMC8967397","PMC10096049,PMC10191704,PMC10269791,PMC10358927,PMC10374800,PMC10438445,PMC10464373,PMC10472448,PMC10542019,PMC10572566,PMC10746195,PMC10766952,PMC10810132,PMC10863322,PMC10971493,PMC10986528,PMC11044051,PMC11080256,PMC11239672,PMC11284931,PMC11302107,PMC11335216,PMC11348072,PMC11569172,PMC11702967,PMC11703929,PMC11722101,PMC11752689,PMC11773390,PMC11828882,PMC11855091,PMC11927243,PMC12093801,PMC12095255,PMC4050184,PMC4658032,PMC4759556,PMC4770762,PMC5732537,PMC5764324,PMC5789414,PMC5902600,PMC5976527,PMC6289572,PMC6585057,PMC6817498,PMC6879830,PMC6917645,PMC7052516,PMC7127557,PMC7144238,PMC7533053,PMC7856200,PMC8168463,PMC8409078,PMC8414799,PMC8711646,PMC8726603,PMC9093644,PMC9166744,PMC9184159,PMC9258715,PMC9301362,PMC9330466,PMC9357881,PMC9363599,PMC9387935,PMC9724671,PMC9781547,PMC9994488",,"PMC10458163,PMC10663505,PMC10907604,PMC10945704,PMC11443452,PMC3534373,PMC3792152,PMC4376777,PMC4899022,PMC4906230,PMC4919602,PMC5056382,PMC5296877,PMC5394473,PMC5744140,PMC5871618,PMC5944131,PMC7033454,PMC7170394,PMC7302872,PMC7392318,PMC7398755,PMC7536198,PMC8035206,PMC8092204,PMC8107375,PMC8171060,PMC8209947,PMC8358459,PMC8552758,PMC8850198,PMC8962493,PMC9241928,PMC9310409,PMC9472757,PMC9511040,PMC9599549,PMC9673932,PMC9742459,PMC9772848,PMC9870728,PMC9986816",0,3,0,70,42,0.3994388254642235,0.8316666666666666,0.0,44.92194127321117,
GAGCTACAACTTGCTTGGATTCC,TGATAGACATTAGCCAGGAG,IFNB1,IFNB1,"IFNB1 (13), IFN- (11), Human (3), IFN (3), IFNB1-R (3), Ifnb-Reverse (2), hIFN- (2), Bing (1), CCL5 (1), CXCL2 (1), CY5/TCAAATGCAGTTAAGACAAATGCAGACGCT/IABRQSP (1), ChIP (1), Direction (1), Gene (1), Human-IFN- (1), IFIT2 (1), IFN-B1 (1), IL-28b (1), Mouse (1), PD-L1 (1), REAGENT (1), TC-3 (1), h-IFN (1), hIFNbeta-R (1), human (1), qRT-PCR (1)","Human (6), IFN- (6), IFNB (3), IL-6 (2), A20 (1), ACTB (1), Anti-sense (1), IFNB1 (1), IFNB1-AS (1), Primers (1), Reagent/Resource (1), Sequence-based (1), hIFN- (1), qIFNB1 (1)",8.72e-05,0.004,80,40,"PMC10096049, PMC10191704, PMC10269791, PMC10358927, PMC10374800, PMC10438445, PMC10464373, PMC10472448, PMC10542019, PMC10572566, PMC10746195, PMC10766952, PMC10810132, PMC10863322, PMC10971493, PMC10986528, PMC11044051, PMC11080256, PMC11239672, PMC11284931, PMC11302107, PMC11335216, PMC11348072, PMC11569172, PMC11702967, PMC11703929, PMC11722101, PMC11752689, PMC11773390, PMC11828882, PMC11855091, PMC11927243, PMC12093801, PMC12095255, PMC4050184, PMC4658032, PMC4759556, PMC4770762, PMC5732537, PMC5764324, PMC5789414, PMC5902600, PMC5976527, PMC6289572, PMC6585057, PMC6817498, PMC6879830, PMC6917645, PMC7052516, PMC7127557, PMC7144238, PMC7533053, PMC7820189, PMC7856200, PMC8168463, PMC8409078, PMC8414799, PMC8623367, PMC8711646, PMC8726603, PMC8967397, PMC9093644, PMC9166744, PMC9184159, PMC9258715, PMC9301362, PMC9330466, PMC9357881, PMC9363599, PMC9387935, PMC9724671, PMC9781547, PMC9994488","PMC10269600, PMC10458163, PMC10663505, PMC10907604, PMC10945704, PMC11137015, PMC11443452, PMC3534373, PMC3792152, PMC4376777, PMC4906230, PMC4919602, PMC5056382, PMC5296877, PMC5394473, PMC5744140, PMC5871618, PMC5944131, PMC6789137, PMC7033454, PMC7392318, PMC7536198, PMC8035206, PMC8092204, PMC8107375, PMC8171060, PMC8209947, PMC8358459, PMC8552758, PMC8962493, PMC9241928, PMC9310409, PMC9472757, PMC9511040, PMC9599549, PMC9673932, PMC9742459, PMC9870728, PMC9986816",60.53,54.29,47.8,45.0,991,1055,73,39,139.0,395.0,161.0,414.0,forward,reverse_complement,4,2,4,"PMC7820189,PMC8623367,PMC8967397","PMC10096049,PMC10191704,PMC10269791,PMC10358927,PMC10374800,PMC10438445,PMC10464373,PMC10472448,PMC10542019,PMC10572566,PMC10746195,PMC10766952,PMC10810132,PMC10863322,PMC10971493,PMC10986528,PMC11044051,PMC11080256,PMC11239672,PMC11284931,PMC11302107,PMC11335216,PMC11348072,PMC11569172,PMC11702967,PMC11703929,PMC11722101,PMC11752689,PMC11773390,PMC11828882,PMC11855091,PMC11927243,PMC12093801,PMC12095255,PMC4050184,PMC4658032,PMC4759556,PMC4770762,PMC5732537,PMC5764324,PMC5789414,PMC5902600,PMC5976527,PMC6289572,PMC6585057,PMC6817498,PMC6879830,PMC6917645,PMC7052516,PMC7127557,PMC7144238,PMC7533053,PMC7856200,PMC8168463,PMC8409078,PMC8414799,PMC8711646,PMC8726603,PMC9093644,PMC9166744,PMC9184159,PMC9258715,PMC9301362,PMC9330466,PMC9357881,PMC9363599,PMC9387935,PMC9724671,PMC9781547,PMC9994488","PMC10458163,PMC10663505,PMC10907604,PMC10945704,PMC11137015,PMC11443452,PMC3534373,PMC3792152,PMC4376777,PMC4906230,PMC4919602,PMC5056382,PMC5296877,PMC5394473,PMC5744140,PMC5871618,PMC5944131,PMC7033454,PMC7392318,PMC7536198,PMC8035206,PMC8092204,PMC8107375,PMC8171060,PMC8209947,PMC8358459,PMC8552758,PMC8962493,PMC9241928,PMC9310409,PMC9472757,PMC9511040,PMC9599549,PMC9673932,PMC9742459,PMC9870728,PMC9986816","PMC10269600,PMC6789137",0,3,37,70,2,0.5935776518243145,0.8316666666666666,0.0,54.62888259121572,
GCTTGGATTCCTACAAAGAAGCA,ATAGATGGTCAATGCGGCGTC,IFNB1,IFNB1,"IFN- (21), IFNB1 (10), Human (4), IFN (4), IFNB (2), CCL5 (1), Foward (1), HPRT1 (1), Hs (1), Human-3456-IFN-b-F (1), IFIT1 (1), IFNb-F (1), Ifnb1 (1), LRRFIP1 (1), PU-O-2211 (1), Pig-IFN- (1), REAGENT (1), hIFNB_f (1), hIFNb1-F (1)","IFN- (10), IFNB1 (5), CXCL10 (3), Human (3), IFN (2), ACE2 (1), CCL5 (1), HPRT1 (1), Hs (1), Human-3456-IFN-b-R (1), IFIT-1 (1), IFIT1 (1), IFN-b1 (1), IFNAR2 (1), IFNB (1), IFNb-R (1), IFNbeta-R (1), Ifnb1 (1), Mouse (1), PU-O-2211 (1), Pig-IFN- (1), REAGENT (1), Target (1), hIFNB_r (1), hIFNb1-R (1)",8.72e-05,0.001,67,60,"PMC10052676, PMC10100850, PMC10236158, PMC10353925, PMC10507085, PMC10539660, PMC10601686, PMC10729338, PMC10746179, PMC10786922, PMC10846744, PMC10847042, PMC10927093, PMC11255895, PMC11306511, PMC11348266, PMC11484699, PMC11573810, PMC11598892, PMC11654956, PMC11669202, PMC11908578, PMC11929817, PMC12043507, PMC12096145, PMC12112756, PMC4451274, PMC4452922, PMC4836087, PMC5555650, PMC5557678, PMC5906622, PMC5963799, PMC6057324, PMC6410008, PMC6631246, PMC6760161, PMC6814850, PMC6826303, PMC6877643, PMC7367172, PMC7411765, PMC7455118, PMC7723856, PMC7822318, PMC7870622, PMC7895352, PMC7946191, PMC8224763, PMC8316546, PMC8363743, PMC8428181, PMC8430050, PMC8483903, PMC8530504, PMC8567250, PMC8674137, PMC8694063, PMC8785597, PMC8799857, PMC9088193, PMC9307842, PMC9358906, PMC9948413, PMC9962029","PMC10052676, PMC10100850, PMC10236158, PMC10353925, PMC10507085, PMC10539660, PMC10601686, PMC10729338, PMC10746179, PMC10786922, PMC10846744, PMC10847042, PMC10927093, PMC11255895, PMC11306511, PMC11348266, PMC11484699, PMC11573810, PMC11654956, PMC11669202, PMC11908578, PMC11929817, PMC12043507, PMC12096145, PMC12112756, PMC4452922, PMC5555650, PMC5557678, PMC5906622, PMC5963799, PMC5981164, PMC6057324, PMC6410008, PMC6631246, PMC6760161, PMC6814850, PMC6826303, PMC6877643, PMC7367172, PMC7723856, PMC7822318, PMC7870622, PMC7895352, PMC7946191, PMC8363743, PMC8428181, PMC8430050, PMC8483903, PMC8530504, PMC8567250, PMC8674137, PMC8694063, PMC8785597, PMC8799857, PMC9088193, PMC9307842, PMC9358906, PMC9948413",59.91,61.53,43.5,52.4,697,687,65,58,151.0,296.0,173.0,316.0,forward,reverse_complement,4,2,3,"PMC10052676,PMC10100850,PMC10236158,PMC10353925,PMC10507085,PMC10539660,PMC10601686,PMC10729338,PMC10746179,PMC10786922,PMC10846744,PMC10847042,PMC10927093,PMC11255895,PMC11306511,PMC11348266,PMC11484699,PMC11573810,PMC11598892,PMC11654956,PMC11669202,PMC11908578,PMC11929817,PMC12043507,PMC12096145,PMC12112756,PMC4451274,PMC4452922,PMC4836087,PMC5555650,PMC5557678,PMC5906622,PMC5963799,PMC6057324,PMC6410008,PMC6631246,PMC6760161,PMC6814850,PMC6826303,PMC6877643,PMC7367172,PMC7411765,PMC7455118,PMC7723856,PMC7822318,PMC7870622,PMC7895352,PMC7946191,PMC8224763,PMC8316546,PMC8363743,PMC8428181,PMC8430050,PMC8483903,PMC8530504,PMC8567250,PMC8674137,PMC8694063,PMC8785597,PMC8799857,PMC9088193,PMC9307842,PMC9358906,PMC9948413,PMC9962029",,"PMC10052676,PMC10100850,PMC10236158,PMC10353925,PMC10507085,PMC10539660,PMC10601686,PMC10729338,PMC10746179,PMC10786922,PMC10846744,PMC10847042,PMC10927093,PMC11255895,PMC11306511,PMC11348266,PMC11484699,PMC11573810,PMC11654956,PMC11669202,PMC11908578,PMC11929817,PMC12043507,PMC12096145,PMC12112756,PMC4452922,PMC5555650,PMC5557678,PMC5906622,PMC5963799,PMC5981164,PMC6057324,PMC6410008,PMC6631246,PMC6760161,PMC6814850,PMC6826303,PMC6877643,PMC7367172,PMC7723856,PMC7822318,PMC7870622,PMC7895352,PMC7946191,PMC8363743,PMC8428181,PMC8430050,PMC8483903,PMC8530504,PMC8567250,PMC8674137,PMC8694063,PMC8785597,PMC8799857,PMC9088193,PMC9307842,PMC9358906,PMC9948413",,57,65,58,0,0,1.0,0.8683333333333332,0.4599999999999985,85.24999999999997,"PMC10052676,PMC10100850,PMC10236158,PMC10353925,PMC10507085,PMC10539660,PMC10601686,PMC10729338,PMC10746179,PMC10786922,PMC10846744,PMC10847042,PMC10927093,PMC11255895,PMC11306511,PMC11348266,PMC11484699,PMC11573810,PMC11654956,PMC11669202,PMC11908578,PMC11929817,PMC12043507,PMC12096145,PMC12112756,PMC4452922,PMC5555650,PMC5557678,PMC5906622,PMC5963799,PMC6057324,PMC6410008,PMC6631246,PMC6760161,PMC6814850,PMC6826303,PMC6877643,PMC7367172,PMC7723856,PMC7822318,PMC7870622,PMC7895352,PMC7946191,PMC8363743,PMC8428181,PMC8430050,PMC8483903,PMC8530504,PMC8567250,PMC8674137,PMC8694063,PMC8785597,PMC8799857,PMC9088193,PMC9307842,PMC9358906,PMC9948413"
GCTTGGATTCCTACAAAGAAGCA,AGCCAGGAGGTTCTCAACAA,IFNB1,IFNB1,"IFN- (21), IFNB1 (10), Human (4), IFN (4), IFNB (2), CCL5 (1), Foward (1), HPRT1 (1), Hs (1), Human-3456-IFN-b-F (1), IFIT1 (1), IFNb-F (1), Ifnb1 (1), LRRFIP1 (1), PU-O-2211 (1), Pig-IFN- (1), REAGENT (1), hIFNB_f (1), hIFNb1-F (1)","IFN- (15), IFNB1 (13), Human (6), Human-IFNB1 (2), IFN (2), hIFN- (2), qhIFN (2), Forward- (1), GAPDH (1), Homo- (1), IFNB (1), IFNb (1), IL- (1), TG (1), hIFNB1 (1), qR (1)",8.72e-05,0.004,67,56,"PMC10052676, PMC10100850, PMC10236158, PMC10353925, PMC10507085, PMC10539660, PMC10601686, PMC10729338, PMC10746179, PMC10786922, PMC10846744, PMC10847042, PMC10927093, PMC11255895, PMC11306511, PMC11348266, PMC11484699, PMC11573810, PMC11598892, PMC11654956, PMC11669202, PMC11908578, PMC11929817, PMC12043507, PMC12096145, PMC12112756, PMC4451274, PMC4452922, PMC4836087, PMC5555650, PMC5557678, PMC5906622, PMC5963799, PMC6057324, PMC6410008, PMC6631246, PMC6760161, PMC6814850, PMC6826303, PMC6877643, PMC7367172, PMC7411765, PMC7455118, PMC7723856, PMC7822318, PMC7870622, PMC7895352, PMC7946191, PMC8224763, PMC8316546, PMC8363743, PMC8428181, PMC8430050, PMC8483903, PMC8530504, PMC8567250, PMC8674137, PMC8694063, PMC8785597, PMC8799857, PMC9088193, PMC9307842, PMC9358906, PMC9948413, PMC9962029","PMC10009424, PMC10281466, PMC10621992, PMC10681905, PMC10803816, PMC10869985, PMC10892618, PMC11019896, PMC11231494, PMC11301256, PMC11836015, PMC12047521, PMC2876270, PMC3037344, PMC3098827, PMC3671105, PMC4378195, PMC4518314, PMC4756384, PMC4776105, PMC5167405, PMC5256998, PMC5407853, PMC5418627, PMC5474743, PMC5984788, PMC5990591, PMC6105683, PMC6124814, PMC6188873, PMC6899003, PMC6975528, PMC7108857, PMC7162542, PMC7232131, PMC7912020, PMC8032345, PMC8217528, PMC8245473, PMC8500981, PMC8664592, PMC8704251, PMC8897766, PMC9215249, PMC9341154, PMC9347187, PMC9502172, PMC9580041, PMC9618142, PMC9739643, PMC9879738, PMC9960871",59.91,59.53,43.5,50.0,697,800,65,52,151.0,384.0,173.0,403.0,forward,reverse_complement,4,3,4,"PMC10052676,PMC10100850,PMC10236158,PMC10353925,PMC10507085,PMC10539660,PMC10601686,PMC10729338,PMC10746179,PMC10786922,PMC10846744,PMC10847042,PMC10927093,PMC11255895,PMC11306511,PMC11348266,PMC11484699,PMC11573810,PMC11598892,PMC11654956,PMC11669202,PMC11908578,PMC11929817,PMC12043507,PMC12096145,PMC12112756,PMC4451274,PMC4452922,PMC4836087,PMC5555650,PMC5557678,PMC5906622,PMC5963799,PMC6057324,PMC6410008,PMC6631246,PMC6760161,PMC6814850,PMC6826303,PMC6877643,PMC7367172,PMC7411765,PMC7455118,PMC7723856,PMC7822318,PMC7870622,PMC7895352,PMC7946191,PMC8224763,PMC8316546,PMC8363743,PMC8428181,PMC8430050,PMC8483903,PMC8530504,PMC8567250,PMC8674137,PMC8694063,PMC8785597,PMC8799857,PMC9088193,PMC9307842,PMC9358906,PMC9948413,PMC9962029",,"PMC10681905,PMC10869985,PMC11231494,PMC11301256,PMC11836015,PMC2876270,PMC3037344,PMC3098827,PMC3671105,PMC4378195,PMC4518314,PMC4776105,PMC5167405,PMC5256998,PMC5418627,PMC5474743,PMC5984788,PMC5990591,PMC6124814,PMC8032345,PMC8500981","PMC10009424,PMC10281466,PMC10621992,PMC10803816,PMC10892618,PMC11019896,PMC12047521,PMC4756384,PMC5407853,PMC6105683,PMC6188873,PMC6899003,PMC6975528,PMC7108857,PMC7162542,PMC7232131,PMC7912020,PMC8217528,PMC8245473,PMC8664592,PMC8704251,PMC8897766,PMC9215249,PMC9341154,PMC9347187,PMC9502172,PMC9580041,PMC9618142,PMC9739643,PMC9879738,PMC9960871",0,65,21,0,31,0.7225448516494359,0.8716666666666666,0.8733333333333348,79.74390924913848,
GCTTGGATTCCTACAAAGAAGCA,TCCTCCTTCTGGAACTGCTGCA,IFNB1,IFNB1,"IFN- (21), IFNB1 (10), Human (4), IFN (4), IFNB (2), CCL5 (1), Foward (1), HPRT1 (1), Hs (1), Human-3456-IFN-b-F (1), IFIT1 (1), IFNb-F (1), Ifnb1 (1), LRRFIP1 (1), PU-O-2211 (1), Pig-IFN- (1), REAGENT (1), hIFNB_f (1), hIFNb1-F (1)","Human (4), IFNB1 (4), IFN- (2), ACE2 (1), CTT (1), CXCL10 (1), For (1), GSDMD (1), Hamster (1), IFITM (1), IFN (1), IFN--RT-R (1), IFNB (1), IFNB1-rev (1), IFNG (1), ISG56 (1), MAVS (1), NM_002176.4 (1), REAGENT (1), Trim22 (1), hIFN (1), hIFNB_rev (1), hIfnb (1), mIfnb (1)",8.72e-05,0.000345,67,45,"PMC10052676, PMC10100850, PMC10236158, PMC10353925, PMC10507085, PMC10539660, PMC10601686, PMC10729338, PMC10746179, PMC10786922, PMC10846744, PMC10847042, PMC10927093, PMC11255895, PMC11306511, PMC11348266, PMC11484699, PMC11573810, PMC11598892, PMC11654956, PMC11669202, PMC11908578, PMC11929817, PMC12043507, PMC12096145, PMC12112756, PMC4451274, PMC4452922, PMC4836087, PMC5555650, PMC5557678, PMC5906622, PMC5963799, PMC6057324, PMC6410008, PMC6631246, PMC6760161, PMC6814850, PMC6826303, PMC6877643, PMC7367172, PMC7411765, PMC7455118, PMC7723856, PMC7822318, PMC7870622, PMC7895352, PMC7946191, PMC8224763, PMC8316546, PMC8363743, PMC8428181, PMC8430050, PMC8483903, PMC8530504, PMC8567250, PMC8674137, PMC8694063, PMC8785597, PMC8799857, PMC9088193, PMC9307842, PMC9358906, PMC9948413, PMC9962029","PMC10095048, PMC10318274, PMC10324174, PMC10333319, PMC10353808, PMC10354114, PMC10442393, PMC10485635, PMC10518340, PMC10590689, PMC10652867, PMC10865787, PMC11092326, PMC11177463, PMC11312683, PMC11352947, PMC11412752, PMC11436187, PMC11519399, PMC11551994, PMC11618033, PMC11672287, PMC11815586, PMC11856660, PMC11903798, PMC11969438, PMC11992678, PMC6820523, PMC7368095, PMC7381519, PMC7524462, PMC8427752, PMC8695442, PMC8789754, PMC8802491, PMC8898360, PMC8965725, PMC9122210, PMC9247053, PMC9448891, PMC9496907, PMC9728976, PMC9933427",59.91,64.29,43.5,54.5,697,251,65,43,151.0,276.0,173.0,297.0,forward,reverse_complement,4,4,5,"PMC10052676,PMC10100850,PMC10236158,PMC10353925,PMC10507085,PMC10539660,PMC10601686,PMC10729338,PMC10746179,PMC10786922,PMC10846744,PMC10847042,PMC10927093,PMC11255895,PMC11306511,PMC11348266,PMC11484699,PMC11573810,PMC11598892,PMC11654956,PMC11669202,PMC11908578,PMC11929817,PMC12043507,PMC12096145,PMC12112756,PMC4451274,PMC4452922,PMC4836087,PMC5555650,PMC5557678,PMC5906622,PMC5963799,PMC6057324,PMC6410008,PMC6631246,PMC6760161,PMC6814850,PMC6826303,PMC6877643,PMC7367172,PMC7411765,PMC7455118,PMC7723856,PMC7822318,PMC7870622,PMC7895352,PMC7946191,PMC8224763,PMC8316546,PMC8363743,PMC8428181,PMC8430050,PMC8483903,PMC8530504,PMC8567250,PMC8674137,PMC8694063,PMC8785597,PMC8799857,PMC9088193,PMC9307842,PMC9358906,PMC9948413,PMC9962029",,"PMC10095048,PMC10318274,PMC10324174,PMC10333319,PMC10353808,PMC10354114,PMC10442393,PMC10485635,PMC10518340,PMC10590689,PMC10652867,PMC10865787,PMC11092326,PMC11177463,PMC11312683,PMC11352947,PMC11412752,PMC11436187,PMC11519399,PMC11551994,PMC11618033,PMC11672287,PMC11815586,PMC11856660,PMC11903798,PMC11969438,PMC11992678,PMC6820523,PMC7368095,PMC7381519,PMC7524462,PMC8427752,PMC8695442,PMC8789754,PMC8802491,PMC8898360,PMC8965725,PMC9122210,PMC9247053,PMC9448891,PMC9496907,PMC9728976,PMC9933427",,0,65,43,0,0,0.752608393658674,0.7588888888888887,0.0,60.39708634960036,
GCTTGGATTCCTACAAAGAAGCA,GTCAAAGTTCATCCTGTCCT,IFNB1,IFNB1,"IFN- (21), IFNB1 (10), Human (4), IFN (4), IFNB (2), CCL5 (1), Foward (1), HPRT1 (1), Hs (1), Human-3456-IFN-b-F (1), IFIT1 (1), IFNb-F (1), Ifnb1 (1), LRRFIP1 (1), PU-O-2211 (1), Pig-IFN- (1), REAGENT (1), hIFNB_f (1), hIFNb1-F (1)","IFN- (8), IFNB1 (6), IFNB (5), Human (4), The (2), A20 (1), G-3 (1), GAPDH (1), IF- (1), IFN (1), IFNB1-S (1), Primers (1), REAGENT (1), Reagent/Resource (1), Sequence-based (1), h-IFN- (1), hIFN- (1), hu (1), qIFNB1 (1)",8.72e-05,0.004,67,44,"PMC10052676, PMC10100850, PMC10236158, PMC10353925, PMC10507085, PMC10539660, PMC10601686, PMC10729338, PMC10746179, PMC10786922, PMC10846744, PMC10847042, PMC10927093, PMC11255895, PMC11306511, PMC11348266, PMC11484699, PMC11573810, PMC11598892, PMC11654956, PMC11669202, PMC11908578, PMC11929817, PMC12043507, PMC12096145, PMC12112756, PMC4451274, PMC4452922, PMC4836087, PMC5555650, PMC5557678, PMC5906622, PMC5963799, PMC6057324, PMC6410008, PMC6631246, PMC6760161, PMC6814850, PMC6826303, PMC6877643, PMC7367172, PMC7411765, PMC7455118, PMC7723856, PMC7822318, PMC7870622, PMC7895352, PMC7946191, PMC8224763, PMC8316546, PMC8363743, PMC8428181, PMC8430050, PMC8483903, PMC8530504, PMC8567250, PMC8674137, PMC8694063, PMC8785597, PMC8799857, PMC9088193, PMC9307842, PMC9358906, PMC9948413, PMC9962029","PMC10458163, PMC10663505, PMC10907604, PMC10945704, PMC11443452, PMC3534373, PMC3792152, PMC4376777, PMC4899022, PMC4906230, PMC4919602, PMC5056382, PMC5296877, PMC5394473, PMC5744140, PMC5871618, PMC5944131, PMC7033454, PMC7170394, PMC7302872, PMC7392318, PMC7398755, PMC7536198, PMC8035206, PMC8092204, PMC8107375, PMC8171060, PMC8209947, PMC8358459, PMC8552758, PMC8850198, PMC8962493, PMC9241928, PMC9310409, PMC9472757, PMC9511040, PMC9599549, PMC9673932, PMC9742459, PMC9772848, PMC9870728, PMC9986816",59.91,55.63,43.5,45.0,697,1301,65,42,151.0,234.0,173.0,253.0,forward,reverse_complement,4,2,4,"PMC10052676,PMC10100850,PMC10236158,PMC10353925,PMC10507085,PMC10539660,PMC10601686,PMC10729338,PMC10746179,PMC10786922,PMC10846744,PMC10847042,PMC10927093,PMC11255895,PMC11306511,PMC11348266,PMC11484699,PMC11573810,PMC11598892,PMC11654956,PMC11669202,PMC11908578,PMC11929817,PMC12043507,PMC12096145,PMC12112756,PMC4451274,PMC4452922,PMC4836087,PMC5555650,PMC5557678,PMC5906622,PMC5963799,PMC6057324,PMC6410008,PMC6631246,PMC6760161,PMC6814850,PMC6826303,PMC6877643,PMC7367172,PMC7411765,PMC7455118,PMC7723856,PMC7822318,PMC7870622,PMC7895352,PMC7946191,PMC8224763,PMC8316546,PMC8363743,PMC8428181,PMC8430050,PMC8483903,PMC8530504,PMC8567250,PMC8674137,PMC8694063,PMC8785597,PMC8799857,PMC9088193,PMC9307842,PMC9358906,PMC9948413,PMC9962029",,,"PMC10458163,PMC10663505,PMC10907604,PMC10945704,PMC11443452,PMC3534373,PMC3792152,PMC4376777,PMC4899022,PMC4906230,PMC4919602,PMC5056382,PMC5296877,PMC5394473,PMC5744140,PMC5871618,PMC5944131,PMC7033454,PMC7170394,PMC7302872,PMC7392318,PMC7398755,PMC7536198,PMC8035206,PMC8092204,PMC8107375,PMC8171060,PMC8209947,PMC8358459,PMC8552758,PMC8850198,PMC8962493,PMC9241928,PMC9310409,PMC9472757,PMC9511040,PMC9599549,PMC9673932,PMC9742459,PMC9772848,PMC9870728,PMC9986816",0,65,0,0,42,0.5466952049623655,0.7588888888888887,0.0,50.10142691478493,
GCTTGGATTCCTACAAAGAAGCA,TGATAGACATTAGCCAGGAG,IFNB1,IFNB1,"IFN- (21), IFNB1 (10), Human (4), IFN (4), IFNB (2), CCL5 (1), Foward (1), HPRT1 (1), Hs (1), Human-3456-IFN-b-F (1), IFIT1 (1), IFNb-F (1), Ifnb1 (1), LRRFIP1 (1), PU-O-2211 (1), Pig-IFN- (1), REAGENT (1), hIFNB_f (1), hIFNb1-F (1)","Human (6), IFN- (6), IFNB (3), IL-6 (2), A20 (1), ACTB (1), Anti-sense (1), IFNB1 (1), IFNB1-AS (1), Primers (1), Reagent/Resource (1), Sequence-based (1), hIFN- (1), qIFNB1 (1)",8.72e-05,0.004,67,40,"PMC10052676, PMC10100850, PMC10236158, PMC10353925, PMC10507085, PMC10539660, PMC10601686, PMC10729338, PMC10746179, PMC10786922, PMC10846744, PMC10847042, PMC10927093, PMC11255895, PMC11306511, PMC11348266, PMC11484699, PMC11573810, PMC11598892, PMC11654956, PMC11669202, PMC11908578, PMC11929817, PMC12043507, PMC12096145, PMC12112756, PMC4451274, PMC4452922, PMC4836087, PMC5555650, PMC5557678, PMC5906622, PMC5963799, PMC6057324, PMC6410008, PMC6631246, PMC6760161, PMC6814850, PMC6826303, PMC6877643, PMC7367172, PMC7411765, PMC7455118, PMC7723856, PMC7822318, PMC7870622, PMC7895352, PMC7946191, PMC8224763, PMC8316546, PMC8363743, PMC8428181, PMC8430050, PMC8483903, PMC8530504, PMC8567250, PMC8674137, PMC8694063, PMC8785597, PMC8799857, PMC9088193, PMC9307842, PMC9358906, PMC9948413, PMC9962029","PMC10269600, PMC10458163, PMC10663505, PMC10907604, PMC10945704, PMC11137015, PMC11443452, PMC3534373, PMC3792152, PMC4376777, PMC4906230, PMC4919602, PMC5056382, PMC5296877, PMC5394473, PMC5744140, PMC5871618, PMC5944131, PMC6789137, PMC7033454, PMC7392318, PMC7536198, PMC8035206, PMC8092204, PMC8107375, PMC8171060, PMC8209947, PMC8358459, PMC8552758, PMC8962493, PMC9241928, PMC9310409, PMC9472757, PMC9511040, PMC9599549, PMC9673932, PMC9742459, PMC9870728, PMC9986816",59.91,54.29,43.5,45.0,697,1055,65,39,151.0,395.0,173.0,414.0,forward,reverse_complement,4,2,4,"PMC10052676,PMC10100850,PMC10236158,PMC10353925,PMC10507085,PMC10539660,PMC10601686,PMC10729338,PMC10746179,PMC10786922,PMC10846744,PMC10847042,PMC10927093,PMC11255895,PMC11306511,PMC11348266,PMC11484699,PMC11573810,PMC11598892,PMC11654956,PMC11669202,PMC11908578,PMC11929817,PMC12043507,PMC12096145,PMC12112756,PMC4451274,PMC4452922,PMC4836087,PMC5555650,PMC5557678,PMC5906622,PMC5963799,PMC6057324,PMC6410008,PMC6631246,PMC6760161,PMC6814850,PMC6826303,PMC6877643,PMC7367172,PMC7411765,PMC7455118,PMC7723856,PMC7822318,PMC7870622,PMC7895352,PMC7946191,PMC8224763,PMC8316546,PMC8363743,PMC8428181,PMC8430050,PMC8483903,PMC8530504,PMC8567250,PMC8674137,PMC8694063,PMC8785597,PMC8799857,PMC9088193,PMC9307842,PMC9358906,PMC9948413,PMC9962029",,"PMC10458163,PMC10663505,PMC10907604,PMC10945704,PMC11137015,PMC11443452,PMC3534373,PMC3792152,PMC4376777,PMC4906230,PMC4919602,PMC5056382,PMC5296877,PMC5394473,PMC5744140,PMC5871618,PMC5944131,PMC7033454,PMC7392318,PMC7536198,PMC8035206,PMC8092204,PMC8107375,PMC8171060,PMC8209947,PMC8358459,PMC8552758,PMC8962493,PMC9241928,PMC9310409,PMC9472757,PMC9511040,PMC9599549,PMC9673932,PMC9742459,PMC9870728,PMC9986816","PMC10269600,PMC6789137",0,65,37,0,2,0.7408340313224564,0.7588888888888887,0.0,59.808368232789476,
CATTACCTGAAGGCCAAGGA,AGGAGATCTTCAGTTTCGGAGG,IFNB1,IFNB1,"IFN- (9), IFN (8), IFNB1 (8), IFNB (6), IFN-beta-F (2), IFNB-F (2), Ifn (2), hIFN- (2), CCL5 (1), CVB3 (1), H_IFN (1), Homo-IFN (1), Human (1), Human-IFNB (1), Human-IFNB1 (1), HumanIFNB1-R (1), M28622 (1), NM_002176.3 (1), REAGENT (1), SYBR (1), The (1), h-IFN (1), hIFN-b-F (1)","IFN- (8), IFN (6), CXCL10 (2), Human (2), IFNB1 (2), INF- (2), AAACTC (1), Assay (1), Biorad (1), Direction (1), GAPDH (1), IDENTIFIER (1), IFN-B (1), IFNB (1), IFNG (1), IFNb (1), IFNbeta (1), Jaworska (1), L32 (1), REAGENT (1), RIG-I (1), R_IFNB (1), Reagent (1), SP9 (1), SeV-NP-Rv (1), TNF (1), TNF- (1)",0.004,0.000345,63,62,"PMC10020501, PMC10057834, PMC10136974, PMC10303021, PMC10436061, PMC10450947, PMC10506458, PMC10537524, PMC10653906, PMC10834568, PMC11087979, PMC11237745, PMC11452177, PMC11569208, PMC11602590, PMC11804790, PMC11965557, PMC12005527, PMC12077101, PMC2683030, PMC3436894, PMC3784411, PMC4159236, PMC4427460, PMC4551479, PMC4942120, PMC5059854, PMC5150577, PMC5316936, PMC5338947, PMC5355826, PMC5567224, PMC5690873, PMC5714221, PMC5788864, PMC5931597, PMC5938381, PMC6344911, PMC6631457, PMC6933932, PMC6961928, PMC7052135, PMC7128463, PMC7405721, PMC7481301, PMC7484541, PMC7493860, PMC7688008, PMC7710697, PMC8199122, PMC8303422, PMC8529501, PMC8898729, PMC9034082, PMC9226488, PMC9417302, PMC9439871, PMC9674426","PMC10065062, PMC10298177, PMC10653888, PMC10879325, PMC10919308, PMC10923288, PMC11077976, PMC11090328, PMC11219478, PMC11237466, PMC11476177, PMC11531359, PMC11797016, PMC11985509, PMC11988273, PMC2687430, PMC2737161, PMC3150425, PMC3555826, PMC4552386, PMC5102744, PMC5325526, PMC5382270, PMC5440838, PMC5686077, PMC5776122, PMC5826275, PMC5829438, PMC6042795, PMC6086882, PMC6300258, PMC6538246, PMC6600203, PMC6819084, PMC6821451, PMC6990111, PMC7054758, PMC7086938, PMC7103879, PMC7232345, PMC7279173, PMC7367032, PMC7996929, PMC8100333, PMC8106844, PMC8126617, PMC8130619, PMC8226358, PMC8520720, PMC8637547, PMC8807687, PMC8874356, PMC8878224, PMC8983343, PMC9120774, PMC9239186, PMC9474404, PMC9511480, PMC9583119, PMC9746980, PMC9994724",57.86,59.9,50.0,50.0,1632,1689,58,61,527.0,625.0,546.0,646.0,forward,reverse_complement,4,6,6,"PMC10020501,PMC10136974,PMC10436061,PMC10537524,PMC10653906,PMC10834568,PMC11087979,PMC11237745,PMC11452177,PMC11569208,PMC11602590,PMC11804790,PMC11965557,PMC12005527,PMC12077101,PMC2683030,PMC3436894,PMC3784411,PMC4159236,PMC4942120,PMC5059854,PMC5150577,PMC5338947,PMC5355826,PMC5567224,PMC5690873,PMC5788864,PMC5931597,PMC6344911,PMC6631457,PMC6933932,PMC6961928,PMC7052135,PMC7128463,PMC7405721,PMC7484541,PMC7688008,PMC7710697,PMC8199122,PMC8303422,PMC8529501,PMC8898729,PMC9226488,PMC9417302,PMC9439871,PMC9674426","PMC10057834,PMC10303021,PMC10450947,PMC10506458,PMC4427460,PMC4551479,PMC5316936,PMC5714221,PMC5938381,PMC7481301,PMC7493860,PMC9034082","PMC10065062,PMC10298177,PMC10653888,PMC10879325,PMC10919308,PMC10923288,PMC11077976,PMC11090328,PMC11219478,PMC11237466,PMC11476177,PMC11531359,PMC11797016,PMC11985509,PMC11988273,PMC2687430,PMC2737161,PMC3150425,PMC3555826,PMC4552386,PMC5102744,PMC5325526,PMC5382270,PMC5440838,PMC5686077,PMC5776122,PMC5826275,PMC5829438,PMC6042795,PMC6086882,PMC6300258,PMC6538246,PMC6600203,PMC6819084,PMC6821451,PMC6990111,PMC7054758,PMC7086938,PMC7103879,PMC7232345,PMC7279173,PMC7367032,PMC7996929,PMC8100333,PMC8106844,PMC8126617,PMC8130619,PMC8226358,PMC8520720,PMC8637547,PMC8807687,PMC8874356,PMC8878224,PMC8983343,PMC9120774,PMC9239186,PMC9474404,PMC9511480,PMC9583119,PMC9746980,PMC9994724",,0,46,61,12,0,0.0,0.0,0.0,0.0,
AAACTCATGAGCAGTCTGCA,AGGAGATCTTCAGTTTCGGAGG,IFNB1,IFNB1,"IFN- (14), IFN (10), IFNB1 (5), IFNB (3), REAGENT (3), Human (2), INF- (2), ATC (1), Assay (1), F_IFNB (1), IFN-beta (1), INFB (1), Ifnb (1), Jaworska (1), NF-kappaB (1), NM_002176 (1), NM_002176.4 (1), SeV-NP-Rv (1), TNF (1)","IFN- (8), IFN (6), CXCL10 (2), Human (2), IFNB1 (2), INF- (2), AAACTC (1), Assay (1), Biorad (1), Direction (1), GAPDH (1), IDENTIFIER (1), IFN-B (1), IFNB (1), IFNG (1), IFNb (1), IFNbeta (1), Jaworska (1), L32 (1), REAGENT (1), RIG-I (1), R_IFNB (1), Reagent (1), SP9 (1), SeV-NP-Rv (1), TNF (1), TNF- (1)",0.004,0.000345,55,62,"PMC10653888, PMC10919308, PMC10923288, PMC11090328, PMC11237466, PMC11476177, PMC11531359, PMC11797016, PMC11985509, PMC11988273, PMC2687430, PMC2737161, PMC2773930, PMC3150425, PMC3555826, PMC4552386, PMC5382270, PMC5440838, PMC5686077, PMC5776122, PMC5826275, PMC6042795, PMC6086882, PMC6300258, PMC6538246, PMC6600203, PMC6819084, PMC6821451, PMC6990111, PMC7054758, PMC7086938, PMC7103879, PMC7170050, PMC7279173, PMC7367032, PMC7473339, PMC7693620, PMC7953434, PMC7996929, PMC8100333, PMC8106844, PMC8126617, PMC8520720, PMC8637547, PMC8807687, PMC8874356, PMC8983343, PMC9120774, PMC9239186, PMC9474404, PMC9511480, PMC9583119, PMC9994724","PMC10065062, PMC10298177, PMC10653888, PMC10879325, PMC10919308, PMC10923288, PMC11077976, PMC11090328, PMC11219478, PMC11237466, PMC11476177, PMC11531359, PMC11797016, PMC11985509, PMC11988273, PMC2687430, PMC2737161, PMC3150425, PMC3555826, PMC4552386, PMC5102744, PMC5325526, PMC5382270, PMC5440838, PMC5686077, PMC5776122, PMC5826275, PMC5829438, PMC6042795, PMC6086882, PMC6300258, PMC6538246, PMC6600203, PMC6819084, PMC6821451, PMC6990111, PMC7054758, PMC7086938, PMC7103879, PMC7232345, PMC7279173, PMC7367032, PMC7996929, PMC8100333, PMC8106844, PMC8126617, PMC8130619, PMC8226358, PMC8520720, PMC8637547, PMC8807687, PMC8874356, PMC8878224, PMC8983343, PMC9120774, PMC9239186, PMC9474404, PMC9511480, PMC9583119, PMC9746980, PMC9994724",58.1,59.9,45.0,50.0,1791,1689,53,61,479.0,625.0,498.0,646.0,forward,reverse_complement,8,6,5,"PMC10653888,PMC10919308,PMC10923288,PMC11090328,PMC11237466,PMC11476177,PMC11531359,PMC11797016,PMC11985509,PMC11988273,PMC2687430,PMC2737161,PMC2773930,PMC3150425,PMC3555826,PMC4552386,PMC5382270,PMC5440838,PMC5686077,PMC5776122,PMC5826275,PMC6042795,PMC6086882,PMC6300258,PMC6538246,PMC6600203,PMC6819084,PMC6821451,PMC6990111,PMC7054758,PMC7086938,PMC7103879,PMC7170050,PMC7279173,PMC7367032,PMC7473339,PMC7693620,PMC7953434,PMC7996929,PMC8100333,PMC8106844,PMC8126617,PMC8520720,PMC8637547,PMC8807687,PMC8874356,PMC8983343,PMC9120774,PMC9239186,PMC9474404,PMC9511480,PMC9583119,PMC9994724",,"PMC10065062,PMC10298177,PMC10653888,PMC10879325,PMC10919308,PMC10923288,PMC11077976,PMC11090328,PMC11219478,PMC11237466,PMC11476177,PMC11531359,PMC11797016,PMC11985509,PMC11988273,PMC2687430,PMC2737161,PMC3150425,PMC3555826,PMC4552386,PMC5102744,PMC5325526,PMC5382270,PMC5440838,PMC5686077,PMC5776122,PMC5826275,PMC5829438,PMC6042795,PMC6086882,PMC6300258,PMC6538246,PMC6600203,PMC6819084,PMC6821451,PMC6990111,PMC7054758,PMC7086938,PMC7103879,PMC7232345,PMC7279173,PMC7367032,PMC7996929,PMC8100333,PMC8106844,PMC8126617,PMC8130619,PMC8226358,PMC8520720,PMC8637547,PMC8807687,PMC8874356,PMC8878224,PMC8983343,PMC9120774,PMC9239186,PMC9474404,PMC9511480,PMC9583119,PMC9746980,PMC9994724",,48,53,61,0,0,1.0,0.8333333333333333,0.4000000000000009,83.00000000000001,"PMC10653888,PMC10919308,PMC10923288,PMC11090328,PMC11237466,PMC11476177,PMC11531359,PMC11797016,PMC11985509,PMC11988273,PMC2687430,PMC2737161,PMC3150425,PMC3555826,PMC4552386,PMC5382270,PMC5440838,PMC5686077,PMC5776122,PMC5826275,PMC6042795,PMC6086882,PMC6300258,PMC6538246,PMC6600203,PMC6819084,PMC6821451,PMC6990111,PMC7054758,PMC7086938,PMC7103879,PMC7279173,PMC7367032,PMC7996929,PMC8100333,PMC8106844,PMC8126617,PMC8520720,PMC8637547,PMC8807687,PMC8874356,PMC8983343,PMC9120774,PMC9239186,PMC9474404,PMC9511480,PMC9583119,PMC9994724"
AAACTCATGAGCAGTCTGCA,TCCTTGGCCTTCAGGTAATG,IFNB1,IFNB1,"IFN- (14), IFN (10), IFNB1 (5), IFNB (3), REAGENT (3), Human (2), INF- (2), ATC (1), Assay (1), F_IFNB (1), IFN-beta (1), INFB (1), Ifnb (1), Jaworska (1), NF-kappaB (1), NM_002176 (1), NM_002176.4 (1), SeV-NP-Rv (1), TNF (1)","IFN- (9), IFN (8), IFNB1 (8), IFNB (6), IFN-beta-F (2), IFNB-F (2), Ifn (2), hIFN- (2), CCL5 (1), CVB3 (1), H_IFN (1), Homo-IFN (1), Human (1), Human-IFNB (1), Human-IFNB1 (1), HumanIFNB1-R (1), M28622 (1), NM_002176.3 (1), REAGENT (1), SYBR (1), The (1), h-IFN (1), hIFN-b-F (1)",0.004,0.004,55,63,"PMC10653888, PMC10919308, PMC10923288, PMC11090328, PMC11237466, PMC11476177, PMC11531359, PMC11797016, PMC11985509, PMC11988273, PMC2687430, PMC2737161, PMC2773930, PMC3150425, PMC3555826, PMC4552386, PMC5382270, PMC5440838, PMC5686077, PMC5776122, PMC5826275, PMC6042795, PMC6086882, PMC6300258, PMC6538246, PMC6600203, PMC6819084, PMC6821451, PMC6990111, PMC7054758, PMC7086938, PMC7103879, PMC7170050, PMC7279173, PMC7367032, PMC7473339, PMC7693620, PMC7953434, PMC7996929, PMC8100333, PMC8106844, PMC8126617, PMC8520720, PMC8637547, PMC8807687, PMC8874356, PMC8983343, PMC9120774, PMC9239186, PMC9474404, PMC9511480, PMC9583119, PMC9994724","PMC10020501, PMC10057834, PMC10136974, PMC10303021, PMC10436061, PMC10450947, PMC10506458, PMC10537524, PMC10653906, PMC10834568, PMC11087979, PMC11237745, PMC11452177, PMC11569208, PMC11602590, PMC11804790, PMC11965557, PMC12005527, PMC12077101, PMC2683030, PMC3436894, PMC3784411, PMC4159236, PMC4427460, PMC4551479, PMC4942120, PMC5059854, PMC5150577, PMC5316936, PMC5338947, PMC5355826, PMC5567224, PMC5690873, PMC5714221, PMC5788864, PMC5931597, PMC5938381, PMC6344911, PMC6631457, PMC6933932, PMC6961928, PMC7052135, PMC7128463, PMC7405721, PMC7481301, PMC7484541, PMC7493860, PMC7688008, PMC7710697, PMC8199122, PMC8303422, PMC8529501, PMC8898729, PMC9034082, PMC9226488, PMC9417302, PMC9439871, PMC9674426",58.1,57.86,45.0,50.0,1791,1632,53,58,479.0,527.0,498.0,546.0,forward,reverse_complement,8,4,3,"PMC10653888,PMC10919308,PMC10923288,PMC11090328,PMC11237466,PMC11476177,PMC11531359,PMC11797016,PMC11985509,PMC11988273,PMC2687430,PMC2737161,PMC2773930,PMC3150425,PMC3555826,PMC4552386,PMC5382270,PMC5440838,PMC5686077,PMC5776122,PMC5826275,PMC6042795,PMC6086882,PMC6300258,PMC6538246,PMC6600203,PMC6819084,PMC6821451,PMC6990111,PMC7054758,PMC7086938,PMC7103879,PMC7170050,PMC7279173,PMC7367032,PMC7473339,PMC7693620,PMC7953434,PMC7996929,PMC8100333,PMC8106844,PMC8126617,PMC8520720,PMC8637547,PMC8807687,PMC8874356,PMC8983343,PMC9120774,PMC9239186,PMC9474404,PMC9511480,PMC9583119,PMC9994724",,"PMC10057834,PMC10303021,PMC10450947,PMC10506458,PMC4427460,PMC4551479,PMC5316936,PMC5714221,PMC5938381,PMC7481301,PMC7493860,PMC9034082","PMC10020501,PMC10136974,PMC10436061,PMC10537524,PMC10653906,PMC10834568,PMC11087979,PMC11237745,PMC11452177,PMC11569208,PMC11602590,PMC11804790,PMC11965557,PMC12005527,PMC12077101,PMC2683030,PMC3436894,PMC3784411,PMC4159236,PMC4942120,PMC5059854,PMC5150577,PMC5338947,PMC5355826,PMC5567224,PMC5690873,PMC5788864,PMC5931597,PMC6344911,PMC6631457,PMC6933932,PMC6961928,PMC7052135,PMC7128463,PMC7405721,PMC7484541,PMC7688008,PMC7710697,PMC8199122,PMC8303422,PMC8529501,PMC8898729,PMC9226488,PMC9417302,PMC9439871,PMC9674426",0,53,12,0,46,0.6794191461151473,0.72,0.9199999999999994,73.97095730575735,
AGGACAGGATGAACTTTGAC,ATAGATGGTCAATGCGGCGTC,IFNB1,IFNB1,"IFN- (8), IFNB1 (6), IFNB (5), Human (4), The (2), A20 (1), G-3 (1), GAPDH (1), IF- (1), IFN (1), IFNB1-S (1), Primers (1), REAGENT (1), Reagent/Resource (1), Sequence-based (1), h-IFN- (1), hIFN- (1), hu (1), qIFNB1 (1)","IFN- (10), IFNB1 (5), CXCL10 (3), Human (3), IFN (2), ACE2 (1), CCL5 (1), HPRT1 (1), Hs (1), Human-3456-IFN-b-R (1), IFIT-1 (1), IFIT1 (1), IFN-b1 (1), IFNAR2 (1), IFNB (1), IFNb-R (1), IFNbeta-R (1), Ifnb1 (1), Mouse (1), PU-O-2211 (1), Pig-IFN- (1), REAGENT (1), Target (1), hIFNB_r (1), hIFNb1-R (1)",0.004,0.001,44,60,"PMC10458163, PMC10663505, PMC10907604, PMC10945704, PMC11443452, PMC3534373, PMC3792152, PMC4376777, PMC4899022, PMC4906230, PMC4919602, PMC5056382, PMC5296877, PMC5394473, PMC5744140, PMC5871618, PMC5944131, PMC7033454, PMC7170394, PMC7302872, PMC7392318, PMC7398755, PMC7536198, PMC8035206, PMC8092204, PMC8107375, PMC8171060, PMC8209947, PMC8358459, PMC8552758, PMC8850198, PMC8962493, PMC9241928, PMC9310409, PMC9472757, PMC9511040, PMC9599549, PMC9673932, PMC9742459, PMC9772848, PMC9870728, PMC9986816","PMC10052676, PMC10100850, PMC10236158, PMC10353925, PMC10507085, PMC10539660, PMC10601686, PMC10729338, PMC10746179, PMC10786922, PMC10846744, PMC10847042, PMC10927093, PMC11255895, PMC11306511, PMC11348266, PMC11484699, PMC11573810, PMC11654956, PMC11669202, PMC11908578, PMC11929817, PMC12043507, PMC12096145, PMC12112756, PMC4452922, PMC5555650, PMC5557678, PMC5906622, PMC5963799, PMC5981164, PMC6057324, PMC6410008, PMC6631246, PMC6760161, PMC6814850, PMC6826303, PMC6877643, PMC7367172, PMC7723856, PMC7822318, PMC7870622, PMC7895352, PMC7946191, PMC8363743, PMC8428181, PMC8430050, PMC8483903, PMC8530504, PMC8567250, PMC8674137, PMC8694063, PMC8785597, PMC8799857, PMC9088193, PMC9307842, PMC9358906, PMC9948413",55.63,61.53,45.0,52.4,1301,687,42,58,234.0,296.0,253.0,316.0,forward,reverse_complement,2,2,5,"PMC10458163,PMC10663505,PMC10907604,PMC10945704,PMC11443452,PMC3534373,PMC3792152,PMC4376777,PMC4899022,PMC4906230,PMC4919602,PMC5056382,PMC5296877,PMC5394473,PMC5744140,PMC5871618,PMC5944131,PMC7033454,PMC7170394,PMC7302872,PMC7392318,PMC7398755,PMC7536198,PMC8035206,PMC8092204,PMC8107375,PMC8171060,PMC8209947,PMC8358459,PMC8552758,PMC8850198,PMC8962493,PMC9241928,PMC9310409,PMC9472757,PMC9511040,PMC9599549,PMC9673932,PMC9742459,PMC9772848,PMC9870728,PMC9986816",,"PMC10052676,PMC10100850,PMC10236158,PMC10353925,PMC10507085,PMC10539660,PMC10601686,PMC10729338,PMC10746179,PMC10786922,PMC10846744,PMC10847042,PMC10927093,PMC11255895,PMC11306511,PMC11348266,PMC11484699,PMC11573810,PMC11654956,PMC11669202,PMC11908578,PMC11929817,PMC12043507,PMC12096145,PMC12112756,PMC4452922,PMC5555650,PMC5557678,PMC5906622,PMC5963799,PMC5981164,PMC6057324,PMC6410008,PMC6631246,PMC6760161,PMC6814850,PMC6826303,PMC6877643,PMC7367172,PMC7723856,PMC7822318,PMC7870622,PMC7895352,PMC7946191,PMC8363743,PMC8428181,PMC8430050,PMC8483903,PMC8530504,PMC8567250,PMC8674137,PMC8694063,PMC8785597,PMC8799857,PMC9088193,PMC9307842,PMC9358906,PMC9948413",,0,42,58,0,0,0.7398563860663505,0.776111111111111,0.0,60.27615263665085,
AGGACAGGATGAACTTTGAC,AGCCAGGAGGTTCTCAACAA,IFNB1,IFNB1,"IFN- (8), IFNB1 (6), IFNB (5), Human (4), The (2), A20 (1), G-3 (1), GAPDH (1), IF- (1), IFN (1), IFNB1-S (1), Primers (1), REAGENT (1), Reagent/Resource (1), Sequence-based (1), h-IFN- (1), hIFN- (1), hu (1), qIFNB1 (1)","IFN- (15), IFNB1 (13), Human (6), Human-IFNB1 (2), IFN (2), hIFN- (2), qhIFN (2), Forward- (1), GAPDH (1), Homo- (1), IFNB (1), IFNb (1), IL- (1), TG (1), hIFNB1 (1), qR (1)",0.004,0.004,44,56,"PMC10458163, PMC10663505, PMC10907604, PMC10945704, PMC11443452, PMC3534373, PMC3792152, PMC4376777, PMC4899022, PMC4906230, PMC4919602, PMC5056382, PMC5296877, PMC5394473, PMC5744140, PMC5871618, PMC5944131, PMC7033454, PMC7170394, PMC7302872, PMC7392318, PMC7398755, PMC7536198, PMC8035206, PMC8092204, PMC8107375, PMC8171060, PMC8209947, PMC8358459, PMC8552758, PMC8850198, PMC8962493, PMC9241928, PMC9310409, PMC9472757, PMC9511040, PMC9599549, PMC9673932, PMC9742459, PMC9772848, PMC9870728, PMC9986816","PMC10009424, PMC10281466, PMC10621992, PMC10681905, PMC10803816, PMC10869985, PMC10892618, PMC11019896, PMC11231494, PMC11301256, PMC11836015, PMC12047521, PMC2876270, PMC3037344, PMC3098827, PMC3671105, PMC4378195, PMC4518314, PMC4756384, PMC4776105, PMC5167405, PMC5256998, PMC5407853, PMC5418627, PMC5474743, PMC5984788, PMC5990591, PMC6105683, PMC6124814, PMC6188873, PMC6899003, PMC6975528, PMC7108857, PMC7162542, PMC7232131, PMC7912020, PMC8032345, PMC8217528, PMC8245473, PMC8500981, PMC8664592, PMC8704251, PMC8897766, PMC9215249, PMC9341154, PMC9347187, PMC9502172, PMC9580041, PMC9618142, PMC9739643, PMC9879738, PMC9960871",55.63,59.53,45.0,50.0,1301,800,42,52,234.0,384.0,253.0,403.0,forward,reverse_complement,2,3,4,"PMC10458163,PMC10663505,PMC10907604,PMC10945704,PMC11443452,PMC3534373,PMC3792152,PMC4376777,PMC4899022,PMC4906230,PMC4919602,PMC5056382,PMC5296877,PMC5394473,PMC5744140,PMC5871618,PMC5944131,PMC7033454,PMC7170394,PMC7302872,PMC7392318,PMC7398755,PMC7536198,PMC8035206,PMC8092204,PMC8107375,PMC8171060,PMC8209947,PMC8358459,PMC8552758,PMC8850198,PMC8962493,PMC9241928,PMC9310409,PMC9472757,PMC9511040,PMC9599549,PMC9673932,PMC9742459,PMC9772848,PMC9870728,PMC9986816",,"PMC10681905,PMC10869985,PMC11231494,PMC11301256,PMC11836015,PMC2876270,PMC3037344,PMC3098827,PMC3671105,PMC4378195,PMC4518314,PMC4776105,PMC5167405,PMC5256998,PMC5418627,PMC5474743,PMC5984788,PMC5990591,PMC6124814,PMC8032345,PMC8500981","PMC10009424,PMC10281466,PMC10621992,PMC10803816,PMC10892618,PMC11019896,PMC12047521,PMC4756384,PMC5407853,PMC6105683,PMC6188873,PMC6899003,PMC6975528,PMC7108857,PMC7162542,PMC7232131,PMC7912020,PMC8217528,PMC8245473,PMC8664592,PMC8704251,PMC8897766,PMC9215249,PMC9341154,PMC9347187,PMC9502172,PMC9580041,PMC9618142,PMC9739643,PMC9879738,PMC9960871",0,42,21,0,31,0.6821053179844964,0.7794444444444444,0.0,57.488599232558144,
AGGACAGGATGAACTTTGAC,TCCTCCTTCTGGAACTGCTGCA,IFNB1,IFNB1,"IFN- (8), IFNB1 (6), IFNB (5), Human (4), The (2), A20 (1), G-3 (1), GAPDH (1), IF- (1), IFN (1), IFNB1-S (1), Primers (1), REAGENT (1), Reagent/Resource (1), Sequence-based (1), h-IFN- (1), hIFN- (1), hu (1), qIFNB1 (1)","Human (4), IFNB1 (4), IFN- (2), ACE2 (1), CTT (1), CXCL10 (1), For (1), GSDMD (1), Hamster (1), IFITM (1), IFN (1), IFN--RT-R (1), IFNB (1), IFNB1-rev (1), IFNG (1), ISG56 (1), MAVS (1), NM_002176.4 (1), REAGENT (1), Trim22 (1), hIFN (1), hIFNB_rev (1), hIfnb (1), mIfnb (1)",0.004,0.000345,44,45,"PMC10458163, PMC10663505, PMC10907604, PMC10945704, PMC11443452, PMC3534373, PMC3792152, PMC4376777, PMC4899022, PMC4906230, PMC4919602, PMC5056382, PMC5296877, PMC5394473, PMC5744140, PMC5871618, PMC5944131, PMC7033454, PMC7170394, PMC7302872, PMC7392318, PMC7398755, PMC7536198, PMC8035206, PMC8092204, PMC8107375, PMC8171060, PMC8209947, PMC8358459, PMC8552758, PMC8850198, PMC8962493, PMC9241928, PMC9310409, PMC9472757, PMC9511040, PMC9599549, PMC9673932, PMC9742459, PMC9772848, PMC9870728, PMC9986816","PMC10095048, PMC10318274, PMC10324174, PMC10333319, PMC10353808, PMC10354114, PMC10442393, PMC10485635, PMC10518340, PMC10590689, PMC10652867, PMC10865787, PMC11092326, PMC11177463, PMC11312683, PMC11352947, PMC11412752, PMC11436187, PMC11519399, PMC11551994, PMC11618033, PMC11672287, PMC11815586, PMC11856660, PMC11903798, PMC11969438, PMC11992678, PMC6820523, PMC7368095, PMC7381519, PMC7524462, PMC8427752, PMC8695442, PMC8789754, PMC8802491, PMC8898360, PMC8965725, PMC9122210, PMC9247053, PMC9448891, PMC9496907, PMC9728976, PMC9933427",55.63,64.29,45.0,54.5,1301,251,42,43,234.0,276.0,253.0,297.0,forward,reverse_complement,2,4,4,"PMC10458163,PMC10663505,PMC10907604,PMC10945704,PMC11443452,PMC3534373,PMC3792152,PMC4376777,PMC4899022,PMC4906230,PMC4919602,PMC5056382,PMC5296877,PMC5394473,PMC5744140,PMC5871618,PMC5944131,PMC7033454,PMC7170394,PMC7302872,PMC7392318,PMC7398755,PMC7536198,PMC8035206,PMC8092204,PMC8107375,PMC8171060,PMC8209947,PMC8358459,PMC8552758,PMC8850198,PMC8962493,PMC9241928,PMC9310409,PMC9472757,PMC9511040,PMC9599549,PMC9673932,PMC9742459,PMC9772848,PMC9870728,PMC9986816",,"PMC10095048,PMC10318274,PMC10324174,PMC10333319,PMC10353808,PMC10354114,PMC10442393,PMC10485635,PMC10518340,PMC10590689,PMC10652867,PMC10865787,PMC11092326,PMC11177463,PMC11312683,PMC11352947,PMC11412752,PMC11436187,PMC11519399,PMC11551994,PMC11618033,PMC11672287,PMC11815586,PMC11856660,PMC11903798,PMC11969438,PMC11992678,PMC6820523,PMC7368095,PMC7381519,PMC7524462,PMC8427752,PMC8695442,PMC8789754,PMC8802491,PMC8898360,PMC8965725,PMC9122210,PMC9247053,PMC9448891,PMC9496907,PMC9728976,PMC9933427",,0,42,43,0,0,0.7121688599937344,0.6666666666666666,0.0,55.608442999686716,
AGGACAGGATGAACTTTGAC,TGCAGACTGCTCATGAGTTT,IFNB1,IFNB1,"IFN- (8), IFNB1 (6), IFNB (5), Human (4), The (2), A20 (1), G-3 (1), GAPDH (1), IF- (1), IFN (1), IFNB1-S (1), Primers (1), REAGENT (1), Reagent/Resource (1), Sequence-based (1), h-IFN- (1), hIFN- (1), hu (1), qIFNB1 (1)","IFN- (14), IFN (10), IFNB1 (5), IFNB (3), REAGENT (3), Human (2), INF- (2), ATC (1), Assay (1), F_IFNB (1), IFN-beta (1), INFB (1), Ifnb (1), Jaworska (1), NF-kappaB (1), NM_002176 (1), NM_002176.4 (1), SeV-NP-Rv (1), TNF (1)",0.004,0.004,44,55,"PMC10458163, PMC10663505, PMC10907604, PMC10945704, PMC11443452, PMC3534373, PMC3792152, PMC4376777, PMC4899022, PMC4906230, PMC4919602, PMC5056382, PMC5296877, PMC5394473, PMC5744140, PMC5871618, PMC5944131, PMC7033454, PMC7170394, PMC7302872, PMC7392318, PMC7398755, PMC7536198, PMC8035206, PMC8092204, PMC8107375, PMC8171060, PMC8209947, PMC8358459, PMC8552758, PMC8850198, PMC8962493, PMC9241928, PMC9310409, PMC9472757, PMC9511040, PMC9599549, PMC9673932, PMC9742459, PMC9772848, PMC9870728, PMC9986816","PMC10653888, PMC10919308, PMC10923288, PMC11090328, PMC11237466, PMC11476177, PMC11531359, PMC11797016, PMC11985509, PMC11988273, PMC2687430, PMC2737161, PMC2773930, PMC3150425, PMC3555826, PMC4552386, PMC5382270, PMC5440838, PMC5686077, PMC5776122, PMC5826275, PMC6042795, PMC6086882, PMC6300258, PMC6538246, PMC6600203, PMC6819084, PMC6821451, PMC6990111, PMC7054758, PMC7086938, PMC7103879, PMC7170050, PMC7279173, PMC7367032, PMC7473339, PMC7693620, PMC7953434, PMC7996929, PMC8100333, PMC8106844, PMC8126617, PMC8520720, PMC8637547, PMC8807687, PMC8874356, PMC8983343, PMC9120774, PMC9239186, PMC9474404, PMC9511480, PMC9583119, PMC9994724",55.63,58.1,45.0,45.0,1301,1791,42,53,234.0,479.0,253.0,498.0,forward,reverse_complement,2,8,4,"PMC10458163,PMC10663505,PMC10907604,PMC10945704,PMC11443452,PMC3534373,PMC3792152,PMC4376777,PMC4899022,PMC4906230,PMC4919602,PMC5056382,PMC5296877,PMC5394473,PMC5744140,PMC5871618,PMC5944131,PMC7033454,PMC7170394,PMC7302872,PMC7392318,PMC7398755,PMC7536198,PMC8035206,PMC8092204,PMC8107375,PMC8171060,PMC8209947,PMC8358459,PMC8552758,PMC8850198,PMC8962493,PMC9241928,PMC9310409,PMC9472757,PMC9511040,PMC9599549,PMC9673932,PMC9742459,PMC9772848,PMC9870728,PMC9986816",,,"PMC10653888,PMC10919308,PMC10923288,PMC11090328,PMC11237466,PMC11476177,PMC11531359,PMC11797016,PMC11985509,PMC11988273,PMC2687430,PMC2737161,PMC2773930,PMC3150425,PMC3555826,PMC4552386,PMC5382270,PMC5440838,PMC5686077,PMC5776122,PMC5826275,PMC6042795,PMC6086882,PMC6300258,PMC6538246,PMC6600203,PMC6819084,PMC6821451,PMC6990111,PMC7054758,PMC7086938,PMC7103879,PMC7170050,PMC7279173,PMC7367032,PMC7473339,PMC7693620,PMC7953434,PMC7996929,PMC8100333,PMC8106844,PMC8126617,PMC8520720,PMC8637547,PMC8807687,PMC8874356,PMC8983343,PMC9120774,PMC9239186,PMC9474404,PMC9511480,PMC9583119,PMC9994724",0,42,0,0,53,0.5154159722384395,0.7000000000000001,0.17666666666666708,50.304131945255314,
AGGACAGGATGAACTTTGAC,TGATAGACATTAGCCAGGAG,IFNB1,IFNB1,"IFN- (8), IFNB1 (6), IFNB (5), Human (4), The (2), A20 (1), G-3 (1), GAPDH (1), IF- (1), IFN (1), IFNB1-S (1), Primers (1), REAGENT (1), Reagent/Resource (1), Sequence-based (1), h-IFN- (1), hIFN- (1), hu (1), qIFNB1 (1)","Human (6), IFN- (6), IFNB (3), IL-6 (2), A20 (1), ACTB (1), Anti-sense (1), IFNB1 (1), IFNB1-AS (1), Primers (1), Reagent/Resource (1), Sequence-based (1), hIFN- (1), qIFNB1 (1)",0.004,0.004,44,40,"PMC10458163, PMC10663505, PMC10907604, PMC10945704, PMC11443452, PMC3534373, PMC3792152, PMC4376777, PMC4899022, PMC4906230, PMC4919602, PMC5056382, PMC5296877, PMC5394473, PMC5744140, PMC5871618, PMC5944131, PMC7033454, PMC7170394, PMC7302872, PMC7392318, PMC7398755, PMC7536198, PMC8035206, PMC8092204, PMC8107375, PMC8171060, PMC8209947, PMC8358459, PMC8552758, PMC8850198, PMC8962493, PMC9241928, PMC9310409, PMC9472757, PMC9511040, PMC9599549, PMC9673932, PMC9742459, PMC9772848, PMC9870728, PMC9986816","PMC10269600, PMC10458163, PMC10663505, PMC10907604, PMC10945704, PMC11137015, PMC11443452, PMC3534373, PMC3792152, PMC4376777, PMC4906230, PMC4919602, PMC5056382, PMC5296877, PMC5394473, PMC5744140, PMC5871618, PMC5944131, PMC6789137, PMC7033454, PMC7392318, PMC7536198, PMC8035206, PMC8092204, PMC8107375, PMC8171060, PMC8209947, PMC8358459, PMC8552758, PMC8962493, PMC9241928, PMC9310409, PMC9472757, PMC9511040, PMC9599549, PMC9673932, PMC9742459, PMC9870728, PMC9986816",55.63,54.29,45.0,45.0,1301,1055,42,39,234.0,395.0,253.0,414.0,forward,reverse_complement,2,2,3,"PMC10458163,PMC10663505,PMC10907604,PMC10945704,PMC11443452,PMC3534373,PMC3792152,PMC4376777,PMC4899022,PMC4906230,PMC4919602,PMC5056382,PMC5296877,PMC5394473,PMC5744140,PMC5871618,PMC5944131,PMC7033454,PMC7170394,PMC7302872,PMC7392318,PMC7398755,PMC7536198,PMC8035206,PMC8092204,PMC8107375,PMC8171060,PMC8209947,PMC8358459,PMC8552758,PMC8850198,PMC8962493,PMC9241928,PMC9310409,PMC9472757,PMC9511040,PMC9599549,PMC9673932,PMC9742459,PMC9772848,PMC9870728,PMC9986816",,"PMC10458163,PMC10663505,PMC10907604,PMC10945704,PMC11137015,PMC11443452,PMC3534373,PMC3792152,PMC4376777,PMC4906230,PMC4919602,PMC5056382,PMC5296877,PMC5394473,PMC5744140,PMC5871618,PMC5944131,PMC7033454,PMC7392318,PMC7536198,PMC8035206,PMC8092204,PMC8107375,PMC8171060,PMC8209947,PMC8358459,PMC8552758,PMC8962493,PMC9241928,PMC9310409,PMC9472757,PMC9511040,PMC9599549,PMC9673932,PMC9742459,PMC9870728,PMC9986816","PMC10269600,PMC6789137",36,42,37,0,2,1.0,0.6666666666666666,0.5533333333333321,81.06666666666665,"PMC10458163,PMC10663505,PMC10907604,PMC10945704,PMC11443452,PMC3534373,PMC3792152,PMC4376777,PMC4906230,PMC4919602,PMC5056382,PMC5296877,PMC5394473,PMC5744140,PMC5871618,PMC5944131,PMC7033454,PMC7392318,PMC7536198,PMC8035206,PMC8092204,PMC8107375,PMC8171060,PMC8209947,PMC8358459,PMC8552758,PMC8962493,PMC9241928,PMC9310409,PMC9472757,PMC9511040,PMC9599549,PMC9673932,PMC9742459,PMC9870728,PMC9986816"
CTTGGATTCCTACAAAGAAGCAGC,ATAGATGGTCAATGCGGCGTC,IFNB1,IFNB1,"IFNB1 (8), IFN- (6), Human (4), IFN (3), IFNB (2), GAACT (1), GLUT1 (1), IFN--RT-F (1), IFN-b (1), IFNB1-for (1), INF- (1), Ifn- (1), NM_002176 (1), REAGENT (1), TCCTCCTTCTGGAAC (1), TCGGTGCAGA-3 (1), hIFN (1), hIFNB_for (1), hIfnb (1), mIfnb (1)","IFN- (10), IFNB1 (5), CXCL10 (3), Human (3), IFN (2), ACE2 (1), CCL5 (1), HPRT1 (1), Hs (1), Human-3456-IFN-b-R (1), IFIT-1 (1), IFIT1 (1), IFN-b1 (1), IFNAR2 (1), IFNB (1), IFNb-R (1), IFNbeta-R (1), Ifnb1 (1), Mouse (1), PU-O-2211 (1), Pig-IFN- (1), REAGENT (1), Target (1), hIFNB_r (1), hIFNb1-R (1)",2.58e-05,0.001,44,60,"PMC10095048, PMC10318274, PMC10324174, PMC10333319, PMC10353808, PMC10354114, PMC10442393, PMC10518340, PMC10590689, PMC10652867, PMC10865787, PMC11092326, PMC11177463, PMC11312683, PMC11352947, PMC11412752, PMC11436187, PMC11519399, PMC11551994, PMC11618033, PMC11672287, PMC11815586, PMC11856660, PMC11903798, PMC11992678, PMC6669441, PMC7368095, PMC7381519, PMC7524462, PMC8427752, PMC8695442, PMC8789754, PMC8802491, PMC8898360, PMC8965725, PMC9009290, PMC9122210, PMC9247053, PMC9448891, PMC9496907, PMC9728976, PMC9933427","PMC10052676, PMC10100850, PMC10236158, PMC10353925, PMC10507085, PMC10539660, PMC10601686, PMC10729338, PMC10746179, PMC10786922, PMC10846744, PMC10847042, PMC10927093, PMC11255895, PMC11306511, PMC11348266, PMC11484699, PMC11573810, PMC11654956, PMC11669202, PMC11908578, PMC11929817, PMC12043507, PMC12096145, PMC12112756, PMC4452922, PMC5555650, PMC5557678, PMC5906622, PMC5963799, PMC5981164, PMC6057324, PMC6410008, PMC6631246, PMC6760161, PMC6814850, PMC6826303, PMC6877643, PMC7367172, PMC7723856, PMC7822318, PMC7870622, PMC7895352, PMC7946191, PMC8363743, PMC8428181, PMC8430050, PMC8483903, PMC8530504, PMC8567250, PMC8674137, PMC8694063, PMC8785597, PMC8799857, PMC9088193, PMC9307842, PMC9358906, PMC9948413",60.8,61.53,45.8,52.4,239,687,42,58,152.0,296.0,175.0,316.0,forward,reverse_complement,3,2,3,"PMC10095048,PMC10318274,PMC10324174,PMC10333319,PMC10353808,PMC10354114,PMC10442393,PMC10518340,PMC10590689,PMC10652867,PMC10865787,PMC11092326,PMC11177463,PMC11312683,PMC11352947,PMC11412752,PMC11436187,PMC11519399,PMC11551994,PMC11618033,PMC11672287,PMC11815586,PMC11856660,PMC11903798,PMC11992678,PMC6669441,PMC7368095,PMC7381519,PMC7524462,PMC8427752,PMC8695442,PMC8789754,PMC8802491,PMC8898360,PMC8965725,PMC9009290,PMC9122210,PMC9247053,PMC9448891,PMC9496907,PMC9728976,PMC9933427",,"PMC10052676,PMC10100850,PMC10236158,PMC10353925,PMC10507085,PMC10539660,PMC10601686,PMC10729338,PMC10746179,PMC10786922,PMC10846744,PMC10847042,PMC10927093,PMC11255895,PMC11306511,PMC11348266,PMC11484699,PMC11573810,PMC11654956,PMC11669202,PMC11908578,PMC11929817,PMC12043507,PMC12096145,PMC12112756,PMC4452922,PMC5555650,PMC5557678,PMC5906622,PMC5963799,PMC5981164,PMC6057324,PMC6410008,PMC6631246,PMC6760161,PMC6814850,PMC6826303,PMC6877643,PMC7367172,PMC7723856,PMC7822318,PMC7870622,PMC7895352,PMC7946191,PMC8363743,PMC8428181,PMC8430050,PMC8483903,PMC8530504,PMC8567250,PMC8674137,PMC8694063,PMC8785597,PMC8799857,PMC9088193,PMC9307842,PMC9358906,PMC9948413",,0,42,58,0,0,0.7398563860663505,0.9261111111111111,0.7566666666666654,79.90948596998417,
CTTGGATTCCTACAAAGAAGCAGC,AGCCAGGAGGTTCTCAACAA,IFNB1,IFNB1,"IFNB1 (8), IFN- (6), Human (4), IFN (3), IFNB (2), GAACT (1), GLUT1 (1), IFN--RT-F (1), IFN-b (1), IFNB1-for (1), INF- (1), Ifn- (1), NM_002176 (1), REAGENT (1), TCCTCCTTCTGGAAC (1), TCGGTGCAGA-3 (1), hIFN (1), hIFNB_for (1), hIfnb (1), mIfnb (1)","IFN- (15), IFNB1 (13), Human (6), Human-IFNB1 (2), IFN (2), hIFN- (2), qhIFN (2), Forward- (1), GAPDH (1), Homo- (1), IFNB (1), IFNb (1), IL- (1), TG (1), hIFNB1 (1), qR (1)",2.58e-05,0.004,44,56,"PMC10095048, PMC10318274, PMC10324174, PMC10333319, PMC10353808, PMC10354114, PMC10442393, PMC10518340, PMC10590689, PMC10652867, PMC10865787, PMC11092326, PMC11177463, PMC11312683, PMC11352947, PMC11412752, PMC11436187, PMC11519399, PMC11551994, PMC11618033, PMC11672287, PMC11815586, PMC11856660, PMC11903798, PMC11992678, PMC6669441, PMC7368095, PMC7381519, PMC7524462, PMC8427752, PMC8695442, PMC8789754, PMC8802491, PMC8898360, PMC8965725, PMC9009290, PMC9122210, PMC9247053, PMC9448891, PMC9496907, PMC9728976, PMC9933427","PMC10009424, PMC10281466, PMC10621992, PMC10681905, PMC10803816, PMC10869985, PMC10892618, PMC11019896, PMC11231494, PMC11301256, PMC11836015, PMC12047521, PMC2876270, PMC3037344, PMC3098827, PMC3671105, PMC4378195, PMC4518314, PMC4756384, PMC4776105, PMC5167405, PMC5256998, PMC5407853, PMC5418627, PMC5474743, PMC5984788, PMC5990591, PMC6105683, PMC6124814, PMC6188873, PMC6899003, PMC6975528, PMC7108857, PMC7162542, PMC7232131, PMC7912020, PMC8032345, PMC8217528, PMC8245473, PMC8500981, PMC8664592, PMC8704251, PMC8897766, PMC9215249, PMC9341154, PMC9347187, PMC9502172, PMC9580041, PMC9618142, PMC9739643, PMC9879738, PMC9960871",60.8,59.53,45.8,50.0,239,800,42,52,152.0,384.0,175.0,403.0,forward,reverse_complement,3,3,4,"PMC10095048,PMC10318274,PMC10324174,PMC10333319,PMC10353808,PMC10354114,PMC10442393,PMC10518340,PMC10590689,PMC10652867,PMC10865787,PMC11092326,PMC11177463,PMC11312683,PMC11352947,PMC11412752,PMC11436187,PMC11519399,PMC11551994,PMC11618033,PMC11672287,PMC11815586,PMC11856660,PMC11903798,PMC11992678,PMC6669441,PMC7368095,PMC7381519,PMC7524462,PMC8427752,PMC8695442,PMC8789754,PMC8802491,PMC8898360,PMC8965725,PMC9009290,PMC9122210,PMC9247053,PMC9448891,PMC9496907,PMC9728976,PMC9933427",,"PMC10681905,PMC10869985,PMC11231494,PMC11301256,PMC11836015,PMC2876270,PMC3037344,PMC3098827,PMC3671105,PMC4378195,PMC4518314,PMC4776105,PMC5167405,PMC5256998,PMC5418627,PMC5474743,PMC5984788,PMC5990591,PMC6124814,PMC8032345,PMC8500981","PMC10009424,PMC10281466,PMC10621992,PMC10803816,PMC10892618,PMC11019896,PMC12047521,PMC4756384,PMC5407853,PMC6105683,PMC6188873,PMC6899003,PMC6975528,PMC7108857,PMC7162542,PMC7232131,PMC7912020,PMC8217528,PMC8245473,PMC8664592,PMC8704251,PMC8897766,PMC9215249,PMC9341154,PMC9347187,PMC9502172,PMC9580041,PMC9618142,PMC9739643,PMC9879738,PMC9960871",0,42,21,0,31,0.6821053179844964,0.9294444444444445,0.576666666666668,73.52193256589152,
CTTGGATTCCTACAAAGAAGCAGC,TCCTCCTTCTGGAACTGCTGCA,IFNB1,IFNB1,"IFNB1 (8), IFN- (6), Human (4), IFN (3), IFNB (2), GAACT (1), GLUT1 (1), IFN--RT-F (1), IFN-b (1), IFNB1-for (1), INF- (1), Ifn- (1), NM_002176 (1), REAGENT (1), TCCTCCTTCTGGAAC (1), TCGGTGCAGA-3 (1), hIFN (1), hIFNB_for (1), hIfnb (1), mIfnb (1)","Human (4), IFNB1 (4), IFN- (2), ACE2 (1), CTT (1), CXCL10 (1), For (1), GSDMD (1), Hamster (1), IFITM (1), IFN (1), IFN--RT-R (1), IFNB (1), IFNB1-rev (1), IFNG (1), ISG56 (1), MAVS (1), NM_002176.4 (1), REAGENT (1), Trim22 (1), hIFN (1), hIFNB_rev (1), hIfnb (1), mIfnb (1)",2.58e-05,0.000345,44,45,"PMC10095048, PMC10318274, PMC10324174, PMC10333319, PMC10353808, PMC10354114, PMC10442393, PMC10518340, PMC10590689, PMC10652867, PMC10865787, PMC11092326, PMC11177463, PMC11312683, PMC11352947, PMC11412752, PMC11436187, PMC11519399, PMC11551994, PMC11618033, PMC11672287, PMC11815586, PMC11856660, PMC11903798, PMC11992678, PMC6669441, PMC7368095, PMC7381519, PMC7524462, PMC8427752, PMC8695442, PMC8789754, PMC8802491, PMC8898360, PMC8965725, PMC9009290, PMC9122210, PMC9247053, PMC9448891, PMC9496907, PMC9728976, PMC9933427","PMC10095048, PMC10318274, PMC10324174, PMC10333319, PMC10353808, PMC10354114, PMC10442393, PMC10485635, PMC10518340, PMC10590689, PMC10652867, PMC10865787, PMC11092326, PMC11177463, PMC11312683, PMC11352947, PMC11412752, PMC11436187, PMC11519399, PMC11551994, PMC11618033, PMC11672287, PMC11815586, PMC11856660, PMC11903798, PMC11969438, PMC11992678, PMC6820523, PMC7368095, PMC7381519, PMC7524462, PMC8427752, PMC8695442, PMC8789754, PMC8802491, PMC8898360, PMC8965725, PMC9122210, PMC9247053, PMC9448891, PMC9496907, PMC9728976, PMC9933427",60.8,64.29,45.8,54.5,239,251,42,43,152.0,276.0,175.0,297.0,forward,reverse_complement,3,4,5,"PMC10095048,PMC10318274,PMC10324174,PMC10333319,PMC10353808,PMC10354114,PMC10442393,PMC10518340,PMC10590689,PMC10652867,PMC10865787,PMC11092326,PMC11177463,PMC11312683,PMC11352947,PMC11412752,PMC11436187,PMC11519399,PMC11551994,PMC11618033,PMC11672287,PMC11815586,PMC11856660,PMC11903798,PMC11992678,PMC6669441,PMC7368095,PMC7381519,PMC7524462,PMC8427752,PMC8695442,PMC8789754,PMC8802491,PMC8898360,PMC8965725,PMC9009290,PMC9122210,PMC9247053,PMC9448891,PMC9496907,PMC9728976,PMC9933427",,"PMC10095048,PMC10318274,PMC10324174,PMC10333319,PMC10353808,PMC10354114,PMC10442393,PMC10485635,PMC10518340,PMC10590689,PMC10652867,PMC10865787,PMC11092326,PMC11177463,PMC11312683,PMC11352947,PMC11412752,PMC11436187,PMC11519399,PMC11551994,PMC11618033,PMC11672287,PMC11815586,PMC11856660,PMC11903798,PMC11969438,PMC11992678,PMC6820523,PMC7368095,PMC7381519,PMC7524462,PMC8427752,PMC8695442,PMC8789754,PMC8802491,PMC8898360,PMC8965725,PMC9122210,PMC9247053,PMC9448891,PMC9496907,PMC9728976,PMC9933427",,40,42,43,0,0,1.0,0.8166666666666668,0.0,74.5,"PMC10095048,PMC10318274,PMC10324174,PMC10333319,PMC10353808,PMC10354114,PMC10442393,PMC10518340,PMC10590689,PMC10652867,PMC10865787,PMC11092326,PMC11177463,PMC11312683,PMC11352947,PMC11412752,PMC11436187,PMC11519399,PMC11551994,PMC11618033,PMC11672287,PMC11815586,PMC11856660,PMC11903798,PMC11992678,PMC7368095,PMC7381519,PMC7524462,PMC8427752,PMC8695442,PMC8789754,PMC8802491,PMC8898360,PMC8965725,PMC9122210,PMC9247053,PMC9448891,PMC9496907,PMC9728976,PMC9933427"
CTTGGATTCCTACAAAGAAGCAGC,GTCAAAGTTCATCCTGTCCT,IFNB1,IFNB1,"IFNB1 (8), IFN- (6), Human (4), IFN (3), IFNB (2), GAACT (1), GLUT1 (1), IFN--RT-F (1), IFN-b (1), IFNB1-for (1), INF- (1), Ifn- (1), NM_002176 (1), REAGENT (1), TCCTCCTTCTGGAAC (1), TCGGTGCAGA-3 (1), hIFN (1), hIFNB_for (1), hIfnb (1), mIfnb (1)","IFN- (8), IFNB1 (6), IFNB (5), Human (4), The (2), A20 (1), G-3 (1), GAPDH (1), IF- (1), IFN (1), IFNB1-S (1), Primers (1), REAGENT (1), Reagent/Resource (1), Sequence-based (1), h-IFN- (1), hIFN- (1), hu (1), qIFNB1 (1)",2.58e-05,0.004,44,44,"PMC10095048, PMC10318274, PMC10324174, PMC10333319, PMC10353808, PMC10354114, PMC10442393, PMC10518340, PMC10590689, PMC10652867, PMC10865787, PMC11092326, PMC11177463, PMC11312683, PMC11352947, PMC11412752, PMC11436187, PMC11519399, PMC11551994, PMC11618033, PMC11672287, PMC11815586, PMC11856660, PMC11903798, PMC11992678, PMC6669441, PMC7368095, PMC7381519, PMC7524462, PMC8427752, PMC8695442, PMC8789754, PMC8802491, PMC8898360, PMC8965725, PMC9009290, PMC9122210, PMC9247053, PMC9448891, PMC9496907, PMC9728976, PMC9933427","PMC10458163, PMC10663505, PMC10907604, PMC10945704, PMC11443452, PMC3534373, PMC3792152, PMC4376777, PMC4899022, PMC4906230, PMC4919602, PMC5056382, PMC5296877, PMC5394473, PMC5744140, PMC5871618, PMC5944131, PMC7033454, PMC7170394, PMC7302872, PMC7392318, PMC7398755, PMC7536198, PMC8035206, PMC8092204, PMC8107375, PMC8171060, PMC8209947, PMC8358459, PMC8552758, PMC8850198, PMC8962493, PMC9241928, PMC9310409, PMC9472757, PMC9511040, PMC9599549, PMC9673932, PMC9742459, PMC9772848, PMC9870728, PMC9986816",60.8,55.63,45.8,45.0,239,1301,42,42,152.0,234.0,175.0,253.0,forward,reverse_complement,3,2,4,"PMC10095048,PMC10318274,PMC10324174,PMC10333319,PMC10353808,PMC10354114,PMC10442393,PMC10518340,PMC10590689,PMC10652867,PMC10865787,PMC11092326,PMC11177463,PMC11312683,PMC11352947,PMC11412752,PMC11436187,PMC11519399,PMC11551994,PMC11618033,PMC11672287,PMC11815586,PMC11856660,PMC11903798,PMC11992678,PMC6669441,PMC7368095,PMC7381519,PMC7524462,PMC8427752,PMC8695442,PMC8789754,PMC8802491,PMC8898360,PMC8965725,PMC9009290,PMC9122210,PMC9247053,PMC9448891,PMC9496907,PMC9728976,PMC9933427",,,"PMC10458163,PMC10663505,PMC10907604,PMC10945704,PMC11443452,PMC3534373,PMC3792152,PMC4376777,PMC4899022,PMC4906230,PMC4919602,PMC5056382,PMC5296877,PMC5394473,PMC5744140,PMC5871618,PMC5944131,PMC7033454,PMC7170394,PMC7302872,PMC7392318,PMC7398755,PMC7536198,PMC8035206,PMC8092204,PMC8107375,PMC8171060,PMC8209947,PMC8358459,PMC8552758,PMC8850198,PMC8962493,PMC9241928,PMC9310409,PMC9472757,PMC9511040,PMC9599549,PMC9673932,PMC9742459,PMC9772848,PMC9870728,PMC9986816",0,42,0,0,42,0.506255671297426,0.8166666666666668,0.0,49.812783564871296,
CTTGGATTCCTACAAAGAAGCAGC,TGATAGACATTAGCCAGGAG,IFNB1,IFNB1,"IFNB1 (8), IFN- (6), Human (4), IFN (3), IFNB (2), GAACT (1), GLUT1 (1), IFN--RT-F (1), IFN-b (1), IFNB1-for (1), INF- (1), Ifn- (1), NM_002176 (1), REAGENT (1), TCCTCCTTCTGGAAC (1), TCGGTGCAGA-3 (1), hIFN (1), hIFNB_for (1), hIfnb (1), mIfnb (1)","Human (6), IFN- (6), IFNB (3), IL-6 (2), A20 (1), ACTB (1), Anti-sense (1), IFNB1 (1), IFNB1-AS (1), Primers (1), Reagent/Resource (1), Sequence-based (1), hIFN- (1), qIFNB1 (1)",2.58e-05,0.004,44,40,"PMC10095048, PMC10318274, PMC10324174, PMC10333319, PMC10353808, PMC10354114, PMC10442393, PMC10518340, PMC10590689, PMC10652867, PMC10865787, PMC11092326, PMC11177463, PMC11312683, PMC11352947, PMC11412752, PMC11436187, PMC11519399, PMC11551994, PMC11618033, PMC11672287, PMC11815586, PMC11856660, PMC11903798, PMC11992678, PMC6669441, PMC7368095, PMC7381519, PMC7524462, PMC8427752, PMC8695442, PMC8789754, PMC8802491, PMC8898360, PMC8965725, PMC9009290, PMC9122210, PMC9247053, PMC9448891, PMC9496907, PMC9728976, PMC9933427","PMC10269600, PMC10458163, PMC10663505, PMC10907604, PMC10945704, PMC11137015, PMC11443452, PMC3534373, PMC3792152, PMC4376777, PMC4906230, PMC4919602, PMC5056382, PMC5296877, PMC5394473, PMC5744140, PMC5871618, PMC5944131, PMC6789137, PMC7033454, PMC7392318, PMC7536198, PMC8035206, PMC8092204, PMC8107375, PMC8171060, PMC8209947, PMC8358459, PMC8552758, PMC8962493, PMC9241928, PMC9310409, PMC9472757, PMC9511040, PMC9599549, PMC9673932, PMC9742459, PMC9870728, PMC9986816",60.8,54.29,45.8,45.0,239,1055,42,39,152.0,395.0,175.0,414.0,forward,reverse_complement,3,2,4,"PMC10095048,PMC10318274,PMC10324174,PMC10333319,PMC10353808,PMC10354114,PMC10442393,PMC10518340,PMC10590689,PMC10652867,PMC10865787,PMC11092326,PMC11177463,PMC11312683,PMC11352947,PMC11412752,PMC11436187,PMC11519399,PMC11551994,PMC11618033,PMC11672287,PMC11815586,PMC11856660,PMC11903798,PMC11992678,PMC6669441,PMC7368095,PMC7381519,PMC7524462,PMC8427752,PMC8695442,PMC8789754,PMC8802491,PMC8898360,PMC8965725,PMC9009290,PMC9122210,PMC9247053,PMC9448891,PMC9496907,PMC9728976,PMC9933427",,"PMC10458163,PMC10663505,PMC10907604,PMC10945704,PMC11137015,PMC11443452,PMC3534373,PMC3792152,PMC4376777,PMC4906230,PMC4919602,PMC5056382,PMC5296877,PMC5394473,PMC5744140,PMC5871618,PMC5944131,PMC7033454,PMC7392318,PMC7536198,PMC8035206,PMC8092204,PMC8107375,PMC8171060,PMC8209947,PMC8358459,PMC8552758,PMC8962493,PMC9241928,PMC9310409,PMC9472757,PMC9511040,PMC9599549,PMC9673932,PMC9742459,PMC9870728,PMC9986816","PMC10269600,PMC6789137",0,42,37,0,2,0.7003944976575169,0.8166666666666668,0.0,59.51972488287585,
CTCCTGGCTAATGTCTATCA,AGGAGATCTTCAGTTTCGGAGG,IFNB1,IFNB1,"Human (6), IFN- (6), IFNB (3), IL-6 (2), A20 (1), ACTB (1), Anti-sense (1), IFNB1 (1), IFNB1-AS (1), Primers (1), Reagent/Resource (1), Sequence-based (1), hIFN- (1), qIFNB1 (1)","IFN- (8), IFN (6), CXCL10 (2), Human (2), IFNB1 (2), INF- (2), AAACTC (1), Assay (1), Biorad (1), Direction (1), GAPDH (1), IDENTIFIER (1), IFN-B (1), IFNB (1), IFNG (1), IFNb (1), IFNbeta (1), Jaworska (1), L32 (1), REAGENT (1), RIG-I (1), R_IFNB (1), Reagent (1), SP9 (1), SeV-NP-Rv (1), TNF (1), TNF- (1)",0.004,0.000345,40,62,"PMC10269600, PMC10458163, PMC10663505, PMC10907604, PMC10945704, PMC11137015, PMC11443452, PMC3534373, PMC3792152, PMC4376777, PMC4906230, PMC4919602, PMC5056382, PMC5296877, PMC5394473, PMC5744140, PMC5871618, PMC5944131, PMC6789137, PMC7033454, PMC7392318, PMC7536198, PMC8035206, PMC8092204, PMC8107375, PMC8171060, PMC8209947, PMC8358459, PMC8552758, PMC8962493, PMC9241928, PMC9310409, PMC9472757, PMC9511040, PMC9599549, PMC9673932, PMC9742459, PMC9870728, PMC9986816","PMC10065062, PMC10298177, PMC10653888, PMC10879325, PMC10919308, PMC10923288, PMC11077976, PMC11090328, PMC11219478, PMC11237466, PMC11476177, PMC11531359, PMC11797016, PMC11985509, PMC11988273, PMC2687430, PMC2737161, PMC3150425, PMC3555826, PMC4552386, PMC5102744, PMC5325526, PMC5382270, PMC5440838, PMC5686077, PMC5776122, PMC5826275, PMC5829438, PMC6042795, PMC6086882, PMC6300258, PMC6538246, PMC6600203, PMC6819084, PMC6821451, PMC6990111, PMC7054758, PMC7086938, PMC7103879, PMC7232345, PMC7279173, PMC7367032, PMC7996929, PMC8100333, PMC8106844, PMC8126617, PMC8130619, PMC8226358, PMC8520720, PMC8637547, PMC8807687, PMC8874356, PMC8878224, PMC8983343, PMC9120774, PMC9239186, PMC9474404, PMC9511480, PMC9583119, PMC9746980, PMC9994724",54.29,59.9,45.0,50.0,1055,1689,39,61,395.0,625.0,414.0,646.0,forward,reverse_complement,2,6,5,"PMC10269600,PMC6789137","PMC10458163,PMC10663505,PMC10907604,PMC10945704,PMC11137015,PMC11443452,PMC3534373,PMC3792152,PMC4376777,PMC4906230,PMC4919602,PMC5056382,PMC5296877,PMC5394473,PMC5744140,PMC5871618,PMC5944131,PMC7033454,PMC7392318,PMC7536198,PMC8035206,PMC8092204,PMC8107375,PMC8171060,PMC8209947,PMC8358459,PMC8552758,PMC8962493,PMC9241928,PMC9310409,PMC9472757,PMC9511040,PMC9599549,PMC9673932,PMC9742459,PMC9870728,PMC9986816","PMC10065062,PMC10298177,PMC10653888,PMC10879325,PMC10919308,PMC10923288,PMC11077976,PMC11090328,PMC11219478,PMC11237466,PMC11476177,PMC11531359,PMC11797016,PMC11985509,PMC11988273,PMC2687430,PMC2737161,PMC3150425,PMC3555826,PMC4552386,PMC5102744,PMC5325526,PMC5382270,PMC5440838,PMC5686077,PMC5776122,PMC5826275,PMC5829438,PMC6042795,PMC6086882,PMC6300258,PMC6538246,PMC6600203,PMC6819084,PMC6821451,PMC6990111,PMC7054758,PMC7086938,PMC7103879,PMC7232345,PMC7279173,PMC7367032,PMC7996929,PMC8100333,PMC8106844,PMC8126617,PMC8130619,PMC8226358,PMC8520720,PMC8637547,PMC8807687,PMC8874356,PMC8878224,PMC8983343,PMC9120774,PMC9239186,PMC9474404,PMC9511480,PMC9583119,PMC9746980,PMC9994724",,0,2,61,37,0,0.5973974489045641,0.7999999999999998,0.0,53.869872445228204,
CTCCTGGCTAATGTCTATCA,TCCTTGGCCTTCAGGTAATG,IFNB1,IFNB1,"Human (6), IFN- (6), IFNB (3), IL-6 (2), A20 (1), ACTB (1), Anti-sense (1), IFNB1 (1), IFNB1-AS (1), Primers (1), Reagent/Resource (1), Sequence-based (1), hIFN- (1), qIFNB1 (1)","IFN- (9), IFN (8), IFNB1 (8), IFNB (6), IFN-beta-F (2), IFNB-F (2), Ifn (2), hIFN- (2), CCL5 (1), CVB3 (1), H_IFN (1), Homo-IFN (1), Human (1), Human-IFNB (1), Human-IFNB1 (1), HumanIFNB1-R (1), M28622 (1), NM_002176.3 (1), REAGENT (1), SYBR (1), The (1), h-IFN (1), hIFN-b-F (1)",0.004,0.004,40,63,"PMC10269600, PMC10458163, PMC10663505, PMC10907604, PMC10945704, PMC11137015, PMC11443452, PMC3534373, PMC3792152, PMC4376777, PMC4906230, PMC4919602, PMC5056382, PMC5296877, PMC5394473, PMC5744140, PMC5871618, PMC5944131, PMC6789137, PMC7033454, PMC7392318, PMC7536198, PMC8035206, PMC8092204, PMC8107375, PMC8171060, PMC8209947, PMC8358459, PMC8552758, PMC8962493, PMC9241928, PMC9310409, PMC9472757, PMC9511040, PMC9599549, PMC9673932, PMC9742459, PMC9870728, PMC9986816","PMC10020501, PMC10057834, PMC10136974, PMC10303021, PMC10436061, PMC10450947, PMC10506458, PMC10537524, PMC10653906, PMC10834568, PMC11087979, PMC11237745, PMC11452177, PMC11569208, PMC11602590, PMC11804790, PMC11965557, PMC12005527, PMC12077101, PMC2683030, PMC3436894, PMC3784411, PMC4159236, PMC4427460, PMC4551479, PMC4942120, PMC5059854, PMC5150577, PMC5316936, PMC5338947, PMC5355826, PMC5567224, PMC5690873, PMC5714221, PMC5788864, PMC5931597, PMC5938381, PMC6344911, PMC6631457, PMC6933932, PMC6961928, PMC7052135, PMC7128463, PMC7405721, PMC7481301, PMC7484541, PMC7493860, PMC7688008, PMC7710697, PMC8199122, PMC8303422, PMC8529501, PMC8898729, PMC9034082, PMC9226488, PMC9417302, PMC9439871, PMC9674426",54.29,57.86,45.0,50.0,1055,1632,39,58,395.0,527.0,414.0,546.0,forward,reverse_complement,2,4,4,"PMC10269600,PMC6789137","PMC10458163,PMC10663505,PMC10907604,PMC10945704,PMC11137015,PMC11443452,PMC3534373,PMC3792152,PMC4376777,PMC4906230,PMC4919602,PMC5056382,PMC5296877,PMC5394473,PMC5744140,PMC5871618,PMC5944131,PMC7033454,PMC7392318,PMC7536198,PMC8035206,PMC8092204,PMC8107375,PMC8171060,PMC8209947,PMC8358459,PMC8552758,PMC8962493,PMC9241928,PMC9310409,PMC9472757,PMC9511040,PMC9599549,PMC9673932,PMC9742459,PMC9870728,PMC9986816","PMC10057834,PMC10303021,PMC10450947,PMC10506458,PMC4427460,PMC4551479,PMC5316936,PMC5714221,PMC5938381,PMC7481301,PMC7493860,PMC9034082","PMC10020501,PMC10136974,PMC10436061,PMC10537524,PMC10653906,PMC10834568,PMC11087979,PMC11237745,PMC11452177,PMC11569208,PMC11602590,PMC11804790,PMC11965557,PMC12005527,PMC12077101,PMC2683030,PMC3436894,PMC3784411,PMC4159236,PMC4942120,PMC5059854,PMC5150577,PMC5338947,PMC5355826,PMC5567224,PMC5690873,PMC5788864,PMC5931597,PMC6344911,PMC6631457,PMC6933932,PMC6961928,PMC7052135,PMC7128463,PMC7405721,PMC7484541,PMC7688008,PMC7710697,PMC8199122,PMC8303422,PMC8529501,PMC8898729,PMC9226488,PMC9417302,PMC9439871,PMC9674426",0,2,12,37,46,0.5107797164991903,0.6866666666666665,0.0,46.13898582495951,
CTCCTGGCTAATGTCTATCA,TGCAGACTGCTCATGAGTTT,IFNB1,IFNB1,"Human (6), IFN- (6), IFNB (3), IL-6 (2), A20 (1), ACTB (1), Anti-sense (1), IFNB1 (1), IFNB1-AS (1), Primers (1), Reagent/Resource (1), Sequence-based (1), hIFN- (1), qIFNB1 (1)","IFN- (14), IFN (10), IFNB1 (5), IFNB (3), REAGENT (3), Human (2), INF- (2), ATC (1), Assay (1), F_IFNB (1), IFN-beta (1), INFB (1), Ifnb (1), Jaworska (1), NF-kappaB (1), NM_002176 (1), NM_002176.4 (1), SeV-NP-Rv (1), TNF (1)",0.004,0.004,40,55,"PMC10269600, PMC10458163, PMC10663505, PMC10907604, PMC10945704, PMC11137015, PMC11443452, PMC3534373, PMC3792152, PMC4376777, PMC4906230, PMC4919602, PMC5056382, PMC5296877, PMC5394473, PMC5744140, PMC5871618, PMC5944131, PMC6789137, PMC7033454, PMC7392318, PMC7536198, PMC8035206, PMC8092204, PMC8107375, PMC8171060, PMC8209947, PMC8358459, PMC8552758, PMC8962493, PMC9241928, PMC9310409, PMC9472757, PMC9511040, PMC9599549, PMC9673932, PMC9742459, PMC9870728, PMC9986816","PMC10653888, PMC10919308, PMC10923288, PMC11090328, PMC11237466, PMC11476177, PMC11531359, PMC11797016, PMC11985509, PMC11988273, PMC2687430, PMC2737161, PMC2773930, PMC3150425, PMC3555826, PMC4552386, PMC5382270, PMC5440838, PMC5686077, PMC5776122, PMC5826275, PMC6042795, PMC6086882, PMC6300258, PMC6538246, PMC6600203, PMC6819084, PMC6821451, PMC6990111, PMC7054758, PMC7086938, PMC7103879, PMC7170050, PMC7279173, PMC7367032, PMC7473339, PMC7693620, PMC7953434, PMC7996929, PMC8100333, PMC8106844, PMC8126617, PMC8520720, PMC8637547, PMC8807687, PMC8874356, PMC8983343, PMC9120774, PMC9239186, PMC9474404, PMC9511480, PMC9583119, PMC9994724",54.29,58.1,45.0,45.0,1055,1791,39,53,395.0,479.0,414.0,498.0,forward,reverse_complement,2,8,4,"PMC10269600,PMC6789137","PMC10458163,PMC10663505,PMC10907604,PMC10945704,PMC11137015,PMC11443452,PMC3534373,PMC3792152,PMC4376777,PMC4906230,PMC4919602,PMC5056382,PMC5296877,PMC5394473,PMC5744140,PMC5871618,PMC5944131,PMC7033454,PMC7392318,PMC7536198,PMC8035206,PMC8092204,PMC8107375,PMC8171060,PMC8209947,PMC8358459,PMC8552758,PMC8962493,PMC9241928,PMC9310409,PMC9472757,PMC9511040,PMC9599549,PMC9673932,PMC9742459,PMC9870728,PMC9986816",,"PMC10653888,PMC10919308,PMC10923288,PMC11090328,PMC11237466,PMC11476177,PMC11531359,PMC11797016,PMC11985509,PMC11988273,PMC2687430,PMC2737161,PMC2773930,PMC3150425,PMC3555826,PMC4552386,PMC5382270,PMC5440838,PMC5686077,PMC5776122,PMC5826275,PMC6042795,PMC6086882,PMC6300258,PMC6538246,PMC6600203,PMC6819084,PMC6821451,PMC6990111,PMC7054758,PMC7086938,PMC7103879,PMC7170050,PMC7279173,PMC7367032,PMC7473339,PMC7693620,PMC7953434,PMC7996929,PMC8100333,PMC8106844,PMC8126617,PMC8520720,PMC8637547,PMC8807687,PMC8874356,PMC8983343,PMC9120774,PMC9239186,PMC9474404,PMC9511480,PMC9583119,PMC9994724",0,2,0,37,53,0.36827584587337575,0.7000000000000001,0.0,39.41379229366879,
GACGCCGCATTGACCATCTAT,AGCCAGGAGGTTCTCAACAA,IFNB1,IFNB1,"IFN- (10), IFNB1 (5), CXCL10 (3), Human (3), IFN (2), ACE2 (1), CCL5 (1), HPRT1 (1), Hs (1), Human-3456-IFN-b-R (1), IFIT-1 (1), IFIT1 (1), IFN-b1 (1), IFNAR2 (1), IFNB (1), IFNb-R (1), IFNbeta-R (1), Ifnb1 (1), Mouse (1), PU-O-2211 (1), Pig-IFN- (1), REAGENT (1), Target (1), hIFNB_r (1), hIFNb1-R (1)","IFN- (15), IFNB1 (13), Human (6), Human-IFNB1 (2), IFN (2), hIFN- (2), qhIFN (2), Forward- (1), GAPDH (1), Homo- (1), IFNB (1), IFNb (1), IL- (1), TG (1), hIFNB1 (1), qR (1)",0.001,0.004,60,56,"PMC10052676, PMC10100850, PMC10236158, PMC10353925, PMC10507085, PMC10539660, PMC10601686, PMC10729338, PMC10746179, PMC10786922, PMC10846744, PMC10847042, PMC10927093, PMC11255895, PMC11306511, PMC11348266, PMC11484699, PMC11573810, PMC11654956, PMC11669202, PMC11908578, PMC11929817, PMC12043507, PMC12096145, PMC12112756, PMC4452922, PMC5555650, PMC5557678, PMC5906622, PMC5963799, PMC5981164, PMC6057324, PMC6410008, PMC6631246, PMC6760161, PMC6814850, PMC6826303, PMC6877643, PMC7367172, PMC7723856, PMC7822318, PMC7870622, PMC7895352, PMC7946191, PMC8363743, PMC8428181, PMC8430050, PMC8483903, PMC8530504, PMC8567250, PMC8674137, PMC8694063, PMC8785597, PMC8799857, PMC9088193, PMC9307842, PMC9358906, PMC9948413","PMC10009424, PMC10281466, PMC10621992, PMC10681905, PMC10803816, PMC10869985, PMC10892618, PMC11019896, PMC11231494, PMC11301256, PMC11836015, PMC12047521, PMC2876270, PMC3037344, PMC3098827, PMC3671105, PMC4378195, PMC4518314, PMC4756384, PMC4776105, PMC5167405, PMC5256998, PMC5407853, PMC5418627, PMC5474743, PMC5984788, PMC5990591, PMC6105683, PMC6124814, PMC6188873, PMC6899003, PMC6975528, PMC7108857, PMC7162542, PMC7232131, PMC7912020, PMC8032345, PMC8217528, PMC8245473, PMC8500981, PMC8664592, PMC8704251, PMC8897766, PMC9215249, PMC9341154, PMC9347187, PMC9502172, PMC9580041, PMC9618142, PMC9739643, PMC9879738, PMC9960871",61.53,59.53,52.4,50.0,687,800,58,52,296.0,384.0,316.0,403.0,forward,reverse_complement,2,3,4,,"PMC10052676,PMC10100850,PMC10236158,PMC10353925,PMC10507085,PMC10539660,PMC10601686,PMC10729338,PMC10746179,PMC10786922,PMC10846744,PMC10847042,PMC10927093,PMC11255895,PMC11306511,PMC11348266,PMC11484699,PMC11573810,PMC11654956,PMC11669202,PMC11908578,PMC11929817,PMC12043507,PMC12096145,PMC12112756,PMC4452922,PMC5555650,PMC5557678,PMC5906622,PMC5963799,PMC5981164,PMC6057324,PMC6410008,PMC6631246,PMC6760161,PMC6814850,PMC6826303,PMC6877643,PMC7367172,PMC7723856,PMC7822318,PMC7870622,PMC7895352,PMC7946191,PMC8363743,PMC8428181,PMC8430050,PMC8483903,PMC8530504,PMC8567250,PMC8674137,PMC8694063,PMC8785597,PMC8799857,PMC9088193,PMC9307842,PMC9358906,PMC9948413","PMC10681905,PMC10869985,PMC11231494,PMC11301256,PMC11836015,PMC2876270,PMC3037344,PMC3098827,PMC3671105,PMC4378195,PMC4518314,PMC4776105,PMC5167405,PMC5256998,PMC5418627,PMC5474743,PMC5984788,PMC5990591,PMC6124814,PMC8032345,PMC8500981","PMC10009424,PMC10281466,PMC10621992,PMC10803816,PMC10892618,PMC11019896,PMC12047521,PMC4756384,PMC5407853,PMC6105683,PMC6188873,PMC6899003,PMC6975528,PMC7108857,PMC7162542,PMC7232131,PMC7912020,PMC8217528,PMC8245473,PMC8664592,PMC8704251,PMC8897766,PMC9215249,PMC9341154,PMC9347187,PMC9502172,PMC9580041,PMC9618142,PMC9739643,PMC9879738,PMC9960871",0,0,21,58,31,0.49108345079729615,0.8888888888888888,0.33333333333333337,57.887505873198144,
GACGCCGCATTGACCATCTAT,TCCTCCTTCTGGAACTGCTGCA,IFNB1,IFNB1,"IFN- (10), IFNB1 (5), CXCL10 (3), Human (3), IFN (2), ACE2 (1), CCL5 (1), HPRT1 (1), Hs (1), Human-3456-IFN-b-R (1), IFIT-1 (1), IFIT1 (1), IFN-b1 (1), IFNAR2 (1), IFNB (1), IFNb-R (1), IFNbeta-R (1), Ifnb1 (1), Mouse (1), PU-O-2211 (1), Pig-IFN- (1), REAGENT (1), Target (1), hIFNB_r (1), hIFNb1-R (1)","Human (4), IFNB1 (4), IFN- (2), ACE2 (1), CTT (1), CXCL10 (1), For (1), GSDMD (1), Hamster (1), IFITM (1), IFN (1), IFN--RT-R (1), IFNB (1), IFNB1-rev (1), IFNG (1), ISG56 (1), MAVS (1), NM_002176.4 (1), REAGENT (1), Trim22 (1), hIFN (1), hIFNB_rev (1), hIfnb (1), mIfnb (1)",0.001,0.000345,60,45,"PMC10052676, PMC10100850, PMC10236158, PMC10353925, PMC10507085, PMC10539660, PMC10601686, PMC10729338, PMC10746179, PMC10786922, PMC10846744, PMC10847042, PMC10927093, PMC11255895, PMC11306511, PMC11348266, PMC11484699, PMC11573810, PMC11654956, PMC11669202, PMC11908578, PMC11929817, PMC12043507, PMC12096145, PMC12112756, PMC4452922, PMC5555650, PMC5557678, PMC5906622, PMC5963799, PMC5981164, PMC6057324, PMC6410008, PMC6631246, PMC6760161, PMC6814850, PMC6826303, PMC6877643, PMC7367172, PMC7723856, PMC7822318, PMC7870622, PMC7895352, PMC7946191, PMC8363743, PMC8428181, PMC8430050, PMC8483903, PMC8530504, PMC8567250, PMC8674137, PMC8694063, PMC8785597, PMC8799857, PMC9088193, PMC9307842, PMC9358906, PMC9948413","PMC10095048, PMC10318274, PMC10324174, PMC10333319, PMC10353808, PMC10354114, PMC10442393, PMC10485635, PMC10518340, PMC10590689, PMC10652867, PMC10865787, PMC11092326, PMC11177463, PMC11312683, PMC11352947, PMC11412752, PMC11436187, PMC11519399, PMC11551994, PMC11618033, PMC11672287, PMC11815586, PMC11856660, PMC11903798, PMC11969438, PMC11992678, PMC6820523, PMC7368095, PMC7381519, PMC7524462, PMC8427752, PMC8695442, PMC8789754, PMC8802491, PMC8898360, PMC8965725, PMC9122210, PMC9247053, PMC9448891, PMC9496907, PMC9728976, PMC9933427",61.53,64.29,52.4,54.5,687,251,58,43,296.0,276.0,316.0,297.0,forward,reverse_complement,2,4,3,,"PMC10052676,PMC10100850,PMC10236158,PMC10353925,PMC10507085,PMC10539660,PMC10601686,PMC10729338,PMC10746179,PMC10786922,PMC10846744,PMC10847042,PMC10927093,PMC11255895,PMC11306511,PMC11348266,PMC11484699,PMC11573810,PMC11654956,PMC11669202,PMC11908578,PMC11929817,PMC12043507,PMC12096145,PMC12112756,PMC4452922,PMC5555650,PMC5557678,PMC5906622,PMC5963799,PMC5981164,PMC6057324,PMC6410008,PMC6631246,PMC6760161,PMC6814850,PMC6826303,PMC6877643,PMC7367172,PMC7723856,PMC7822318,PMC7870622,PMC7895352,PMC7946191,PMC8363743,PMC8428181,PMC8430050,PMC8483903,PMC8530504,PMC8567250,PMC8674137,PMC8694063,PMC8785597,PMC8799857,PMC9088193,PMC9307842,PMC9358906,PMC9948413","PMC10095048,PMC10318274,PMC10324174,PMC10333319,PMC10353808,PMC10354114,PMC10442393,PMC10485635,PMC10518340,PMC10590689,PMC10652867,PMC10865787,PMC11092326,PMC11177463,PMC11312683,PMC11352947,PMC11412752,PMC11436187,PMC11519399,PMC11551994,PMC11618033,PMC11672287,PMC11815586,PMC11856660,PMC11903798,PMC11969438,PMC11992678,PMC6820523,PMC7368095,PMC7381519,PMC7524462,PMC8427752,PMC8695442,PMC8789754,PMC8802491,PMC8898360,PMC8965725,PMC9122210,PMC9247053,PMC9448891,PMC9496907,PMC9728976,PMC9933427",,0,0,43,58,0,0.5211469928065342,0.776111111111111,0.0799999999999983,50.94068297366,
GACGCCGCATTGACCATCTAT,TCCTTGGCCTTCAGGTAATG,IFNB1,IFNB1,"IFN- (10), IFNB1 (5), CXCL10 (3), Human (3), IFN (2), ACE2 (1), CCL5 (1), HPRT1 (1), Hs (1), Human-3456-IFN-b-R (1), IFIT-1 (1), IFIT1 (1), IFN-b1 (1), IFNAR2 (1), IFNB (1), IFNb-R (1), IFNbeta-R (1), Ifnb1 (1), Mouse (1), PU-O-2211 (1), Pig-IFN- (1), REAGENT (1), Target (1), hIFNB_r (1), hIFNb1-R (1)","IFN- (9), IFN (8), IFNB1 (8), IFNB (6), IFN-beta-F (2), IFNB-F (2), Ifn (2), hIFN- (2), CCL5 (1), CVB3 (1), H_IFN (1), Homo-IFN (1), Human (1), Human-IFNB (1), Human-IFNB1 (1), HumanIFNB1-R (1), M28622 (1), NM_002176.3 (1), REAGENT (1), SYBR (1), The (1), h-IFN (1), hIFN-b-F (1)",0.001,0.004,60,63,"PMC10052676, PMC10100850, PMC10236158, PMC10353925, PMC10507085, PMC10539660, PMC10601686, PMC10729338, PMC10746179, PMC10786922, PMC10846744, PMC10847042, PMC10927093, PMC11255895, PMC11306511, PMC11348266, PMC11484699, PMC11573810, PMC11654956, PMC11669202, PMC11908578, PMC11929817, PMC12043507, PMC12096145, PMC12112756, PMC4452922, PMC5555650, PMC5557678, PMC5906622, PMC5963799, PMC5981164, PMC6057324, PMC6410008, PMC6631246, PMC6760161, PMC6814850, PMC6826303, PMC6877643, PMC7367172, PMC7723856, PMC7822318, PMC7870622, PMC7895352, PMC7946191, PMC8363743, PMC8428181, PMC8430050, PMC8483903, PMC8530504, PMC8567250, PMC8674137, PMC8694063, PMC8785597, PMC8799857, PMC9088193, PMC9307842, PMC9358906, PMC9948413","PMC10020501, PMC10057834, PMC10136974, PMC10303021, PMC10436061, PMC10450947, PMC10506458, PMC10537524, PMC10653906, PMC10834568, PMC11087979, PMC11237745, PMC11452177, PMC11569208, PMC11602590, PMC11804790, PMC11965557, PMC12005527, PMC12077101, PMC2683030, PMC3436894, PMC3784411, PMC4159236, PMC4427460, PMC4551479, PMC4942120, PMC5059854, PMC5150577, PMC5316936, PMC5338947, PMC5355826, PMC5567224, PMC5690873, PMC5714221, PMC5788864, PMC5931597, PMC5938381, PMC6344911, PMC6631457, PMC6933932, PMC6961928, PMC7052135, PMC7128463, PMC7405721, PMC7481301, PMC7484541, PMC7493860, PMC7688008, PMC7710697, PMC8199122, PMC8303422, PMC8529501, PMC8898729, PMC9034082, PMC9226488, PMC9417302, PMC9439871, PMC9674426",61.53,57.86,52.4,50.0,687,1632,58,58,296.0,527.0,316.0,546.0,forward,reverse_complement,2,4,4,,"PMC10052676,PMC10100850,PMC10236158,PMC10353925,PMC10507085,PMC10539660,PMC10601686,PMC10729338,PMC10746179,PMC10786922,PMC10846744,PMC10847042,PMC10927093,PMC11255895,PMC11306511,PMC11348266,PMC11484699,PMC11573810,PMC11654956,PMC11669202,PMC11908578,PMC11929817,PMC12043507,PMC12096145,PMC12112756,PMC4452922,PMC5555650,PMC5557678,PMC5906622,PMC5963799,PMC5981164,PMC6057324,PMC6410008,PMC6631246,PMC6760161,PMC6814850,PMC6826303,PMC6877643,PMC7367172,PMC7723856,PMC7822318,PMC7870622,PMC7895352,PMC7946191,PMC8363743,PMC8428181,PMC8430050,PMC8483903,PMC8530504,PMC8567250,PMC8674137,PMC8694063,PMC8785597,PMC8799857,PMC9088193,PMC9307842,PMC9358906,PMC9948413","PMC10057834,PMC10303021,PMC10450947,PMC10506458,PMC4427460,PMC4551479,PMC5316936,PMC5714221,PMC5938381,PMC7481301,PMC7493860,PMC9034082","PMC10020501,PMC10136974,PMC10436061,PMC10537524,PMC10653906,PMC10834568,PMC11087979,PMC11237745,PMC11452177,PMC11569208,PMC11602590,PMC11804790,PMC11965557,PMC12005527,PMC12077101,PMC2683030,PMC3436894,PMC3784411,PMC4159236,PMC4942120,PMC5059854,PMC5150577,PMC5338947,PMC5355826,PMC5567224,PMC5690873,PMC5788864,PMC5931597,PMC6344911,PMC6631457,PMC6933932,PMC6961928,PMC7052135,PMC7128463,PMC7405721,PMC7484541,PMC7688008,PMC7710697,PMC8199122,PMC8303422,PMC8529501,PMC8898729,PMC9226488,PMC9417302,PMC9439871,PMC9674426",0,0,12,58,46,0.4668979756770537,0.796111111111111,0.0,47.22823211718602,
GACGCCGCATTGACCATCTAT,TGCAGACTGCTCATGAGTTT,IFNB1,IFNB1,"IFN- (10), IFNB1 (5), CXCL10 (3), Human (3), IFN (2), ACE2 (1), CCL5 (1), HPRT1 (1), Hs (1), Human-3456-IFN-b-R (1), IFIT-1 (1), IFIT1 (1), IFN-b1 (1), IFNAR2 (1), IFNB (1), IFNb-R (1), IFNbeta-R (1), Ifnb1 (1), Mouse (1), PU-O-2211 (1), Pig-IFN- (1), REAGENT (1), Target (1), hIFNB_r (1), hIFNb1-R (1)","IFN- (14), IFN (10), IFNB1 (5), IFNB (3), REAGENT (3), Human (2), INF- (2), ATC (1), Assay (1), F_IFNB (1), IFN-beta (1), INFB (1), Ifnb (1), Jaworska (1), NF-kappaB (1), NM_002176 (1), NM_002176.4 (1), SeV-NP-Rv (1), TNF (1)",0.001,0.004,60,55,"PMC10052676, PMC10100850, PMC10236158, PMC10353925, PMC10507085, PMC10539660, PMC10601686, PMC10729338, PMC10746179, PMC10786922, PMC10846744, PMC10847042, PMC10927093, PMC11255895, PMC11306511, PMC11348266, PMC11484699, PMC11573810, PMC11654956, PMC11669202, PMC11908578, PMC11929817, PMC12043507, PMC12096145, PMC12112756, PMC4452922, PMC5555650, PMC5557678, PMC5906622, PMC5963799, PMC5981164, PMC6057324, PMC6410008, PMC6631246, PMC6760161, PMC6814850, PMC6826303, PMC6877643, PMC7367172, PMC7723856, PMC7822318, PMC7870622, PMC7895352, PMC7946191, PMC8363743, PMC8428181, PMC8430050, PMC8483903, PMC8530504, PMC8567250, PMC8674137, PMC8694063, PMC8785597, PMC8799857, PMC9088193, PMC9307842, PMC9358906, PMC9948413","PMC10653888, PMC10919308, PMC10923288, PMC11090328, PMC11237466, PMC11476177, PMC11531359, PMC11797016, PMC11985509, PMC11988273, PMC2687430, PMC2737161, PMC2773930, PMC3150425, PMC3555826, PMC4552386, PMC5382270, PMC5440838, PMC5686077, PMC5776122, PMC5826275, PMC6042795, PMC6086882, PMC6300258, PMC6538246, PMC6600203, PMC6819084, PMC6821451, PMC6990111, PMC7054758, PMC7086938, PMC7103879, PMC7170050, PMC7279173, PMC7367032, PMC7473339, PMC7693620, PMC7953434, PMC7996929, PMC8100333, PMC8106844, PMC8126617, PMC8520720, PMC8637547, PMC8807687, PMC8874356, PMC8983343, PMC9120774, PMC9239186, PMC9474404, PMC9511480, PMC9583119, PMC9994724",61.53,58.1,52.4,45.0,687,1791,58,53,296.0,479.0,316.0,498.0,forward,reverse_complement,2,8,3,,"PMC10052676,PMC10100850,PMC10236158,PMC10353925,PMC10507085,PMC10539660,PMC10601686,PMC10729338,PMC10746179,PMC10786922,PMC10846744,PMC10847042,PMC10927093,PMC11255895,PMC11306511,PMC11348266,PMC11484699,PMC11573810,PMC11654956,PMC11669202,PMC11908578,PMC11929817,PMC12043507,PMC12096145,PMC12112756,PMC4452922,PMC5555650,PMC5557678,PMC5906622,PMC5963799,PMC5981164,PMC6057324,PMC6410008,PMC6631246,PMC6760161,PMC6814850,PMC6826303,PMC6877643,PMC7367172,PMC7723856,PMC7822318,PMC7870622,PMC7895352,PMC7946191,PMC8363743,PMC8428181,PMC8430050,PMC8483903,PMC8530504,PMC8567250,PMC8674137,PMC8694063,PMC8785597,PMC8799857,PMC9088193,PMC9307842,PMC9358906,PMC9948413",,"PMC10653888,PMC10919308,PMC10923288,PMC11090328,PMC11237466,PMC11476177,PMC11531359,PMC11797016,PMC11985509,PMC11988273,PMC2687430,PMC2737161,PMC2773930,PMC3150425,PMC3555826,PMC4552386,PMC5382270,PMC5440838,PMC5686077,PMC5776122,PMC5826275,PMC6042795,PMC6086882,PMC6300258,PMC6538246,PMC6600203,PMC6819084,PMC6821451,PMC6990111,PMC7054758,PMC7086938,PMC7103879,PMC7170050,PMC7279173,PMC7367032,PMC7473339,PMC7693620,PMC7953434,PMC7996929,PMC8100333,PMC8106844,PMC8126617,PMC8520720,PMC8637547,PMC8807687,PMC8874356,PMC8983343,PMC9120774,PMC9239186,PMC9474404,PMC9511480,PMC9583119,PMC9994724",0,0,0,58,53,0.3243941050512392,0.8094444444444444,0.0,40.50303858589529,
GACGCCGCATTGACCATCTAT,TGATAGACATTAGCCAGGAG,IFNB1,IFNB1,"IFN- (10), IFNB1 (5), CXCL10 (3), Human (3), IFN (2), ACE2 (1), CCL5 (1), HPRT1 (1), Hs (1), Human-3456-IFN-b-R (1), IFIT-1 (1), IFIT1 (1), IFN-b1 (1), IFNAR2 (1), IFNB (1), IFNb-R (1), IFNbeta-R (1), Ifnb1 (1), Mouse (1), PU-O-2211 (1), Pig-IFN- (1), REAGENT (1), Target (1), hIFNB_r (1), hIFNb1-R (1)","Human (6), IFN- (6), IFNB (3), IL-6 (2), A20 (1), ACTB (1), Anti-sense (1), IFNB1 (1), IFNB1-AS (1), Primers (1), Reagent/Resource (1), Sequence-based (1), hIFN- (1), qIFNB1 (1)",0.001,0.004,60,40,"PMC10052676, PMC10100850, PMC10236158, PMC10353925, PMC10507085, PMC10539660, PMC10601686, PMC10729338, PMC10746179, PMC10786922, PMC10846744, PMC10847042, PMC10927093, PMC11255895, PMC11306511, PMC11348266, PMC11484699, PMC11573810, PMC11654956, PMC11669202, PMC11908578, PMC11929817, PMC12043507, PMC12096145, PMC12112756, PMC4452922, PMC5555650, PMC5557678, PMC5906622, PMC5963799, PMC5981164, PMC6057324, PMC6410008, PMC6631246, PMC6760161, PMC6814850, PMC6826303, PMC6877643, PMC7367172, PMC7723856, PMC7822318, PMC7870622, PMC7895352, PMC7946191, PMC8363743, PMC8428181, PMC8430050, PMC8483903, PMC8530504, PMC8567250, PMC8674137, PMC8694063, PMC8785597, PMC8799857, PMC9088193, PMC9307842, PMC9358906, PMC9948413","PMC10269600, PMC10458163, PMC10663505, PMC10907604, PMC10945704, PMC11137015, PMC11443452, PMC3534373, PMC3792152, PMC4376777, PMC4906230, PMC4919602, PMC5056382, PMC5296877, PMC5394473, PMC5744140, PMC5871618, PMC5944131, PMC6789137, PMC7033454, PMC7392318, PMC7536198, PMC8035206, PMC8092204, PMC8107375, PMC8171060, PMC8209947, PMC8358459, PMC8552758, PMC8962493, PMC9241928, PMC9310409, PMC9472757, PMC9511040, PMC9599549, PMC9673932, PMC9742459, PMC9870728, PMC9986816",61.53,54.29,52.4,45.0,687,1055,58,39,296.0,395.0,316.0,414.0,forward,reverse_complement,2,2,5,,"PMC10052676,PMC10100850,PMC10236158,PMC10353925,PMC10507085,PMC10539660,PMC10601686,PMC10729338,PMC10746179,PMC10786922,PMC10846744,PMC10847042,PMC10927093,PMC11255895,PMC11306511,PMC11348266,PMC11484699,PMC11573810,PMC11654956,PMC11669202,PMC11908578,PMC11929817,PMC12043507,PMC12096145,PMC12112756,PMC4452922,PMC5555650,PMC5557678,PMC5906622,PMC5963799,PMC5981164,PMC6057324,PMC6410008,PMC6631246,PMC6760161,PMC6814850,PMC6826303,PMC6877643,PMC7367172,PMC7723856,PMC7822318,PMC7870622,PMC7895352,PMC7946191,PMC8363743,PMC8428181,PMC8430050,PMC8483903,PMC8530504,PMC8567250,PMC8674137,PMC8694063,PMC8785597,PMC8799857,PMC9088193,PMC9307842,PMC9358906,PMC9948413","PMC10458163,PMC10663505,PMC10907604,PMC10945704,PMC11137015,PMC11443452,PMC3534373,PMC3792152,PMC4376777,PMC4906230,PMC4919602,PMC5056382,PMC5296877,PMC5394473,PMC5744140,PMC5871618,PMC5944131,PMC7033454,PMC7392318,PMC7536198,PMC8035206,PMC8092204,PMC8107375,PMC8171060,PMC8209947,PMC8358459,PMC8552758,PMC8962493,PMC9241928,PMC9310409,PMC9472757,PMC9511040,PMC9599549,PMC9673932,PMC9742459,PMC9870728,PMC9986816","PMC10269600,PMC6789137",0,0,37,58,2,0.5093726304703168,0.776111111111111,0.0,48.75196485684917,
TTGTTGAGAACCTCCTGGCT,AGGAGATCTTCAGTTTCGGAGG,IFNB1,IFNB1,"IFN- (15), IFNB1 (13), Human (6), Human-IFNB1 (2), IFN (2), hIFN- (2), qhIFN (2), Forward- (1), GAPDH (1), Homo- (1), IFNB (1), IFNb (1), IL- (1), TG (1), hIFNB1 (1), qR (1)","IFN- (8), IFN (6), CXCL10 (2), Human (2), IFNB1 (2), INF- (2), AAACTC (1), Assay (1), Biorad (1), Direction (1), GAPDH (1), IDENTIFIER (1), IFN-B (1), IFNB (1), IFNG (1), IFNb (1), IFNbeta (1), Jaworska (1), L32 (1), REAGENT (1), RIG-I (1), R_IFNB (1), Reagent (1), SP9 (1), SeV-NP-Rv (1), TNF (1), TNF- (1)",0.004,0.000345,56,62,"PMC10009424, PMC10281466, PMC10621992, PMC10681905, PMC10803816, PMC10869985, PMC10892618, PMC11019896, PMC11231494, PMC11301256, PMC11836015, PMC12047521, PMC2876270, PMC3037344, PMC3098827, PMC3671105, PMC4378195, PMC4518314, PMC4756384, PMC4776105, PMC5167405, PMC5256998, PMC5407853, PMC5418627, PMC5474743, PMC5984788, PMC5990591, PMC6105683, PMC6124814, PMC6188873, PMC6899003, PMC6975528, PMC7108857, PMC7162542, PMC7232131, PMC7912020, PMC8032345, PMC8217528, PMC8245473, PMC8500981, PMC8664592, PMC8704251, PMC8897766, PMC9215249, PMC9341154, PMC9347187, PMC9502172, PMC9580041, PMC9618142, PMC9739643, PMC9879738, PMC9960871","PMC10065062, PMC10298177, PMC10653888, PMC10879325, PMC10919308, PMC10923288, PMC11077976, PMC11090328, PMC11219478, PMC11237466, PMC11476177, PMC11531359, PMC11797016, PMC11985509, PMC11988273, PMC2687430, PMC2737161, PMC3150425, PMC3555826, PMC4552386, PMC5102744, PMC5325526, PMC5382270, PMC5440838, PMC5686077, PMC5776122, PMC5826275, PMC5829438, PMC6042795, PMC6086882, PMC6300258, PMC6538246, PMC6600203, PMC6819084, PMC6821451, PMC6990111, PMC7054758, PMC7086938, PMC7103879, PMC7232345, PMC7279173, PMC7367032, PMC7996929, PMC8100333, PMC8106844, PMC8126617, PMC8130619, PMC8226358, PMC8520720, PMC8637547, PMC8807687, PMC8874356, PMC8878224, PMC8983343, PMC9120774, PMC9239186, PMC9474404, PMC9511480, PMC9583119, PMC9746980, PMC9994724",59.53,59.9,50.0,50.0,800,1689,52,61,384.0,625.0,403.0,646.0,forward,reverse_complement,3,6,5,"PMC10009424,PMC10281466,PMC10621992,PMC10803816,PMC10892618,PMC11019896,PMC12047521,PMC4756384,PMC5407853,PMC6105683,PMC6188873,PMC6899003,PMC6975528,PMC7108857,PMC7162542,PMC7232131,PMC7912020,PMC8217528,PMC8245473,PMC8664592,PMC8704251,PMC8897766,PMC9215249,PMC9341154,PMC9347187,PMC9502172,PMC9580041,PMC9618142,PMC9739643,PMC9879738,PMC9960871","PMC10681905,PMC10869985,PMC11231494,PMC11301256,PMC11836015,PMC2876270,PMC3037344,PMC3098827,PMC3671105,PMC4378195,PMC4518314,PMC4776105,PMC5167405,PMC5256998,PMC5418627,PMC5474743,PMC5984788,PMC5990591,PMC6124814,PMC8032345,PMC8500981","PMC10065062,PMC10298177,PMC10653888,PMC10879325,PMC10919308,PMC10923288,PMC11077976,PMC11090328,PMC11219478,PMC11237466,PMC11476177,PMC11531359,PMC11797016,PMC11985509,PMC11988273,PMC2687430,PMC2737161,PMC3150425,PMC3555826,PMC4552386,PMC5102744,PMC5325526,PMC5382270,PMC5440838,PMC5686077,PMC5776122,PMC5826275,PMC5829438,PMC6042795,PMC6086882,PMC6300258,PMC6538246,PMC6600203,PMC6819084,PMC6821451,PMC6990111,PMC7054758,PMC7086938,PMC7103879,PMC7232345,PMC7279173,PMC7367032,PMC7996929,PMC8100333,PMC8106844,PMC8126617,PMC8130619,PMC8226358,PMC8520720,PMC8637547,PMC8807687,PMC8874356,PMC8878224,PMC8983343,PMC9120774,PMC9239186,PMC9474404,PMC9511480,PMC9583119,PMC9746980,PMC9994724",,0,31,61,21,0,0.7369409471576824,0.9127777777777777,0.8766666666666675,81.76371402455081,
TTGTTGAGAACCTCCTGGCT,TCCTTGGCCTTCAGGTAATG,IFNB1,IFNB1,"IFN- (15), IFNB1 (13), Human (6), Human-IFNB1 (2), IFN (2), hIFN- (2), qhIFN (2), Forward- (1), GAPDH (1), Homo- (1), IFNB (1), IFNb (1), IL- (1), TG (1), hIFNB1 (1), qR (1)","IFN- (9), IFN (8), IFNB1 (8), IFNB (6), IFN-beta-F (2), IFNB-F (2), Ifn (2), hIFN- (2), CCL5 (1), CVB3 (1), H_IFN (1), Homo-IFN (1), Human (1), Human-IFNB (1), Human-IFNB1 (1), HumanIFNB1-R (1), M28622 (1), NM_002176.3 (1), REAGENT (1), SYBR (1), The (1), h-IFN (1), hIFN-b-F (1)",0.004,0.004,56,63,"PMC10009424, PMC10281466, PMC10621992, PMC10681905, PMC10803816, PMC10869985, PMC10892618, PMC11019896, PMC11231494, PMC11301256, PMC11836015, PMC12047521, PMC2876270, PMC3037344, PMC3098827, PMC3671105, PMC4378195, PMC4518314, PMC4756384, PMC4776105, PMC5167405, PMC5256998, PMC5407853, PMC5418627, PMC5474743, PMC5984788, PMC5990591, PMC6105683, PMC6124814, PMC6188873, PMC6899003, PMC6975528, PMC7108857, PMC7162542, PMC7232131, PMC7912020, PMC8032345, PMC8217528, PMC8245473, PMC8500981, PMC8664592, PMC8704251, PMC8897766, PMC9215249, PMC9341154, PMC9347187, PMC9502172, PMC9580041, PMC9618142, PMC9739643, PMC9879738, PMC9960871","PMC10020501, PMC10057834, PMC10136974, PMC10303021, PMC10436061, PMC10450947, PMC10506458, PMC10537524, PMC10653906, PMC10834568, PMC11087979, PMC11237745, PMC11452177, PMC11569208, PMC11602590, PMC11804790, PMC11965557, PMC12005527, PMC12077101, PMC2683030, PMC3436894, PMC3784411, PMC4159236, PMC4427460, PMC4551479, PMC4942120, PMC5059854, PMC5150577, PMC5316936, PMC5338947, PMC5355826, PMC5567224, PMC5690873, PMC5714221, PMC5788864, PMC5931597, PMC5938381, PMC6344911, PMC6631457, PMC6933932, PMC6961928, PMC7052135, PMC7128463, PMC7405721, PMC7481301, PMC7484541, PMC7493860, PMC7688008, PMC7710697, PMC8199122, PMC8303422, PMC8529501, PMC8898729, PMC9034082, PMC9226488, PMC9417302, PMC9439871, PMC9674426",59.53,57.86,50.0,50.0,800,1632,52,58,384.0,527.0,403.0,546.0,forward,reverse_complement,3,4,4,"PMC10009424,PMC10281466,PMC10621992,PMC10803816,PMC10892618,PMC11019896,PMC12047521,PMC4756384,PMC5407853,PMC6105683,PMC6188873,PMC6899003,PMC6975528,PMC7108857,PMC7162542,PMC7232131,PMC7912020,PMC8217528,PMC8245473,PMC8664592,PMC8704251,PMC8897766,PMC9215249,PMC9341154,PMC9347187,PMC9502172,PMC9580041,PMC9618142,PMC9739643,PMC9879738,PMC9960871","PMC10681905,PMC10869985,PMC11231494,PMC11301256,PMC11836015,PMC2876270,PMC3037344,PMC3098827,PMC3671105,PMC4378195,PMC4518314,PMC4776105,PMC5167405,PMC5256998,PMC5418627,PMC5474743,PMC5984788,PMC5990591,PMC6124814,PMC8032345,PMC8500981","PMC10057834,PMC10303021,PMC10450947,PMC10506458,PMC4427460,PMC4551479,PMC5316936,PMC5714221,PMC5938381,PMC7481301,PMC7493860,PMC9034082","PMC10020501,PMC10136974,PMC10436061,PMC10537524,PMC10653906,PMC10834568,PMC11087979,PMC11237745,PMC11452177,PMC11569208,PMC11602590,PMC11804790,PMC11965557,PMC12005527,PMC12077101,PMC2683030,PMC3436894,PMC3784411,PMC4159236,PMC4942120,PMC5059854,PMC5150577,PMC5338947,PMC5355826,PMC5567224,PMC5690873,PMC5788864,PMC5931597,PMC6344911,PMC6631457,PMC6933932,PMC6961928,PMC7052135,PMC7128463,PMC7405721,PMC7484541,PMC7688008,PMC7710697,PMC8199122,PMC8303422,PMC8529501,PMC8898729,PMC9226488,PMC9417302,PMC9439871,PMC9674426",0,31,12,21,46,0.6503232147523086,0.7994444444444444,0.4433333333333328,65.36616073761542,
TTGTTGAGAACCTCCTGGCT,TGCAGACTGCTCATGAGTTT,IFNB1,IFNB1,"IFN- (15), IFNB1 (13), Human (6), Human-IFNB1 (2), IFN (2), hIFN- (2), qhIFN (2), Forward- (1), GAPDH (1), Homo- (1), IFNB (1), IFNb (1), IL- (1), TG (1), hIFNB1 (1), qR (1)","IFN- (14), IFN (10), IFNB1 (5), IFNB (3), REAGENT (3), Human (2), INF- (2), ATC (1), Assay (1), F_IFNB (1), IFN-beta (1), INFB (1), Ifnb (1), Jaworska (1), NF-kappaB (1), NM_002176 (1), NM_002176.4 (1), SeV-NP-Rv (1), TNF (1)",0.004,0.004,56,55,"PMC10009424, PMC10281466, PMC10621992, PMC10681905, PMC10803816, PMC10869985, PMC10892618, PMC11019896, PMC11231494, PMC11301256, PMC11836015, PMC12047521, PMC2876270, PMC3037344, PMC3098827, PMC3671105, PMC4378195, PMC4518314, PMC4756384, PMC4776105, PMC5167405, PMC5256998, PMC5407853, PMC5418627, PMC5474743, PMC5984788, PMC5990591, PMC6105683, PMC6124814, PMC6188873, PMC6899003, PMC6975528, PMC7108857, PMC7162542, PMC7232131, PMC7912020, PMC8032345, PMC8217528, PMC8245473, PMC8500981, PMC8664592, PMC8704251, PMC8897766, PMC9215249, PMC9341154, PMC9347187, PMC9502172, PMC9580041, PMC9618142, PMC9739643, PMC9879738, PMC9960871","PMC10653888, PMC10919308, PMC10923288, PMC11090328, PMC11237466, PMC11476177, PMC11531359, PMC11797016, PMC11985509, PMC11988273, PMC2687430, PMC2737161, PMC2773930, PMC3150425, PMC3555826, PMC4552386, PMC5382270, PMC5440838, PMC5686077, PMC5776122, PMC5826275, PMC6042795, PMC6086882, PMC6300258, PMC6538246, PMC6600203, PMC6819084, PMC6821451, PMC6990111, PMC7054758, PMC7086938, PMC7103879, PMC7170050, PMC7279173, PMC7367032, PMC7473339, PMC7693620, PMC7953434, PMC7996929, PMC8100333, PMC8106844, PMC8126617, PMC8520720, PMC8637547, PMC8807687, PMC8874356, PMC8983343, PMC9120774, PMC9239186, PMC9474404, PMC9511480, PMC9583119, PMC9994724",59.53,58.1,50.0,45.0,800,1791,52,53,384.0,479.0,403.0,498.0,forward,reverse_complement,3,8,4,"PMC10009424,PMC10281466,PMC10621992,PMC10803816,PMC10892618,PMC11019896,PMC12047521,PMC4756384,PMC5407853,PMC6105683,PMC6188873,PMC6899003,PMC6975528,PMC7108857,PMC7162542,PMC7232131,PMC7912020,PMC8217528,PMC8245473,PMC8664592,PMC8704251,PMC8897766,PMC9215249,PMC9341154,PMC9347187,PMC9502172,PMC9580041,PMC9618142,PMC9739643,PMC9879738,PMC9960871","PMC10681905,PMC10869985,PMC11231494,PMC11301256,PMC11836015,PMC2876270,PMC3037344,PMC3098827,PMC3671105,PMC4378195,PMC4518314,PMC4776105,PMC5167405,PMC5256998,PMC5418627,PMC5474743,PMC5984788,PMC5990591,PMC6124814,PMC8032345,PMC8500981",,"PMC10653888,PMC10919308,PMC10923288,PMC11090328,PMC11237466,PMC11476177,PMC11531359,PMC11797016,PMC11985509,PMC11988273,PMC2687430,PMC2737161,PMC2773930,PMC3150425,PMC3555826,PMC4552386,PMC5382270,PMC5440838,PMC5686077,PMC5776122,PMC5826275,PMC6042795,PMC6086882,PMC6300258,PMC6538246,PMC6600203,PMC6819084,PMC6821451,PMC6990111,PMC7054758,PMC7086938,PMC7103879,PMC7170050,PMC7279173,PMC7367032,PMC7473339,PMC7693620,PMC7953434,PMC7996929,PMC8100333,PMC8106844,PMC8126617,PMC8520720,PMC8637547,PMC8807687,PMC8874356,PMC8983343,PMC9120774,PMC9239186,PMC9474404,PMC9511480,PMC9583119,PMC9994724",0,31,0,21,53,0.5078193441264941,0.8127777777777778,0.5233333333333334,60.240967206324704,
TGCAGCAGTTCCAGAAGGAGGA,ATAGATGGTCAATGCGGCGTC,IFNB1,IFNB1,"Human (4), IFNB1 (4), IFN- (2), ACE2 (1), CTT (1), CXCL10 (1), For (1), GSDMD (1), Hamster (1), IFITM (1), IFN (1), IFN--RT-R (1), IFNB (1), IFNB1-rev (1), IFNG (1), ISG56 (1), MAVS (1), NM_002176.4 (1), REAGENT (1), Trim22 (1), hIFN (1), hIFNB_rev (1), hIfnb (1), mIfnb (1)","IFN- (10), IFNB1 (5), CXCL10 (3), Human (3), IFN (2), ACE2 (1), CCL5 (1), HPRT1 (1), Hs (1), Human-3456-IFN-b-R (1), IFIT-1 (1), IFIT1 (1), IFN-b1 (1), IFNAR2 (1), IFNB (1), IFNb-R (1), IFNbeta-R (1), Ifnb1 (1), Mouse (1), PU-O-2211 (1), Pig-IFN- (1), REAGENT (1), Target (1), hIFNB_r (1), hIFNb1-R (1)",0.000345,0.001,45,60,"PMC10095048, PMC10318274, PMC10324174, PMC10333319, PMC10353808, PMC10354114, PMC10442393, PMC10485635, PMC10518340, PMC10590689, PMC10652867, PMC10865787, PMC11092326, PMC11177463, PMC11312683, PMC11352947, PMC11412752, PMC11436187, PMC11519399, PMC11551994, PMC11618033, PMC11672287, PMC11815586, PMC11856660, PMC11903798, PMC11969438, PMC11992678, PMC6820523, PMC7368095, PMC7381519, PMC7524462, PMC8427752, PMC8695442, PMC8789754, PMC8802491, PMC8898360, PMC8965725, PMC9122210, PMC9247053, PMC9448891, PMC9496907, PMC9728976, PMC9933427","PMC10052676, PMC10100850, PMC10236158, PMC10353925, PMC10507085, PMC10539660, PMC10601686, PMC10729338, PMC10746179, PMC10786922, PMC10846744, PMC10847042, PMC10927093, PMC11255895, PMC11306511, PMC11348266, PMC11484699, PMC11573810, PMC11654956, PMC11669202, PMC11908578, PMC11929817, PMC12043507, PMC12096145, PMC12112756, PMC4452922, PMC5555650, PMC5557678, PMC5906622, PMC5963799, PMC5981164, PMC6057324, PMC6410008, PMC6631246, PMC6760161, PMC6814850, PMC6826303, PMC6877643, PMC7367172, PMC7723856, PMC7822318, PMC7870622, PMC7895352, PMC7946191, PMC8363743, PMC8428181, PMC8430050, PMC8483903, PMC8530504, PMC8567250, PMC8674137, PMC8694063, PMC8785597, PMC8799857, PMC9088193, PMC9307842, PMC9358906, PMC9948413",64.29,61.53,54.5,52.4,251,687,43,58,276.0,296.0,297.0,316.0,forward,reverse_complement,4,2,3,,"PMC10095048,PMC10318274,PMC10324174,PMC10333319,PMC10353808,PMC10354114,PMC10442393,PMC10485635,PMC10518340,PMC10590689,PMC10652867,PMC10865787,PMC11092326,PMC11177463,PMC11312683,PMC11352947,PMC11412752,PMC11436187,PMC11519399,PMC11551994,PMC11618033,PMC11672287,PMC11815586,PMC11856660,PMC11903798,PMC11969438,PMC11992678,PMC6820523,PMC7368095,PMC7381519,PMC7524462,PMC8427752,PMC8695442,PMC8789754,PMC8802491,PMC8898360,PMC8965725,PMC9122210,PMC9247053,PMC9448891,PMC9496907,PMC9728976,PMC9933427","PMC10052676,PMC10100850,PMC10236158,PMC10353925,PMC10507085,PMC10539660,PMC10601686,PMC10729338,PMC10746179,PMC10786922,PMC10846744,PMC10847042,PMC10927093,PMC11255895,PMC11306511,PMC11348266,PMC11484699,PMC11573810,PMC11654956,PMC11669202,PMC11908578,PMC11929817,PMC12043507,PMC12096145,PMC12112756,PMC4452922,PMC5555650,PMC5557678,PMC5906622,PMC5963799,PMC5981164,PMC6057324,PMC6410008,PMC6631246,PMC6760161,PMC6814850,PMC6826303,PMC6877643,PMC7367172,PMC7723856,PMC7822318,PMC7870622,PMC7895352,PMC7946191,PMC8363743,PMC8428181,PMC8430050,PMC8483903,PMC8530504,PMC8567250,PMC8674137,PMC8694063,PMC8785597,PMC8799857,PMC9088193,PMC9307842,PMC9358906,PMC9948413",,0,0,58,43,0,0.5370375751281111,0.776111111111111,0.0799999999999983,51.735212089738845,
TGCAGCAGTTCCAGAAGGAGGA,AGCCAGGAGGTTCTCAACAA,IFNB1,IFNB1,"Human (4), IFNB1 (4), IFN- (2), ACE2 (1), CTT (1), CXCL10 (1), For (1), GSDMD (1), Hamster (1), IFITM (1), IFN (1), IFN--RT-R (1), IFNB (1), IFNB1-rev (1), IFNG (1), ISG56 (1), MAVS (1), NM_002176.4 (1), REAGENT (1), Trim22 (1), hIFN (1), hIFNB_rev (1), hIfnb (1), mIfnb (1)","IFN- (15), IFNB1 (13), Human (6), Human-IFNB1 (2), IFN (2), hIFN- (2), qhIFN (2), Forward- (1), GAPDH (1), Homo- (1), IFNB (1), IFNb (1), IL- (1), TG (1), hIFNB1 (1), qR (1)",0.000345,0.004,45,56,"PMC10095048, PMC10318274, PMC10324174, PMC10333319, PMC10353808, PMC10354114, PMC10442393, PMC10485635, PMC10518340, PMC10590689, PMC10652867, PMC10865787, PMC11092326, PMC11177463, PMC11312683, PMC11352947, PMC11412752, PMC11436187, PMC11519399, PMC11551994, PMC11618033, PMC11672287, PMC11815586, PMC11856660, PMC11903798, PMC11969438, PMC11992678, PMC6820523, PMC7368095, PMC7381519, PMC7524462, PMC8427752, PMC8695442, PMC8789754, PMC8802491, PMC8898360, PMC8965725, PMC9122210, PMC9247053, PMC9448891, PMC9496907, PMC9728976, PMC9933427","PMC10009424, PMC10281466, PMC10621992, PMC10681905, PMC10803816, PMC10869985, PMC10892618, PMC11019896, PMC11231494, PMC11301256, PMC11836015, PMC12047521, PMC2876270, PMC3037344, PMC3098827, PMC3671105, PMC4378195, PMC4518314, PMC4756384, PMC4776105, PMC5167405, PMC5256998, PMC5407853, PMC5418627, PMC5474743, PMC5984788, PMC5990591, PMC6105683, PMC6124814, PMC6188873, PMC6899003, PMC6975528, PMC7108857, PMC7162542, PMC7232131, PMC7912020, PMC8032345, PMC8217528, PMC8245473, PMC8500981, PMC8664592, PMC8704251, PMC8897766, PMC9215249, PMC9341154, PMC9347187, PMC9502172, PMC9580041, PMC9618142, PMC9739643, PMC9879738, PMC9960871",64.29,59.53,54.5,50.0,251,800,43,52,276.0,384.0,297.0,403.0,forward,reverse_complement,4,3,4,,"PMC10095048,PMC10318274,PMC10324174,PMC10333319,PMC10353808,PMC10354114,PMC10442393,PMC10485635,PMC10518340,PMC10590689,PMC10652867,PMC10865787,PMC11092326,PMC11177463,PMC11312683,PMC11352947,PMC11412752,PMC11436187,PMC11519399,PMC11551994,PMC11618033,PMC11672287,PMC11815586,PMC11856660,PMC11903798,PMC11969438,PMC11992678,PMC6820523,PMC7368095,PMC7381519,PMC7524462,PMC8427752,PMC8695442,PMC8789754,PMC8802491,PMC8898360,PMC8965725,PMC9122210,PMC9247053,PMC9448891,PMC9496907,PMC9728976,PMC9933427","PMC10681905,PMC10869985,PMC11231494,PMC11301256,PMC11836015,PMC2876270,PMC3037344,PMC3098827,PMC3671105,PMC4378195,PMC4518314,PMC4776105,PMC5167405,PMC5256998,PMC5418627,PMC5474743,PMC5984788,PMC5990591,PMC6124814,PMC8032345,PMC8500981","PMC10009424,PMC10281466,PMC10621992,PMC10803816,PMC10892618,PMC11019896,PMC12047521,PMC4756384,PMC5407853,PMC6105683,PMC6188873,PMC6899003,PMC6975528,PMC7108857,PMC7162542,PMC7232131,PMC7912020,PMC8217528,PMC8245473,PMC8664592,PMC8704251,PMC8897766,PMC9215249,PMC9341154,PMC9347187,PMC9502172,PMC9580041,PMC9618142,PMC9739643,PMC9879738,PMC9960871",0,0,21,43,31,0.479286507046257,0.7794444444444444,0.0,47.34765868564618,
TGCAGCAGTTCCAGAAGGAGGA,TCCTTGGCCTTCAGGTAATG,IFNB1,IFNB1,"Human (4), IFNB1 (4), IFN- (2), ACE2 (1), CTT (1), CXCL10 (1), For (1), GSDMD (1), Hamster (1), IFITM (1), IFN (1), IFN--RT-R (1), IFNB (1), IFNB1-rev (1), IFNG (1), ISG56 (1), MAVS (1), NM_002176.4 (1), REAGENT (1), Trim22 (1), hIFN (1), hIFNB_rev (1), hIfnb (1), mIfnb (1)","IFN- (9), IFN (8), IFNB1 (8), IFNB (6), IFN-beta-F (2), IFNB-F (2), Ifn (2), hIFN- (2), CCL5 (1), CVB3 (1), H_IFN (1), Homo-IFN (1), Human (1), Human-IFNB (1), Human-IFNB1 (1), HumanIFNB1-R (1), M28622 (1), NM_002176.3 (1), REAGENT (1), SYBR (1), The (1), h-IFN (1), hIFN-b-F (1)",0.000345,0.004,45,63,"PMC10095048, PMC10318274, PMC10324174, PMC10333319, PMC10353808, PMC10354114, PMC10442393, PMC10485635, PMC10518340, PMC10590689, PMC10652867, PMC10865787, PMC11092326, PMC11177463, PMC11312683, PMC11352947, PMC11412752, PMC11436187, PMC11519399, PMC11551994, PMC11618033, PMC11672287, PMC11815586, PMC11856660, PMC11903798, PMC11969438, PMC11992678, PMC6820523, PMC7368095, PMC7381519, PMC7524462, PMC8427752, PMC8695442, PMC8789754, PMC8802491, PMC8898360, PMC8965725, PMC9122210, PMC9247053, PMC9448891, PMC9496907, PMC9728976, PMC9933427","PMC10020501, PMC10057834, PMC10136974, PMC10303021, PMC10436061, PMC10450947, PMC10506458, PMC10537524, PMC10653906, PMC10834568, PMC11087979, PMC11237745, PMC11452177, PMC11569208, PMC11602590, PMC11804790, PMC11965557, PMC12005527, PMC12077101, PMC2683030, PMC3436894, PMC3784411, PMC4159236, PMC4427460, PMC4551479, PMC4942120, PMC5059854, PMC5150577, PMC5316936, PMC5338947, PMC5355826, PMC5567224, PMC5690873, PMC5714221, PMC5788864, PMC5931597, PMC5938381, PMC6344911, PMC6631457, PMC6933932, PMC6961928, PMC7052135, PMC7128463, PMC7405721, PMC7481301, PMC7484541, PMC7493860, PMC7688008, PMC7710697, PMC8199122, PMC8303422, PMC8529501, PMC8898729, PMC9034082, PMC9226488, PMC9417302, PMC9439871, PMC9674426",64.29,57.86,54.5,50.0,251,1632,43,58,276.0,527.0,297.0,546.0,forward,reverse_complement,4,4,5,,"PMC10095048,PMC10318274,PMC10324174,PMC10333319,PMC10353808,PMC10354114,PMC10442393,PMC10485635,PMC10518340,PMC10590689,PMC10652867,PMC10865787,PMC11092326,PMC11177463,PMC11312683,PMC11352947,PMC11412752,PMC11436187,PMC11519399,PMC11551994,PMC11618033,PMC11672287,PMC11815586,PMC11856660,PMC11903798,PMC11969438,PMC11992678,PMC6820523,PMC7368095,PMC7381519,PMC7524462,PMC8427752,PMC8695442,PMC8789754,PMC8802491,PMC8898360,PMC8965725,PMC9122210,PMC9247053,PMC9448891,PMC9496907,PMC9728976,PMC9933427","PMC10057834,PMC10303021,PMC10450947,PMC10506458,PMC4427460,PMC4551479,PMC5316936,PMC5714221,PMC5938381,PMC7481301,PMC7493860,PMC9034082","PMC10020501,PMC10136974,PMC10436061,PMC10537524,PMC10653906,PMC10834568,PMC11087979,PMC11237745,PMC11452177,PMC11569208,PMC11602590,PMC11804790,PMC11965557,PMC12005527,PMC12077101,PMC2683030,PMC3436894,PMC3784411,PMC4159236,PMC4942120,PMC5059854,PMC5150577,PMC5338947,PMC5355826,PMC5567224,PMC5690873,PMC5788864,PMC5931597,PMC6344911,PMC6631457,PMC6933932,PMC6961928,PMC7052135,PMC7128463,PMC7405721,PMC7484541,PMC7688008,PMC7710697,PMC8199122,PMC8303422,PMC8529501,PMC8898729,PMC9226488,PMC9417302,PMC9439871,PMC9674426",0,0,12,43,46,0.4551010319260147,0.6866666666666665,0.0,43.35505159630073,
TGCAGCAGTTCCAGAAGGAGGA,TGCAGACTGCTCATGAGTTT,IFNB1,IFNB1,"Human (4), IFNB1 (4), IFN- (2), ACE2 (1), CTT (1), CXCL10 (1), For (1), GSDMD (1), Hamster (1), IFITM (1), IFN (1), IFN--RT-R (1), IFNB (1), IFNB1-rev (1), IFNG (1), ISG56 (1), MAVS (1), NM_002176.4 (1), REAGENT (1), Trim22 (1), hIFN (1), hIFNB_rev (1), hIfnb (1), mIfnb (1)","IFN- (14), IFN (10), IFNB1 (5), IFNB (3), REAGENT (3), Human (2), INF- (2), ATC (1), Assay (1), F_IFNB (1), IFN-beta (1), INFB (1), Ifnb (1), Jaworska (1), NF-kappaB (1), NM_002176 (1), NM_002176.4 (1), SeV-NP-Rv (1), TNF (1)",0.000345,0.004,45,55,"PMC10095048, PMC10318274, PMC10324174, PMC10333319, PMC10353808, PMC10354114, PMC10442393, PMC10485635, PMC10518340, PMC10590689, PMC10652867, PMC10865787, PMC11092326, PMC11177463, PMC11312683, PMC11352947, PMC11412752, PMC11436187, PMC11519399, PMC11551994, PMC11618033, PMC11672287, PMC11815586, PMC11856660, PMC11903798, PMC11969438, PMC11992678, PMC6820523, PMC7368095, PMC7381519, PMC7524462, PMC8427752, PMC8695442, PMC8789754, PMC8802491, PMC8898360, PMC8965725, PMC9122210, PMC9247053, PMC9448891, PMC9496907, PMC9728976, PMC9933427","PMC10653888, PMC10919308, PMC10923288, PMC11090328, PMC11237466, PMC11476177, PMC11531359, PMC11797016, PMC11985509, PMC11988273, PMC2687430, PMC2737161, PMC2773930, PMC3150425, PMC3555826, PMC4552386, PMC5382270, PMC5440838, PMC5686077, PMC5776122, PMC5826275, PMC6042795, PMC6086882, PMC6300258, PMC6538246, PMC6600203, PMC6819084, PMC6821451, PMC6990111, PMC7054758, PMC7086938, PMC7103879, PMC7170050, PMC7279173, PMC7367032, PMC7473339, PMC7693620, PMC7953434, PMC7996929, PMC8100333, PMC8106844, PMC8126617, PMC8520720, PMC8637547, PMC8807687, PMC8874356, PMC8983343, PMC9120774, PMC9239186, PMC9474404, PMC9511480, PMC9583119, PMC9994724",64.29,58.1,54.5,45.0,251,1791,43,53,276.0,479.0,297.0,498.0,forward,reverse_complement,4,8,6,,"PMC10095048,PMC10318274,PMC10324174,PMC10333319,PMC10353808,PMC10354114,PMC10442393,PMC10485635,PMC10518340,PMC10590689,PMC10652867,PMC10865787,PMC11092326,PMC11177463,PMC11312683,PMC11352947,PMC11412752,PMC11436187,PMC11519399,PMC11551994,PMC11618033,PMC11672287,PMC11815586,PMC11856660,PMC11903798,PMC11969438,PMC11992678,PMC6820523,PMC7368095,PMC7381519,PMC7524462,PMC8427752,PMC8695442,PMC8789754,PMC8802491,PMC8898360,PMC8965725,PMC9122210,PMC9247053,PMC9448891,PMC9496907,PMC9728976,PMC9933427",,"PMC10653888,PMC10919308,PMC10923288,PMC11090328,PMC11237466,PMC11476177,PMC11531359,PMC11797016,PMC11985509,PMC11988273,PMC2687430,PMC2737161,PMC2773930,PMC3150425,PMC3555826,PMC4552386,PMC5382270,PMC5440838,PMC5686077,PMC5776122,PMC5826275,PMC6042795,PMC6086882,PMC6300258,PMC6538246,PMC6600203,PMC6819084,PMC6821451,PMC6990111,PMC7054758,PMC7086938,PMC7103879,PMC7170050,PMC7279173,PMC7367032,PMC7473339,PMC7693620,PMC7953434,PMC7996929,PMC8100333,PMC8106844,PMC8126617,PMC8520720,PMC8637547,PMC8807687,PMC8874356,PMC8983343,PMC9120774,PMC9239186,PMC9474404,PMC9511480,PMC9583119,PMC9994724",0,0,0,43,53,0.0,0.0,0.0,0.0,
TGCAGCAGTTCCAGAAGGAGGA,TGATAGACATTAGCCAGGAG,IFNB1,IFNB1,"Human (4), IFNB1 (4), IFN- (2), ACE2 (1), CTT (1), CXCL10 (1), For (1), GSDMD (1), Hamster (1), IFITM (1), IFN (1), IFN--RT-R (1), IFNB (1), IFNB1-rev (1), IFNG (1), ISG56 (1), MAVS (1), NM_002176.4 (1), REAGENT (1), Trim22 (1), hIFN (1), hIFNB_rev (1), hIfnb (1), mIfnb (1)","Human (6), IFN- (6), IFNB (3), IL-6 (2), A20 (1), ACTB (1), Anti-sense (1), IFNB1 (1), IFNB1-AS (1), Primers (1), Reagent/Resource (1), Sequence-based (1), hIFN- (1), qIFNB1 (1)",0.000345,0.004,45,40,"PMC10095048, PMC10318274, PMC10324174, PMC10333319, PMC10353808, PMC10354114, PMC10442393, PMC10485635, PMC10518340, PMC10590689, PMC10652867, PMC10865787, PMC11092326, PMC11177463, PMC11312683, PMC11352947, PMC11412752, PMC11436187, PMC11519399, PMC11551994, PMC11618033, PMC11672287, PMC11815586, PMC11856660, PMC11903798, PMC11969438, PMC11992678, PMC6820523, PMC7368095, PMC7381519, PMC7524462, PMC8427752, PMC8695442, PMC8789754, PMC8802491, PMC8898360, PMC8965725, PMC9122210, PMC9247053, PMC9448891, PMC9496907, PMC9728976, PMC9933427","PMC10269600, PMC10458163, PMC10663505, PMC10907604, PMC10945704, PMC11137015, PMC11443452, PMC3534373, PMC3792152, PMC4376777, PMC4906230, PMC4919602, PMC5056382, PMC5296877, PMC5394473, PMC5744140, PMC5871618, PMC5944131, PMC6789137, PMC7033454, PMC7392318, PMC7536198, PMC8035206, PMC8092204, PMC8107375, PMC8171060, PMC8209947, PMC8358459, PMC8552758, PMC8962493, PMC9241928, PMC9310409, PMC9472757, PMC9511040, PMC9599549, PMC9673932, PMC9742459, PMC9870728, PMC9986816",64.29,54.29,54.5,45.0,251,1055,43,39,276.0,395.0,297.0,414.0,forward,reverse_complement,4,2,3,,"PMC10095048,PMC10318274,PMC10324174,PMC10333319,PMC10353808,PMC10354114,PMC10442393,PMC10485635,PMC10518340,PMC10590689,PMC10652867,PMC10865787,PMC11092326,PMC11177463,PMC11312683,PMC11352947,PMC11412752,PMC11436187,PMC11519399,PMC11551994,PMC11618033,PMC11672287,PMC11815586,PMC11856660,PMC11903798,PMC11969438,PMC11992678,PMC6820523,PMC7368095,PMC7381519,PMC7524462,PMC8427752,PMC8695442,PMC8789754,PMC8802491,PMC8898360,PMC8965725,PMC9122210,PMC9247053,PMC9448891,PMC9496907,PMC9728976,PMC9933427","PMC10458163,PMC10663505,PMC10907604,PMC10945704,PMC11137015,PMC11443452,PMC3534373,PMC3792152,PMC4376777,PMC4906230,PMC4919602,PMC5056382,PMC5296877,PMC5394473,PMC5744140,PMC5871618,PMC5944131,PMC7033454,PMC7392318,PMC7536198,PMC8035206,PMC8092204,PMC8107375,PMC8171060,PMC8209947,PMC8358459,PMC8552758,PMC8962493,PMC9241928,PMC9310409,PMC9472757,PMC9511040,PMC9599549,PMC9673932,PMC9742459,PMC9870728,PMC9986816","PMC10269600,PMC6789137",0,0,37,43,2,0.49757568671927765,0.6666666666666666,0.0,44.878784335963886,
