f_sequence,r_sequence,f_gene,r_gene,f_author_gene_list,r_author_gene_list,f_evalue,r_evalue,f_Occurrence_Count,r_Occurrence_Count,f_pmcid_list,r_pmcid_list,f_Tm_C,r_Tm_C,f_GC_pct,r_GC_pct,f_total_citations,r_total_citations,f_pmcid_count,r_pmcid_count,f_match_start,r_match_start,f_match_end,r_match_end,f_orientation,r_orientation,f_self_comp,r_self_comp,pair_comp,f_reg_pmcid_list,f_inv_pmcid_list,r_reg_pmcid_list,r_inv_pmcid_list,pair_shared_pmcid_count,f_reg_pmcid_count,r_reg_pmcid_count,f_inv_pmcid_count,r_inv_pmcid_count,evidence_score,biophysics_score,synergy_score,pickr_score,pair_shared_pmcid_list
GACTGTGACGAGTTGGCTGA,GCCGTAGAAGCGCCGATAGGC,PMF1-BGLAP,PMF1-BGLAP,"BGLAP (18), Osteocalcin (18), OCN (13), Gene (7), Human (3), human (3), GAPDH (2), NM_199173.5 (2), The (2), ALP (1), BGLAP-R (1), Bone (1), CAGTC (1), CxCr4 (1), Direction (1), FGF23 (1), Genes (1), H-OCN-R1 (1), MasterMix (1), NM_199173 (1), NM_199173.3 (1), OC (1), OC-R (1), OCN- (1), OCN-F (1), OSTEOCALCIN (1), OTC (1), Osteocalcin-R (1), Osteogenesis (1), TGF- (1), hum_OCN_5/3 (1)","Osteocalcin (7), GAPDH (2), BGLAP (1), Col-1 (1), Gene (1), Glyceraldehyde-3 (1), OC (1), OC-R (1)",0.004,0.001,141,36,"PMC10034518, PMC10379034, PMC10406694, PMC10552899, PMC10618393, PMC10743052, PMC10858363, PMC10878834, PMC10889793, PMC10976750, PMC11122527, PMC11259626, PMC11269795, PMC11499919, PMC11559138, PMC11562309, PMC11578294, PMC11591890, PMC11595442, PMC11762233, PMC11794764, PMC11839199, PMC11918522, PMC12072047, PMC12080316, PMC12091229, PMC12107957, PMC2646266, PMC3136101, PMC3170288, PMC3446456, PMC3471036, PMC3706764, PMC3799771, PMC3805512, PMC3849435, PMC3907683, PMC3914586, PMC4055119, PMC4077650, PMC4081551, PMC4087006, PMC4178031, PMC4201491, PMC4227163, PMC4298333, PMC4404686, PMC4416238, PMC4451686, PMC4500612, PMC4539932, PMC4559195, PMC4562352, PMC4674106, PMC4676112, PMC4707328, PMC4813262, PMC4880889, PMC4899037, PMC4932130, PMC5072612, PMC5099844, PMC5164905, PMC5322661, PMC5358692, PMC5360390, PMC5493527, PMC5551777, PMC5552848, PMC5573935, PMC5658998, PMC5667471, PMC5690675, PMC5733904, PMC5746324, PMC5895940, PMC5997644, PMC6008747, PMC6073779, PMC6092836, PMC6095197, PMC6163325, PMC6172397, PMC6263063, PMC6323209, PMC6371545, PMC6434481, PMC6494860, PMC6538993, PMC6594112, PMC6743420, PMC6918167, PMC7191235, PMC7266346, PMC7315279, PMC7334395, PMC7352200, PMC7378902, PMC7545469, PMC7555878, PMC7564340, PMC7653780, PMC7691854, PMC7736623, PMC7751477, PMC7848378, PMC7897289, PMC8027176, PMC8063876, PMC8257615, PMC8353646, PMC8395443, PMC8399135, PMC8508916, PMC8520689, PMC8525028, PMC8554986, PMC8717537, PMC8758693, PMC8805820, PMC8868595, PMC8897656, PMC8949995, PMC8998418, PMC9097555, PMC9161927, PMC9406723, PMC9663507, PMC9778583, PMC9796874, PMC9857206, PMC9869574, PMC9934467, PMC9949900, PMC9963438, PMC9964429, PMC9993741","PMC10621931, PMC1079906, PMC11986050, PMC1794501, PMC2575631, PMC2950392, PMC3252365, PMC3353470, PMC3365132, PMC3430211, PMC3580562, PMC3613821, PMC3903490, PMC4055077, PMC4247692, PMC4369894, PMC4450897, PMC4516509, PMC4538412, PMC4729148, PMC4730281, PMC5055347, PMC5460492, PMC5531028, PMC5552222, PMC5615990, PMC5647033, PMC5811493, PMC5895002, PMC6058739, PMC6579983, PMC6720366, PMC7086144, PMC9147460",60.61,66.41,55.0,66.7,2507,539,137,34,763,802,782,822,forward,reverse_complement,3,4,3,"PMC10406694,PMC10743052,PMC11499919,PMC11562309,PMC12072047,PMC12107957,PMC3170288,PMC3471036,PMC3706764,PMC4416238,PMC4451686,PMC4500612,PMC4559195,PMC4813262,PMC5552848,PMC5667471,PMC6008747,PMC6163325,PMC6494860,PMC6538993,PMC6594112,PMC6918167,PMC7334395,PMC7352200,PMC7545469,PMC7691854,PMC7848378,PMC8897656,PMC8998418,PMC9934467","PMC10034518,PMC10379034,PMC10552899,PMC10618393,PMC10858363,PMC10878834,PMC10889793,PMC10976750,PMC11122527,PMC11259626,PMC11269795,PMC11559138,PMC11578294,PMC11591890,PMC11595442,PMC11762233,PMC11794764,PMC11839199,PMC11918522,PMC12080316,PMC12091229,PMC2646266,PMC3136101,PMC3446456,PMC3799771,PMC3805512,PMC3849435,PMC3907683,PMC3914586,PMC4055119,PMC4077650,PMC4081551,PMC4087006,PMC4178031,PMC4201491,PMC4227163,PMC4298333,PMC4404686,PMC4539932,PMC4562352,PMC4674106,PMC4676112,PMC4707328,PMC4880889,PMC4899037,PMC4932130,PMC5072612,PMC5099844,PMC5164905,PMC5322661,PMC5358692,PMC5360390,PMC5493527,PMC5551777,PMC5573935,PMC5658998,PMC5690675,PMC5733904,PMC5746324,PMC5895940,PMC5997644,PMC6073779,PMC6092836,PMC6095197,PMC6172397,PMC6263063,PMC6323209,PMC6371545,PMC6434481,PMC6743420,PMC7191235,PMC7266346,PMC7315279,PMC7378902,PMC7555878,PMC7564340,PMC7653780,PMC7736623,PMC7751477,PMC7897289,PMC8027176,PMC8063876,PMC8257615,PMC8353646,PMC8395443,PMC8399135,PMC8508916,PMC8520689,PMC8525028,PMC8554986,PMC8717537,PMC8758693,PMC8805820,PMC8868595,PMC8949995,PMC9097555,PMC9161927,PMC9406723,PMC9663507,PMC9778583,PMC9796874,PMC9857206,PMC9869574,PMC9949900,PMC9963438,PMC9964429,PMC9993741","PMC10621931,PMC1079906,PMC11986050,PMC1794501,PMC2575631,PMC2950392,PMC3252365,PMC3353470,PMC3365132,PMC3430211,PMC3580562,PMC3613821,PMC3903490,PMC4055077,PMC4247692,PMC4369894,PMC4450897,PMC4516509,PMC4538412,PMC4729148,PMC4730281,PMC5055347,PMC5460492,PMC5531028,PMC5552222,PMC5615990,PMC5647033,PMC5811493,PMC5895002,PMC6058739,PMC6579983,PMC6720366,PMC7086144,PMC9147460",,0,30,34,107,0,0.7197373762352347,0.7436805555555555,0.0,58.29728547842839,
GACTGTGACGAGTTGGCTGA,CTCCTGAAAGCCGATGTGGTCA,PMF1-BGLAP,PMF1-BGLAP,"BGLAP (18), Osteocalcin (18), OCN (13), Gene (7), Human (3), human (3), GAPDH (2), NM_199173.5 (2), The (2), ALP (1), BGLAP-R (1), Bone (1), CAGTC (1), CxCr4 (1), Direction (1), FGF23 (1), Genes (1), H-OCN-R1 (1), MasterMix (1), NM_199173 (1), NM_199173.3 (1), OC (1), OC-R (1), OCN- (1), OCN-F (1), OSTEOCALCIN (1), OTC (1), Osteocalcin-R (1), Osteogenesis (1), TGF- (1), hum_OCN_5/3 (1)","BGLAP (4), Osteocalcin (3), Direction (2), ALPL (1), BGLAP-R (1), Bglap (1), Bglap2 (1), DSPP (1), Gene (1), OC (1), OCN (1), Osteocalin-Reverse (1), VEGF (1), hOCN-R (1)",0.004,0.000345,141,32,"PMC10034518, PMC10379034, PMC10406694, PMC10552899, PMC10618393, PMC10743052, PMC10858363, PMC10878834, PMC10889793, PMC10976750, PMC11122527, PMC11259626, PMC11269795, PMC11499919, PMC11559138, PMC11562309, PMC11578294, PMC11591890, PMC11595442, PMC11762233, PMC11794764, PMC11839199, PMC11918522, PMC12072047, PMC12080316, PMC12091229, PMC12107957, PMC2646266, PMC3136101, PMC3170288, PMC3446456, PMC3471036, PMC3706764, PMC3799771, PMC3805512, PMC3849435, PMC3907683, PMC3914586, PMC4055119, PMC4077650, PMC4081551, PMC4087006, PMC4178031, PMC4201491, PMC4227163, PMC4298333, PMC4404686, PMC4416238, PMC4451686, PMC4500612, PMC4539932, PMC4559195, PMC4562352, PMC4674106, PMC4676112, PMC4707328, PMC4813262, PMC4880889, PMC4899037, PMC4932130, PMC5072612, PMC5099844, PMC5164905, PMC5322661, PMC5358692, PMC5360390, PMC5493527, PMC5551777, PMC5552848, PMC5573935, PMC5658998, PMC5667471, PMC5690675, PMC5733904, PMC5746324, PMC5895940, PMC5997644, PMC6008747, PMC6073779, PMC6092836, PMC6095197, PMC6163325, PMC6172397, PMC6263063, PMC6323209, PMC6371545, PMC6434481, PMC6494860, PMC6538993, PMC6594112, PMC6743420, PMC6918167, PMC7191235, PMC7266346, PMC7315279, PMC7334395, PMC7352200, PMC7378902, PMC7545469, PMC7555878, PMC7564340, PMC7653780, PMC7691854, PMC7736623, PMC7751477, PMC7848378, PMC7897289, PMC8027176, PMC8063876, PMC8257615, PMC8353646, PMC8395443, PMC8399135, PMC8508916, PMC8520689, PMC8525028, PMC8554986, PMC8717537, PMC8758693, PMC8805820, PMC8868595, PMC8897656, PMC8949995, PMC8998418, PMC9097555, PMC9161927, PMC9406723, PMC9663507, PMC9778583, PMC9796874, PMC9857206, PMC9869574, PMC9934467, PMC9949900, PMC9963438, PMC9964429, PMC9993741","PMC10222618, PMC10387216, PMC10407617, PMC10454939, PMC10779481, PMC10809007, PMC10903013, PMC11118509, PMC11129143, PMC11197745, PMC11330066, PMC11361852, PMC11439940, PMC11561506, PMC11744864, PMC11755084, PMC11817755, PMC11867901, PMC12085028, PMC3788782, PMC6151224, PMC7300400, PMC7407412, PMC7504673, PMC7746460, PMC7817818, PMC7885459, PMC8411547, PMC8963903, PMC9617701, PMC9750767, PMC9953662",60.61,63.23,55.0,54.5,2507,137,137,32,763,780,782,801,forward,reverse_complement,3,3,4,"PMC10406694,PMC10743052,PMC11499919,PMC11562309,PMC12072047,PMC12107957,PMC3170288,PMC3471036,PMC3706764,PMC4416238,PMC4451686,PMC4500612,PMC4559195,PMC4813262,PMC5552848,PMC5667471,PMC6008747,PMC6163325,PMC6494860,PMC6538993,PMC6594112,PMC6918167,PMC7334395,PMC7352200,PMC7545469,PMC7691854,PMC7848378,PMC8897656,PMC8998418,PMC9934467","PMC10034518,PMC10379034,PMC10552899,PMC10618393,PMC10858363,PMC10878834,PMC10889793,PMC10976750,PMC11122527,PMC11259626,PMC11269795,PMC11559138,PMC11578294,PMC11591890,PMC11595442,PMC11762233,PMC11794764,PMC11839199,PMC11918522,PMC12080316,PMC12091229,PMC2646266,PMC3136101,PMC3446456,PMC3799771,PMC3805512,PMC3849435,PMC3907683,PMC3914586,PMC4055119,PMC4077650,PMC4081551,PMC4087006,PMC4178031,PMC4201491,PMC4227163,PMC4298333,PMC4404686,PMC4539932,PMC4562352,PMC4674106,PMC4676112,PMC4707328,PMC4880889,PMC4899037,PMC4932130,PMC5072612,PMC5099844,PMC5164905,PMC5322661,PMC5358692,PMC5360390,PMC5493527,PMC5551777,PMC5573935,PMC5658998,PMC5690675,PMC5733904,PMC5746324,PMC5895940,PMC5997644,PMC6073779,PMC6092836,PMC6095197,PMC6172397,PMC6263063,PMC6323209,PMC6371545,PMC6434481,PMC6743420,PMC7191235,PMC7266346,PMC7315279,PMC7378902,PMC7555878,PMC7564340,PMC7653780,PMC7736623,PMC7751477,PMC7897289,PMC8027176,PMC8063876,PMC8257615,PMC8353646,PMC8395443,PMC8399135,PMC8508916,PMC8520689,PMC8525028,PMC8554986,PMC8717537,PMC8758693,PMC8805820,PMC8868595,PMC8949995,PMC9097555,PMC9161927,PMC9406723,PMC9663507,PMC9778583,PMC9796874,PMC9857206,PMC9869574,PMC9949900,PMC9963438,PMC9964429,PMC9993741","PMC10222618,PMC10387216,PMC10407617,PMC10454939,PMC10779481,PMC10809007,PMC10903013,PMC11118509,PMC11129143,PMC11197745,PMC11330066,PMC11361852,PMC11439940,PMC11561506,PMC11744864,PMC11755084,PMC11817755,PMC11867901,PMC12085028,PMC3788782,PMC6151224,PMC7300400,PMC7407412,PMC7504673,PMC7746460,PMC7817818,PMC7885459,PMC8411547,PMC8963903,PMC9617701,PMC9750767,PMC9953662",,0,30,32,107,0,0.714183737097515,0.8422222222222224,0.12666666666666748,63.50918685487578,
GACTGTGACGAGTTGGCTGA,CTGGAGAGGAGCAGAACTGG,PMF1-BGLAP,PMF1-BGLAP,"BGLAP (18), Osteocalcin (18), OCN (13), Gene (7), Human (3), human (3), GAPDH (2), NM_199173.5 (2), The (2), ALP (1), BGLAP-R (1), Bone (1), CAGTC (1), CxCr4 (1), Direction (1), FGF23 (1), Genes (1), H-OCN-R1 (1), MasterMix (1), NM_199173 (1), NM_199173.3 (1), OC (1), OC-R (1), OCN- (1), OCN-F (1), OSTEOCALCIN (1), OTC (1), Osteocalcin-R (1), Osteogenesis (1), TGF- (1), hum_OCN_5/3 (1)","Gene (3), OCN (3), BGLAP (2), Human (2), Osteocalcin (2), GAPDH (1), OCN--R (1), OCN-R (1), OTC (1), Primers (1), Shengong (1)",0.004,0.004,141,34,"PMC10034518, PMC10379034, PMC10406694, PMC10552899, PMC10618393, PMC10743052, PMC10858363, PMC10878834, PMC10889793, PMC10976750, PMC11122527, PMC11259626, PMC11269795, PMC11499919, PMC11559138, PMC11562309, PMC11578294, PMC11591890, PMC11595442, PMC11762233, PMC11794764, PMC11839199, PMC11918522, PMC12072047, PMC12080316, PMC12091229, PMC12107957, PMC2646266, PMC3136101, PMC3170288, PMC3446456, PMC3471036, PMC3706764, PMC3799771, PMC3805512, PMC3849435, PMC3907683, PMC3914586, PMC4055119, PMC4077650, PMC4081551, PMC4087006, PMC4178031, PMC4201491, PMC4227163, PMC4298333, PMC4404686, PMC4416238, PMC4451686, PMC4500612, PMC4539932, PMC4559195, PMC4562352, PMC4674106, PMC4676112, PMC4707328, PMC4813262, PMC4880889, PMC4899037, PMC4932130, PMC5072612, PMC5099844, PMC5164905, PMC5322661, PMC5358692, PMC5360390, PMC5493527, PMC5551777, PMC5552848, PMC5573935, PMC5658998, PMC5667471, PMC5690675, PMC5733904, PMC5746324, PMC5895940, PMC5997644, PMC6008747, PMC6073779, PMC6092836, PMC6095197, PMC6163325, PMC6172397, PMC6263063, PMC6323209, PMC6371545, PMC6434481, PMC6494860, PMC6538993, PMC6594112, PMC6743420, PMC6918167, PMC7191235, PMC7266346, PMC7315279, PMC7334395, PMC7352200, PMC7378902, PMC7545469, PMC7555878, PMC7564340, PMC7653780, PMC7691854, PMC7736623, PMC7751477, PMC7848378, PMC7897289, PMC8027176, PMC8063876, PMC8257615, PMC8353646, PMC8395443, PMC8399135, PMC8508916, PMC8520689, PMC8525028, PMC8554986, PMC8717537, PMC8758693, PMC8805820, PMC8868595, PMC8897656, PMC8949995, PMC8998418, PMC9097555, PMC9161927, PMC9406723, PMC9663507, PMC9778583, PMC9796874, PMC9857206, PMC9869574, PMC9934467, PMC9949900, PMC9963438, PMC9964429, PMC9993741","PMC10658208, PMC11499919, PMC11562309, PMC11706895, PMC12013848, PMC12107957, PMC3170288, PMC3215189, PMC3692432, PMC3722850, PMC3854245, PMC4135228, PMC4190335, PMC4497709, PMC4500612, PMC4559195, PMC4813262, PMC5018325, PMC5151109, PMC5213995, PMC5214565, PMC5552848, PMC5769534, PMC6008747, PMC6163325, PMC6494860, PMC6594112, PMC6868153, PMC6990577, PMC7334395, PMC7545469, PMC7673024, PMC8262658, PMC9882893",60.61,60.12,55.0,60.0,2507,671,137,34,763,862,782,881,forward,reverse_complement,3,3,4,"PMC10406694,PMC10743052,PMC11499919,PMC11562309,PMC12072047,PMC12107957,PMC3170288,PMC3471036,PMC3706764,PMC4416238,PMC4451686,PMC4500612,PMC4559195,PMC4813262,PMC5552848,PMC5667471,PMC6008747,PMC6163325,PMC6494860,PMC6538993,PMC6594112,PMC6918167,PMC7334395,PMC7352200,PMC7545469,PMC7691854,PMC7848378,PMC8897656,PMC8998418,PMC9934467","PMC10034518,PMC10379034,PMC10552899,PMC10618393,PMC10858363,PMC10878834,PMC10889793,PMC10976750,PMC11122527,PMC11259626,PMC11269795,PMC11559138,PMC11578294,PMC11591890,PMC11595442,PMC11762233,PMC11794764,PMC11839199,PMC11918522,PMC12080316,PMC12091229,PMC2646266,PMC3136101,PMC3446456,PMC3799771,PMC3805512,PMC3849435,PMC3907683,PMC3914586,PMC4055119,PMC4077650,PMC4081551,PMC4087006,PMC4178031,PMC4201491,PMC4227163,PMC4298333,PMC4404686,PMC4539932,PMC4562352,PMC4674106,PMC4676112,PMC4707328,PMC4880889,PMC4899037,PMC4932130,PMC5072612,PMC5099844,PMC5164905,PMC5322661,PMC5358692,PMC5360390,PMC5493527,PMC5551777,PMC5573935,PMC5658998,PMC5690675,PMC5733904,PMC5746324,PMC5895940,PMC5997644,PMC6073779,PMC6092836,PMC6095197,PMC6172397,PMC6263063,PMC6323209,PMC6371545,PMC6434481,PMC6743420,PMC7191235,PMC7266346,PMC7315279,PMC7378902,PMC7555878,PMC7564340,PMC7653780,PMC7736623,PMC7751477,PMC7897289,PMC8027176,PMC8063876,PMC8257615,PMC8353646,PMC8395443,PMC8399135,PMC8508916,PMC8520689,PMC8525028,PMC8554986,PMC8717537,PMC8758693,PMC8805820,PMC8868595,PMC8949995,PMC9097555,PMC9161927,PMC9406723,PMC9663507,PMC9778583,PMC9796874,PMC9857206,PMC9869574,PMC9949900,PMC9963438,PMC9964429,PMC9993741","PMC10658208,PMC11499919,PMC11562309,PMC11706895,PMC12013848,PMC12107957,PMC3170288,PMC3215189,PMC3692432,PMC3722850,PMC3854245,PMC4135228,PMC4190335,PMC4497709,PMC4500612,PMC4559195,PMC4813262,PMC5018325,PMC5151109,PMC5213995,PMC5214565,PMC5552848,PMC5769534,PMC6008747,PMC6163325,PMC6494860,PMC6594112,PMC6868153,PMC6990577,PMC7334395,PMC7545469,PMC7673024,PMC8262658,PMC9882893",,14,30,34,107,0,1.0,0.931111111111111,0.836666666666666,94.66666666666664,"PMC11499919,PMC11562309,PMC12107957,PMC3170288,PMC4500612,PMC4559195,PMC4813262,PMC5552848,PMC6008747,PMC6163325,PMC6494860,PMC6594112,PMC7334395,PMC7545469"
GACTGTGACGAGTTGGCTGA,CCTGAAAGCCGATGTGGT,PMF1-BGLAP,PMF1-BGLAP,"BGLAP (18), Osteocalcin (18), OCN (13), Gene (7), Human (3), human (3), GAPDH (2), NM_199173.5 (2), The (2), ALP (1), BGLAP-R (1), Bone (1), CAGTC (1), CxCr4 (1), Direction (1), FGF23 (1), Genes (1), H-OCN-R1 (1), MasterMix (1), NM_199173 (1), NM_199173.3 (1), OC (1), OC-R (1), OCN- (1), OCN-F (1), OSTEOCALCIN (1), OTC (1), Osteocalcin-R (1), Osteogenesis (1), TGF- (1), hum_OCN_5/3 (1)","OCN (6), BSP-R (2), Gene (2), OCN-R (2), ALP (1), CCTGA (1), OC (1), OCN6 (1), Osteocalcin (1), hsa-OCN-R (1)",0.004,0.028,141,26,"PMC10034518, PMC10379034, PMC10406694, PMC10552899, PMC10618393, PMC10743052, PMC10858363, PMC10878834, PMC10889793, PMC10976750, PMC11122527, PMC11259626, PMC11269795, PMC11499919, PMC11559138, PMC11562309, PMC11578294, PMC11591890, PMC11595442, PMC11762233, PMC11794764, PMC11839199, PMC11918522, PMC12072047, PMC12080316, PMC12091229, PMC12107957, PMC2646266, PMC3136101, PMC3170288, PMC3446456, PMC3471036, PMC3706764, PMC3799771, PMC3805512, PMC3849435, PMC3907683, PMC3914586, PMC4055119, PMC4077650, PMC4081551, PMC4087006, PMC4178031, PMC4201491, PMC4227163, PMC4298333, PMC4404686, PMC4416238, PMC4451686, PMC4500612, PMC4539932, PMC4559195, PMC4562352, PMC4674106, PMC4676112, PMC4707328, PMC4813262, PMC4880889, PMC4899037, PMC4932130, PMC5072612, PMC5099844, PMC5164905, PMC5322661, PMC5358692, PMC5360390, PMC5493527, PMC5551777, PMC5552848, PMC5573935, PMC5658998, PMC5667471, PMC5690675, PMC5733904, PMC5746324, PMC5895940, PMC5997644, PMC6008747, PMC6073779, PMC6092836, PMC6095197, PMC6163325, PMC6172397, PMC6263063, PMC6323209, PMC6371545, PMC6434481, PMC6494860, PMC6538993, PMC6594112, PMC6743420, PMC6918167, PMC7191235, PMC7266346, PMC7315279, PMC7334395, PMC7352200, PMC7378902, PMC7545469, PMC7555878, PMC7564340, PMC7653780, PMC7691854, PMC7736623, PMC7751477, PMC7848378, PMC7897289, PMC8027176, PMC8063876, PMC8257615, PMC8353646, PMC8395443, PMC8399135, PMC8508916, PMC8520689, PMC8525028, PMC8554986, PMC8717537, PMC8758693, PMC8805820, PMC8868595, PMC8897656, PMC8949995, PMC8998418, PMC9097555, PMC9161927, PMC9406723, PMC9663507, PMC9778583, PMC9796874, PMC9857206, PMC9869574, PMC9934467, PMC9949900, PMC9963438, PMC9964429, PMC9993741","PMC10070041, PMC10222704, PMC10285757, PMC3763164, PMC4655957, PMC5472052, PMC5702518, PMC5774528, PMC5837092, PMC6029428, PMC6080583, PMC6248998, PMC6333395, PMC6484321, PMC6756869, PMC6811559, PMC6812411, PMC7579890, PMC8273062, PMC8290518, PMC8570085, PMC8678408, PMC8800246, PMC8865099",60.61,57.92,55.0,55.6,2507,362,137,24,763,782,782,799,forward,reverse_complement,3,2,4,"PMC10406694,PMC10743052,PMC11499919,PMC11562309,PMC12072047,PMC12107957,PMC3170288,PMC3471036,PMC3706764,PMC4416238,PMC4451686,PMC4500612,PMC4559195,PMC4813262,PMC5552848,PMC5667471,PMC6008747,PMC6163325,PMC6494860,PMC6538993,PMC6594112,PMC6918167,PMC7334395,PMC7352200,PMC7545469,PMC7691854,PMC7848378,PMC8897656,PMC8998418,PMC9934467","PMC10034518,PMC10379034,PMC10552899,PMC10618393,PMC10858363,PMC10878834,PMC10889793,PMC10976750,PMC11122527,PMC11259626,PMC11269795,PMC11559138,PMC11578294,PMC11591890,PMC11595442,PMC11762233,PMC11794764,PMC11839199,PMC11918522,PMC12080316,PMC12091229,PMC2646266,PMC3136101,PMC3446456,PMC3799771,PMC3805512,PMC3849435,PMC3907683,PMC3914586,PMC4055119,PMC4077650,PMC4081551,PMC4087006,PMC4178031,PMC4201491,PMC4227163,PMC4298333,PMC4404686,PMC4539932,PMC4562352,PMC4674106,PMC4676112,PMC4707328,PMC4880889,PMC4899037,PMC4932130,PMC5072612,PMC5099844,PMC5164905,PMC5322661,PMC5358692,PMC5360390,PMC5493527,PMC5551777,PMC5573935,PMC5658998,PMC5690675,PMC5733904,PMC5746324,PMC5895940,PMC5997644,PMC6073779,PMC6092836,PMC6095197,PMC6172397,PMC6263063,PMC6323209,PMC6371545,PMC6434481,PMC6743420,PMC7191235,PMC7266346,PMC7315279,PMC7378902,PMC7555878,PMC7564340,PMC7653780,PMC7736623,PMC7751477,PMC7897289,PMC8027176,PMC8063876,PMC8257615,PMC8353646,PMC8395443,PMC8399135,PMC8508916,PMC8520689,PMC8525028,PMC8554986,PMC8717537,PMC8758693,PMC8805820,PMC8868595,PMC8949995,PMC9097555,PMC9161927,PMC9406723,PMC9663507,PMC9778583,PMC9796874,PMC9857206,PMC9869574,PMC9949900,PMC9963438,PMC9964429,PMC9993741","PMC10070041,PMC10222704,PMC10285757,PMC3763164,PMC4655957,PMC5472052,PMC5702518,PMC5774528,PMC5837092,PMC6029428,PMC6080583,PMC6248998,PMC6333395,PMC6756869,PMC6811559,PMC6812411,PMC7579890,PMC8273062,PMC8570085,PMC8800246,PMC8865099","PMC6484321,PMC8290518,PMC8678408",0,30,21,107,3,0.6810548630163055,0.7755555555555557,0.10333333333333405,59.38607648414862,
GACTGTGACGAGTTGGCTGACC,GCCGTAGAAGCGCCGATAGGC,PMF1-BGLAP,PMF1-BGLAP,"OCN (9), BGLAP (2), 50 (1), Actin (1), Antibodies (1), COL (1), COLI (1), Fn1 (1), G6PDH (1), Gene (1), NM000711 (1), Osteocalcin (1), RUNX2 (1), Runx2 (1), TCF-4 (1), h-OCN-R (1), h-Ocn (1), h-Ocn-R (1)","Osteocalcin (7), GAPDH (2), BGLAP (1), Col-1 (1), Gene (1), Glyceraldehyde-3 (1), OC (1), OC-R (1)",0.000345,0.001,54,36,"PMC10002049, PMC10154459, PMC10282952, PMC10294445, PMC10337197, PMC10813297, PMC10878154, PMC11010622, PMC11067224, PMC11471398, PMC11476683, PMC11797752, PMC12097015, PMC12098891, PMC3869757, PMC4012947, PMC4200022, PMC4264207, PMC4270765, PMC4464659, PMC4630184, PMC4914939, PMC5109898, PMC5268458, PMC5439454, PMC5653327, PMC5695137, PMC5762292, PMC5780180, PMC5835706, PMC5852880, PMC6072152, PMC6097469, PMC6325129, PMC6722737, PMC6818209, PMC6896396, PMC6921428, PMC7028870, PMC7073499, PMC7102919, PMC7395790, PMC7581448, PMC7946453, PMC8051722, PMC8076131, PMC8961311, PMC8973756, PMC9117959, PMC9276041, PMC9284897, PMC9346378, PMC9571456","PMC10621931, PMC1079906, PMC11986050, PMC1794501, PMC2575631, PMC2950392, PMC3252365, PMC3353470, PMC3365132, PMC3430211, PMC3580562, PMC3613821, PMC3903490, PMC4055077, PMC4247692, PMC4369894, PMC4450897, PMC4516509, PMC4538412, PMC4729148, PMC4730281, PMC5055347, PMC5460492, PMC5531028, PMC5552222, PMC5615990, PMC5647033, PMC5811493, PMC5895002, PMC6058739, PMC6579983, PMC6720366, PMC7086144, PMC9147460",63.99,66.41,59.1,66.7,698,539,53,34,763,802,784,822,forward,reverse_complement,3,4,3,,"PMC10002049,PMC10154459,PMC10282952,PMC10294445,PMC10337197,PMC10813297,PMC10878154,PMC11010622,PMC11067224,PMC11471398,PMC11476683,PMC11797752,PMC12097015,PMC12098891,PMC3869757,PMC4012947,PMC4200022,PMC4264207,PMC4270765,PMC4464659,PMC4630184,PMC4914939,PMC5109898,PMC5268458,PMC5439454,PMC5653327,PMC5695137,PMC5762292,PMC5780180,PMC5835706,PMC5852880,PMC6072152,PMC6097469,PMC6325129,PMC6722737,PMC6818209,PMC6896396,PMC6921428,PMC7028870,PMC7073499,PMC7102919,PMC7395790,PMC7581448,PMC7946453,PMC8051722,PMC8076131,PMC8961311,PMC8973756,PMC9117959,PMC9276041,PMC9284897,PMC9346378,PMC9571456","PMC10621931,PMC1079906,PMC11986050,PMC1794501,PMC2575631,PMC2950392,PMC3252365,PMC3353470,PMC3365132,PMC3430211,PMC3580562,PMC3613821,PMC3903490,PMC4055077,PMC4247692,PMC4369894,PMC4450897,PMC4516509,PMC4538412,PMC4729148,PMC4730281,PMC5055347,PMC5460492,PMC5531028,PMC5552222,PMC5615990,PMC5647033,PMC5811493,PMC5895002,PMC6058739,PMC6579983,PMC6720366,PMC7086144,PMC9147460",,0,0,34,53,0,0.495986701168979,0.5414583333333334,0.19333333333333513,44.909751725115655,
GACTGTGACGAGTTGGCTGACC,CTCCTGAAAGCCGATGTGGTCA,PMF1-BGLAP,PMF1-BGLAP,"OCN (9), BGLAP (2), 50 (1), Actin (1), Antibodies (1), COL (1), COLI (1), Fn1 (1), G6PDH (1), Gene (1), NM000711 (1), Osteocalcin (1), RUNX2 (1), Runx2 (1), TCF-4 (1), h-OCN-R (1), h-Ocn (1), h-Ocn-R (1)","BGLAP (4), Osteocalcin (3), Direction (2), ALPL (1), BGLAP-R (1), Bglap (1), Bglap2 (1), DSPP (1), Gene (1), OC (1), OCN (1), Osteocalin-Reverse (1), VEGF (1), hOCN-R (1)",0.000345,0.000345,54,32,"PMC10002049, PMC10154459, PMC10282952, PMC10294445, PMC10337197, PMC10813297, PMC10878154, PMC11010622, PMC11067224, PMC11471398, PMC11476683, PMC11797752, PMC12097015, PMC12098891, PMC3869757, PMC4012947, PMC4200022, PMC4264207, PMC4270765, PMC4464659, PMC4630184, PMC4914939, PMC5109898, PMC5268458, PMC5439454, PMC5653327, PMC5695137, PMC5762292, PMC5780180, PMC5835706, PMC5852880, PMC6072152, PMC6097469, PMC6325129, PMC6722737, PMC6818209, PMC6896396, PMC6921428, PMC7028870, PMC7073499, PMC7102919, PMC7395790, PMC7581448, PMC7946453, PMC8051722, PMC8076131, PMC8961311, PMC8973756, PMC9117959, PMC9276041, PMC9284897, PMC9346378, PMC9571456","PMC10222618, PMC10387216, PMC10407617, PMC10454939, PMC10779481, PMC10809007, PMC10903013, PMC11118509, PMC11129143, PMC11197745, PMC11330066, PMC11361852, PMC11439940, PMC11561506, PMC11744864, PMC11755084, PMC11817755, PMC11867901, PMC12085028, PMC3788782, PMC6151224, PMC7300400, PMC7407412, PMC7504673, PMC7746460, PMC7817818, PMC7885459, PMC8411547, PMC8963903, PMC9617701, PMC9750767, PMC9953662",63.99,63.23,59.1,54.5,698,137,53,32,763,780,784,801,forward,reverse_complement,3,3,5,,"PMC10002049,PMC10154459,PMC10282952,PMC10294445,PMC10337197,PMC10813297,PMC10878154,PMC11010622,PMC11067224,PMC11471398,PMC11476683,PMC11797752,PMC12097015,PMC12098891,PMC3869757,PMC4012947,PMC4200022,PMC4264207,PMC4270765,PMC4464659,PMC4630184,PMC4914939,PMC5109898,PMC5268458,PMC5439454,PMC5653327,PMC5695137,PMC5762292,PMC5780180,PMC5835706,PMC5852880,PMC6072152,PMC6097469,PMC6325129,PMC6722737,PMC6818209,PMC6896396,PMC6921428,PMC7028870,PMC7073499,PMC7102919,PMC7395790,PMC7581448,PMC7946453,PMC8051722,PMC8076131,PMC8961311,PMC8973756,PMC9117959,PMC9276041,PMC9284897,PMC9346378,PMC9571456","PMC10222618,PMC10387216,PMC10407617,PMC10454939,PMC10779481,PMC10809007,PMC10903013,PMC11118509,PMC11129143,PMC11197745,PMC11330066,PMC11361852,PMC11439940,PMC11561506,PMC11744864,PMC11755084,PMC11817755,PMC11867901,PMC12085028,PMC3788782,PMC6151224,PMC7300400,PMC7407412,PMC7504673,PMC7746460,PMC7817818,PMC7885459,PMC8411547,PMC8963903,PMC9617701,PMC9750767,PMC9953662",,0,0,32,53,0,0.49043306203125914,0.6400000000000002,0.746666666666665,58.65498643489626,
GACTGTGACGAGTTGGCTGACC,CTGGAGAGGAGCAGAACTGG,PMF1-BGLAP,PMF1-BGLAP,"OCN (9), BGLAP (2), 50 (1), Actin (1), Antibodies (1), COL (1), COLI (1), Fn1 (1), G6PDH (1), Gene (1), NM000711 (1), Osteocalcin (1), RUNX2 (1), Runx2 (1), TCF-4 (1), h-OCN-R (1), h-Ocn (1), h-Ocn-R (1)","Gene (3), OCN (3), BGLAP (2), Human (2), Osteocalcin (2), GAPDH (1), OCN--R (1), OCN-R (1), OTC (1), Primers (1), Shengong (1)",0.000345,0.004,54,34,"PMC10002049, PMC10154459, PMC10282952, PMC10294445, PMC10337197, PMC10813297, PMC10878154, PMC11010622, PMC11067224, PMC11471398, PMC11476683, PMC11797752, PMC12097015, PMC12098891, PMC3869757, PMC4012947, PMC4200022, PMC4264207, PMC4270765, PMC4464659, PMC4630184, PMC4914939, PMC5109898, PMC5268458, PMC5439454, PMC5653327, PMC5695137, PMC5762292, PMC5780180, PMC5835706, PMC5852880, PMC6072152, PMC6097469, PMC6325129, PMC6722737, PMC6818209, PMC6896396, PMC6921428, PMC7028870, PMC7073499, PMC7102919, PMC7395790, PMC7581448, PMC7946453, PMC8051722, PMC8076131, PMC8961311, PMC8973756, PMC9117959, PMC9276041, PMC9284897, PMC9346378, PMC9571456","PMC10658208, PMC11499919, PMC11562309, PMC11706895, PMC12013848, PMC12107957, PMC3170288, PMC3215189, PMC3692432, PMC3722850, PMC3854245, PMC4135228, PMC4190335, PMC4497709, PMC4500612, PMC4559195, PMC4813262, PMC5018325, PMC5151109, PMC5213995, PMC5214565, PMC5552848, PMC5769534, PMC6008747, PMC6163325, PMC6494860, PMC6594112, PMC6868153, PMC6990577, PMC7334395, PMC7545469, PMC7673024, PMC8262658, PMC9882893",63.99,60.12,59.1,60.0,698,671,53,34,763,862,784,881,forward,reverse_complement,3,3,4,,"PMC10002049,PMC10154459,PMC10282952,PMC10294445,PMC10337197,PMC10813297,PMC10878154,PMC11010622,PMC11067224,PMC11471398,PMC11476683,PMC11797752,PMC12097015,PMC12098891,PMC3869757,PMC4012947,PMC4200022,PMC4264207,PMC4270765,PMC4464659,PMC4630184,PMC4914939,PMC5109898,PMC5268458,PMC5439454,PMC5653327,PMC5695137,PMC5762292,PMC5780180,PMC5835706,PMC5852880,PMC6072152,PMC6097469,PMC6325129,PMC6722737,PMC6818209,PMC6896396,PMC6921428,PMC7028870,PMC7073499,PMC7102919,PMC7395790,PMC7581448,PMC7946453,PMC8051722,PMC8076131,PMC8961311,PMC8973756,PMC9117959,PMC9276041,PMC9284897,PMC9346378,PMC9571456","PMC10658208,PMC11499919,PMC11562309,PMC11706895,PMC12013848,PMC12107957,PMC3170288,PMC3215189,PMC3692432,PMC3722850,PMC3854245,PMC4135228,PMC4190335,PMC4497709,PMC4500612,PMC4559195,PMC4813262,PMC5018325,PMC5151109,PMC5213995,PMC5214565,PMC5552848,PMC5769534,PMC6008747,PMC6163325,PMC6494860,PMC6594112,PMC6868153,PMC6990577,PMC7334395,PMC7545469,PMC7673024,PMC8262658,PMC9882893",,0,0,34,53,0,0.495986701168979,0.7288888888888888,0.0,46.66600172511561,
GACTGTGACGAGTTGGCTGACC,CCTGAAAGCCGATGTGGT,PMF1-BGLAP,PMF1-BGLAP,"OCN (9), BGLAP (2), 50 (1), Actin (1), Antibodies (1), COL (1), COLI (1), Fn1 (1), G6PDH (1), Gene (1), NM000711 (1), Osteocalcin (1), RUNX2 (1), Runx2 (1), TCF-4 (1), h-OCN-R (1), h-Ocn (1), h-Ocn-R (1)","OCN (6), BSP-R (2), Gene (2), OCN-R (2), ALP (1), CCTGA (1), OC (1), OCN6 (1), Osteocalcin (1), hsa-OCN-R (1)",0.000345,0.028,54,26,"PMC10002049, PMC10154459, PMC10282952, PMC10294445, PMC10337197, PMC10813297, PMC10878154, PMC11010622, PMC11067224, PMC11471398, PMC11476683, PMC11797752, PMC12097015, PMC12098891, PMC3869757, PMC4012947, PMC4200022, PMC4264207, PMC4270765, PMC4464659, PMC4630184, PMC4914939, PMC5109898, PMC5268458, PMC5439454, PMC5653327, PMC5695137, PMC5762292, PMC5780180, PMC5835706, PMC5852880, PMC6072152, PMC6097469, PMC6325129, PMC6722737, PMC6818209, PMC6896396, PMC6921428, PMC7028870, PMC7073499, PMC7102919, PMC7395790, PMC7581448, PMC7946453, PMC8051722, PMC8076131, PMC8961311, PMC8973756, PMC9117959, PMC9276041, PMC9284897, PMC9346378, PMC9571456","PMC10070041, PMC10222704, PMC10285757, PMC3763164, PMC4655957, PMC5472052, PMC5702518, PMC5774528, PMC5837092, PMC6029428, PMC6080583, PMC6248998, PMC6333395, PMC6484321, PMC6756869, PMC6811559, PMC6812411, PMC7579890, PMC8273062, PMC8290518, PMC8570085, PMC8678408, PMC8800246, PMC8865099",63.99,57.92,59.1,55.6,698,362,53,24,763,782,784,799,forward,reverse_complement,3,2,4,,"PMC10002049,PMC10154459,PMC10282952,PMC10294445,PMC10337197,PMC10813297,PMC10878154,PMC11010622,PMC11067224,PMC11471398,PMC11476683,PMC11797752,PMC12097015,PMC12098891,PMC3869757,PMC4012947,PMC4200022,PMC4264207,PMC4270765,PMC4464659,PMC4630184,PMC4914939,PMC5109898,PMC5268458,PMC5439454,PMC5653327,PMC5695137,PMC5762292,PMC5780180,PMC5835706,PMC5852880,PMC6072152,PMC6097469,PMC6325129,PMC6722737,PMC6818209,PMC6896396,PMC6921428,PMC7028870,PMC7073499,PMC7102919,PMC7395790,PMC7581448,PMC7946453,PMC8051722,PMC8076131,PMC8961311,PMC8973756,PMC9117959,PMC9276041,PMC9284897,PMC9346378,PMC9571456","PMC10070041,PMC10222704,PMC10285757,PMC3763164,PMC4655957,PMC5472052,PMC5702518,PMC5774528,PMC5837092,PMC6029428,PMC6080583,PMC6248998,PMC6333395,PMC6756869,PMC6811559,PMC6812411,PMC7579890,PMC8273062,PMC8570085,PMC8800246,PMC8865099","PMC6484321,PMC8290518,PMC8678408",0,0,21,53,3,0.45730418795004973,0.5733333333333335,0.0,40.065209397502485,
CCCAGGCGCTACCTGTATCAA,GTGGTCAGCCAACTCGTCA,PMF1-BGLAP,PMF1-BGLAP,"OCN (23), Osteocalcin (3), 632 (1), Antibodies (1), BGLAP (1), COLI (1), Fn1 (1), NM000711 (1), OC (1), h-OCN-F (1), h-Ocn (1), h-Ocn-F (1)","BGLAP (5), hsa-OCN-reverse (3), Gene (2), 5BGLAP (1), BGLAP-Reverse (1), COL1a1 (1), Direction (1), NM_001173531.1 (1), OCN (1), OCT4 (1), OSC (1), Orientation (1), Osteocalcin (1), Osterix (1), Target (1)",0.001,0.011,40,38,"PMC10154459, PMC10282952, PMC10337197, PMC10878154, PMC11471398, PMC11797752, PMC12097015, PMC12098891, PMC3692432, PMC3869757, PMC4200022, PMC4264207, PMC4464659, PMC4630184, PMC4793227, PMC4914939, PMC5109898, PMC5213995, PMC5268458, PMC5439454, PMC5653327, PMC5762292, PMC5780180, PMC5809428, PMC5852880, PMC6072152, PMC6267832, PMC6325129, PMC6896396, PMC7028870, PMC7073499, PMC7102919, PMC7395790, PMC7581448, PMC7946453, PMC8961311, PMC8973756, PMC9117959, PMC9284897, PMC9346378","PMC10441659, PMC10444653, PMC10643473, PMC11301355, PMC11332729, PMC11488691, PMC11818253, PMC11892751, PMC11944977, PMC12087957, PMC4329829, PMC4879177, PMC4886818, PMC5057179, PMC5164906, PMC5583332, PMC5780081, PMC5800449, PMC6265790, PMC6383392, PMC6685704, PMC6861671, PMC6920280, PMC7475978, PMC7920808, PMC8670285, PMC8722308, PMC8818240, PMC9175016, PMC9233575, PMC9354009, PMC9355958, PMC9477632, PMC9564153, PMC9570360, PMC9843530",62.58,60.58,57.1,57.9,538,710,40,36,673,768,693,786,forward,reverse_complement,4,3,3,"PMC10154459,PMC10282952,PMC10337197,PMC10878154,PMC11471398,PMC11797752,PMC12097015,PMC12098891,PMC3692432,PMC3869757,PMC4200022,PMC4264207,PMC4464659,PMC4630184,PMC4793227,PMC4914939,PMC5109898,PMC5213995,PMC5268458,PMC5439454,PMC5653327,PMC5762292,PMC5780180,PMC5809428,PMC5852880,PMC6072152,PMC6267832,PMC6325129,PMC6896396,PMC7028870,PMC7073499,PMC7102919,PMC7395790,PMC7581448,PMC7946453,PMC8961311,PMC8973756,PMC9117959,PMC9284897,PMC9346378",,"PMC10441659,PMC10444653,PMC10643473,PMC11301355,PMC11332729,PMC11488691,PMC11818253,PMC11892751,PMC11944977,PMC12087957,PMC4329829,PMC4879177,PMC4886818,PMC5057179,PMC5164906,PMC5583332,PMC5780081,PMC5800449,PMC6265790,PMC6383392,PMC6685704,PMC6861671,PMC6920280,PMC7475978,PMC7920808,PMC8670285,PMC8722308,PMC8818240,PMC9175016,PMC9233575,PMC9354009,PMC9355958,PMC9477632,PMC9564153,PMC9570360,PMC9843530",,0,40,36,0,0,0.6913193157313748,0.7966666666666669,0.33333333333333337,65.13263245323542,
CCCAGGCGCTACCTGTATCAA,GCCGTAGAAGCGCCGATAGGC,PMF1-BGLAP,PMF1-BGLAP,"OCN (23), Osteocalcin (3), 632 (1), Antibodies (1), BGLAP (1), COLI (1), Fn1 (1), NM000711 (1), OC (1), h-OCN-F (1), h-Ocn (1), h-Ocn-F (1)","Osteocalcin (7), GAPDH (2), BGLAP (1), Col-1 (1), Gene (1), Glyceraldehyde-3 (1), OC (1), OC-R (1)",0.001,0.001,40,36,"PMC10154459, PMC10282952, PMC10337197, PMC10878154, PMC11471398, PMC11797752, PMC12097015, PMC12098891, PMC3692432, PMC3869757, PMC4200022, PMC4264207, PMC4464659, PMC4630184, PMC4793227, PMC4914939, PMC5109898, PMC5213995, PMC5268458, PMC5439454, PMC5653327, PMC5762292, PMC5780180, PMC5809428, PMC5852880, PMC6072152, PMC6267832, PMC6325129, PMC6896396, PMC7028870, PMC7073499, PMC7102919, PMC7395790, PMC7581448, PMC7946453, PMC8961311, PMC8973756, PMC9117959, PMC9284897, PMC9346378","PMC10621931, PMC1079906, PMC11986050, PMC1794501, PMC2575631, PMC2950392, PMC3252365, PMC3353470, PMC3365132, PMC3430211, PMC3580562, PMC3613821, PMC3903490, PMC4055077, PMC4247692, PMC4369894, PMC4450897, PMC4516509, PMC4538412, PMC4729148, PMC4730281, PMC5055347, PMC5460492, PMC5531028, PMC5552222, PMC5615990, PMC5647033, PMC5811493, PMC5895002, PMC6058739, PMC6579983, PMC6720366, PMC7086144, PMC9147460",62.58,66.41,57.1,66.7,538,539,40,34,673,802,693,822,forward,reverse_complement,4,4,6,"PMC10154459,PMC10282952,PMC10337197,PMC10878154,PMC11471398,PMC11797752,PMC12097015,PMC12098891,PMC3692432,PMC3869757,PMC4200022,PMC4264207,PMC4464659,PMC4630184,PMC4793227,PMC4914939,PMC5109898,PMC5213995,PMC5268458,PMC5439454,PMC5653327,PMC5762292,PMC5780180,PMC5809428,PMC5852880,PMC6072152,PMC6267832,PMC6325129,PMC6896396,PMC7028870,PMC7073499,PMC7102919,PMC7395790,PMC7581448,PMC7946453,PMC8961311,PMC8973756,PMC9117959,PMC9284897,PMC9346378",,"PMC10621931,PMC1079906,PMC11986050,PMC1794501,PMC2575631,PMC2950392,PMC3252365,PMC3353470,PMC3365132,PMC3430211,PMC3580562,PMC3613821,PMC3903490,PMC4055077,PMC4247692,PMC4369894,PMC4450897,PMC4516509,PMC4538412,PMC4729148,PMC4730281,PMC5055347,PMC5460492,PMC5531028,PMC5552222,PMC5615990,PMC5647033,PMC5811493,PMC5895002,PMC6058739,PMC6579983,PMC6720366,PMC7086144,PMC9147460",,0,40,34,0,0,0.0,0.0,0.0,0.0,
CCCAGGCGCTACCTGTATCAA,CTCCTGAAAGCCGATGTGGTCA,PMF1-BGLAP,PMF1-BGLAP,"OCN (23), Osteocalcin (3), 632 (1), Antibodies (1), BGLAP (1), COLI (1), Fn1 (1), NM000711 (1), OC (1), h-OCN-F (1), h-Ocn (1), h-Ocn-F (1)","BGLAP (4), Osteocalcin (3), Direction (2), ALPL (1), BGLAP-R (1), Bglap (1), Bglap2 (1), DSPP (1), Gene (1), OC (1), OCN (1), Osteocalin-Reverse (1), VEGF (1), hOCN-R (1)",0.001,0.000345,40,32,"PMC10154459, PMC10282952, PMC10337197, PMC10878154, PMC11471398, PMC11797752, PMC12097015, PMC12098891, PMC3692432, PMC3869757, PMC4200022, PMC4264207, PMC4464659, PMC4630184, PMC4793227, PMC4914939, PMC5109898, PMC5213995, PMC5268458, PMC5439454, PMC5653327, PMC5762292, PMC5780180, PMC5809428, PMC5852880, PMC6072152, PMC6267832, PMC6325129, PMC6896396, PMC7028870, PMC7073499, PMC7102919, PMC7395790, PMC7581448, PMC7946453, PMC8961311, PMC8973756, PMC9117959, PMC9284897, PMC9346378","PMC10222618, PMC10387216, PMC10407617, PMC10454939, PMC10779481, PMC10809007, PMC10903013, PMC11118509, PMC11129143, PMC11197745, PMC11330066, PMC11361852, PMC11439940, PMC11561506, PMC11744864, PMC11755084, PMC11817755, PMC11867901, PMC12085028, PMC3788782, PMC6151224, PMC7300400, PMC7407412, PMC7504673, PMC7746460, PMC7817818, PMC7885459, PMC8411547, PMC8963903, PMC9617701, PMC9750767, PMC9953662",62.58,63.23,57.1,54.5,538,137,40,32,673,780,693,801,forward,reverse_complement,4,3,4,"PMC10154459,PMC10282952,PMC10337197,PMC10878154,PMC11471398,PMC11797752,PMC12097015,PMC12098891,PMC3692432,PMC3869757,PMC4200022,PMC4264207,PMC4464659,PMC4630184,PMC4793227,PMC4914939,PMC5109898,PMC5213995,PMC5268458,PMC5439454,PMC5653327,PMC5762292,PMC5780180,PMC5809428,PMC5852880,PMC6072152,PMC6267832,PMC6325129,PMC6896396,PMC7028870,PMC7073499,PMC7102919,PMC7395790,PMC7581448,PMC7946453,PMC8961311,PMC8973756,PMC9117959,PMC9284897,PMC9346378",,"PMC10222618,PMC10387216,PMC10407617,PMC10454939,PMC10779481,PMC10809007,PMC10903013,PMC11118509,PMC11129143,PMC11197745,PMC11330066,PMC11361852,PMC11439940,PMC11561506,PMC11744864,PMC11755084,PMC11817755,PMC11867901,PMC12085028,PMC3788782,PMC6151224,PMC7300400,PMC7407412,PMC7504673,PMC7746460,PMC7817818,PMC7885459,PMC8411547,PMC8963903,PMC9617701,PMC9750767,PMC9953662",,0,40,32,0,0,0.6805207364566689,0.6911111111111115,0.7833333333333338,70.42603682283345,
CCCAGGCGCTACCTGTATCAA,TCAGCCAACTCGTCACAGTC,PMF1-BGLAP,PMF1-BGLAP,"OCN (23), Osteocalcin (3), 632 (1), Antibodies (1), BGLAP (1), COLI (1), Fn1 (1), NM000711 (1), OC (1), h-OCN-F (1), h-Ocn (1), h-Ocn-F (1)","BGLAP (18), Osteocalcin (18), OCN (13), Gene (7), Human (3), human (3), GAPDH (2), NM_199173.5 (2), The (2), ALP (1), BGLAP-R (1), Bone (1), CAGTC (1), CxCr4 (1), Direction (1), FGF23 (1), Genes (1), H-OCN-R1 (1), MasterMix (1), NM_199173 (1), NM_199173.3 (1), OC (1), OC-R (1), OCN- (1), OCN-F (1), OSTEOCALCIN (1), OTC (1), Osteocalcin-R (1), Osteogenesis (1), TGF- (1), hum_OCN_5/3 (1)",0.001,0.004,40,141,"PMC10154459, PMC10282952, PMC10337197, PMC10878154, PMC11471398, PMC11797752, PMC12097015, PMC12098891, PMC3692432, PMC3869757, PMC4200022, PMC4264207, PMC4464659, PMC4630184, PMC4793227, PMC4914939, PMC5109898, PMC5213995, PMC5268458, PMC5439454, PMC5653327, PMC5762292, PMC5780180, PMC5809428, PMC5852880, PMC6072152, PMC6267832, PMC6325129, PMC6896396, PMC7028870, PMC7073499, PMC7102919, PMC7395790, PMC7581448, PMC7946453, PMC8961311, PMC8973756, PMC9117959, PMC9284897, PMC9346378","PMC10034518, PMC10379034, PMC10406694, PMC10552899, PMC10618393, PMC10743052, PMC10858363, PMC10878834, PMC10889793, PMC10976750, PMC11122527, PMC11259626, PMC11269795, PMC11499919, PMC11559138, PMC11562309, PMC11578294, PMC11591890, PMC11595442, PMC11762233, PMC11794764, PMC11839199, PMC11918522, PMC12072047, PMC12080316, PMC12091229, PMC12107957, PMC2646266, PMC3136101, PMC3170288, PMC3446456, PMC3471036, PMC3706764, PMC3799771, PMC3805512, PMC3849435, PMC3907683, PMC3914586, PMC4055119, PMC4077650, PMC4081551, PMC4087006, PMC4178031, PMC4201491, PMC4227163, PMC4298333, PMC4404686, PMC4416238, PMC4451686, PMC4500612, PMC4539932, PMC4559195, PMC4562352, PMC4674106, PMC4676112, PMC4707328, PMC4813262, PMC4880889, PMC4899037, PMC4932130, PMC5072612, PMC5099844, PMC5164905, PMC5322661, PMC5358692, PMC5360390, PMC5493527, PMC5551777, PMC5552848, PMC5573935, PMC5658998, PMC5667471, PMC5690675, PMC5733904, PMC5746324, PMC5895940, PMC5997644, PMC6008747, PMC6073779, PMC6092836, PMC6095197, PMC6163325, PMC6172397, PMC6263063, PMC6323209, PMC6371545, PMC6434481, PMC6494860, PMC6538993, PMC6594112, PMC6743420, PMC6918167, PMC7191235, PMC7266346, PMC7315279, PMC7334395, PMC7352200, PMC7378902, PMC7545469, PMC7555878, PMC7564340, PMC7653780, PMC7691854, PMC7736623, PMC7751477, PMC7848378, PMC7897289, PMC8027176, PMC8063876, PMC8257615, PMC8353646, PMC8395443, PMC8399135, PMC8508916, PMC8520689, PMC8525028, PMC8554986, PMC8717537, PMC8758693, PMC8805820, PMC8868595, PMC8897656, PMC8949995, PMC8998418, PMC9097555, PMC9161927, PMC9406723, PMC9663507, PMC9778583, PMC9796874, PMC9857206, PMC9869574, PMC9934467, PMC9949900, PMC9963438, PMC9964429, PMC9993741",62.58,60.61,57.1,55.0,538,2507,40,137,673,763,693,782,forward,reverse_complement,4,3,4,"PMC10154459,PMC10282952,PMC10337197,PMC10878154,PMC11471398,PMC11797752,PMC12097015,PMC12098891,PMC3692432,PMC3869757,PMC4200022,PMC4264207,PMC4464659,PMC4630184,PMC4793227,PMC4914939,PMC5109898,PMC5213995,PMC5268458,PMC5439454,PMC5653327,PMC5762292,PMC5780180,PMC5809428,PMC5852880,PMC6072152,PMC6267832,PMC6325129,PMC6896396,PMC7028870,PMC7073499,PMC7102919,PMC7395790,PMC7581448,PMC7946453,PMC8961311,PMC8973756,PMC9117959,PMC9284897,PMC9346378",,"PMC10034518,PMC10379034,PMC10552899,PMC10618393,PMC10858363,PMC10878834,PMC10889793,PMC10976750,PMC11122527,PMC11259626,PMC11269795,PMC11559138,PMC11578294,PMC11591890,PMC11595442,PMC11762233,PMC11794764,PMC11839199,PMC11918522,PMC12080316,PMC12091229,PMC2646266,PMC3136101,PMC3446456,PMC3799771,PMC3805512,PMC3849435,PMC3907683,PMC3914586,PMC4055119,PMC4077650,PMC4081551,PMC4087006,PMC4178031,PMC4201491,PMC4227163,PMC4298333,PMC4404686,PMC4539932,PMC4562352,PMC4674106,PMC4676112,PMC4707328,PMC4880889,PMC4899037,PMC4932130,PMC5072612,PMC5099844,PMC5164905,PMC5322661,PMC5358692,PMC5360390,PMC5493527,PMC5551777,PMC5573935,PMC5658998,PMC5690675,PMC5733904,PMC5746324,PMC5895940,PMC5997644,PMC6073779,PMC6092836,PMC6095197,PMC6172397,PMC6263063,PMC6323209,PMC6371545,PMC6434481,PMC6743420,PMC7191235,PMC7266346,PMC7315279,PMC7378902,PMC7555878,PMC7564340,PMC7653780,PMC7736623,PMC7751477,PMC7897289,PMC8027176,PMC8063876,PMC8257615,PMC8353646,PMC8395443,PMC8399135,PMC8508916,PMC8520689,PMC8525028,PMC8554986,PMC8717537,PMC8758693,PMC8805820,PMC8868595,PMC8949995,PMC9097555,PMC9161927,PMC9406723,PMC9663507,PMC9778583,PMC9796874,PMC9857206,PMC9869574,PMC9949900,PMC9963438,PMC9964429,PMC9993741","PMC10406694,PMC10743052,PMC11499919,PMC11562309,PMC12072047,PMC12107957,PMC3170288,PMC3471036,PMC3706764,PMC4416238,PMC4451686,PMC4500612,PMC4559195,PMC4813262,PMC5552848,PMC5667471,PMC6008747,PMC6163325,PMC6494860,PMC6538993,PMC6594112,PMC6918167,PMC7334395,PMC7352200,PMC7545469,PMC7691854,PMC7848378,PMC8897656,PMC8998418,PMC9934467",0,40,107,0,30,0.7986530068085207,0.8366666666666667,0.3433333333333337,71.8993170070927,
CCCAGGCGCTACCTGTATCAA,GGTCAGCCAACTCGTCACAGTC,PMF1-BGLAP,PMF1-BGLAP,"OCN (23), Osteocalcin (3), 632 (1), Antibodies (1), BGLAP (1), COLI (1), Fn1 (1), NM000711 (1), OC (1), h-OCN-F (1), h-Ocn (1), h-Ocn-F (1)","OCN (9), BGLAP (2), 50 (1), Actin (1), Antibodies (1), COL (1), COLI (1), Fn1 (1), G6PDH (1), Gene (1), NM000711 (1), Osteocalcin (1), RUNX2 (1), Runx2 (1), TCF-4 (1), h-OCN-R (1), h-Ocn (1), h-Ocn-R (1)",0.001,0.000345,40,54,"PMC10154459, PMC10282952, PMC10337197, PMC10878154, PMC11471398, PMC11797752, PMC12097015, PMC12098891, PMC3692432, PMC3869757, PMC4200022, PMC4264207, PMC4464659, PMC4630184, PMC4793227, PMC4914939, PMC5109898, PMC5213995, PMC5268458, PMC5439454, PMC5653327, PMC5762292, PMC5780180, PMC5809428, PMC5852880, PMC6072152, PMC6267832, PMC6325129, PMC6896396, PMC7028870, PMC7073499, PMC7102919, PMC7395790, PMC7581448, PMC7946453, PMC8961311, PMC8973756, PMC9117959, PMC9284897, PMC9346378","PMC10002049, PMC10154459, PMC10282952, PMC10294445, PMC10337197, PMC10813297, PMC10878154, PMC11010622, PMC11067224, PMC11471398, PMC11476683, PMC11797752, PMC12097015, PMC12098891, PMC3869757, PMC4012947, PMC4200022, PMC4264207, PMC4270765, PMC4464659, PMC4630184, PMC4914939, PMC5109898, PMC5268458, PMC5439454, PMC5653327, PMC5695137, PMC5762292, PMC5780180, PMC5835706, PMC5852880, PMC6072152, PMC6097469, PMC6325129, PMC6722737, PMC6818209, PMC6896396, PMC6921428, PMC7028870, PMC7073499, PMC7102919, PMC7395790, PMC7581448, PMC7946453, PMC8051722, PMC8076131, PMC8961311, PMC8973756, PMC9117959, PMC9276041, PMC9284897, PMC9346378, PMC9571456",62.58,63.99,57.1,59.1,538,698,40,53,673,763,693,784,forward,reverse_complement,4,3,4,"PMC10154459,PMC10282952,PMC10337197,PMC10878154,PMC11471398,PMC11797752,PMC12097015,PMC12098891,PMC3692432,PMC3869757,PMC4200022,PMC4264207,PMC4464659,PMC4630184,PMC4793227,PMC4914939,PMC5109898,PMC5213995,PMC5268458,PMC5439454,PMC5653327,PMC5762292,PMC5780180,PMC5809428,PMC5852880,PMC6072152,PMC6267832,PMC6325129,PMC6896396,PMC7028870,PMC7073499,PMC7102919,PMC7395790,PMC7581448,PMC7946453,PMC8961311,PMC8973756,PMC9117959,PMC9284897,PMC9346378",,"PMC10002049,PMC10154459,PMC10282952,PMC10294445,PMC10337197,PMC10813297,PMC10878154,PMC11010622,PMC11067224,PMC11471398,PMC11476683,PMC11797752,PMC12097015,PMC12098891,PMC3869757,PMC4012947,PMC4200022,PMC4264207,PMC4270765,PMC4464659,PMC4630184,PMC4914939,PMC5109898,PMC5268458,PMC5439454,PMC5653327,PMC5695137,PMC5762292,PMC5780180,PMC5835706,PMC5852880,PMC6072152,PMC6097469,PMC6325129,PMC6722737,PMC6818209,PMC6896396,PMC6921428,PMC7028870,PMC7073499,PMC7102919,PMC7395790,PMC7581448,PMC7946453,PMC8051722,PMC8076131,PMC8961311,PMC8973756,PMC9117959,PMC9276041,PMC9284897,PMC9346378,PMC9571456",,35,40,53,0,0,1.0,0.6344444444444446,0.5299999999999987,79.63333333333331,"PMC10154459,PMC10282952,PMC10337197,PMC10878154,PMC11471398,PMC11797752,PMC12097015,PMC12098891,PMC3869757,PMC4200022,PMC4264207,PMC4464659,PMC4630184,PMC4914939,PMC5109898,PMC5268458,PMC5439454,PMC5653327,PMC5762292,PMC5780180,PMC5852880,PMC6072152,PMC6325129,PMC6896396,PMC7028870,PMC7073499,PMC7102919,PMC7395790,PMC7581448,PMC7946453,PMC8961311,PMC8973756,PMC9117959,PMC9284897,PMC9346378"
CCCAGGCGCTACCTGTATCAA,CTGGAGAGGAGCAGAACTGG,PMF1-BGLAP,PMF1-BGLAP,"OCN (23), Osteocalcin (3), 632 (1), Antibodies (1), BGLAP (1), COLI (1), Fn1 (1), NM000711 (1), OC (1), h-OCN-F (1), h-Ocn (1), h-Ocn-F (1)","Gene (3), OCN (3), BGLAP (2), Human (2), Osteocalcin (2), GAPDH (1), OCN--R (1), OCN-R (1), OTC (1), Primers (1), Shengong (1)",0.001,0.004,40,34,"PMC10154459, PMC10282952, PMC10337197, PMC10878154, PMC11471398, PMC11797752, PMC12097015, PMC12098891, PMC3692432, PMC3869757, PMC4200022, PMC4264207, PMC4464659, PMC4630184, PMC4793227, PMC4914939, PMC5109898, PMC5213995, PMC5268458, PMC5439454, PMC5653327, PMC5762292, PMC5780180, PMC5809428, PMC5852880, PMC6072152, PMC6267832, PMC6325129, PMC6896396, PMC7028870, PMC7073499, PMC7102919, PMC7395790, PMC7581448, PMC7946453, PMC8961311, PMC8973756, PMC9117959, PMC9284897, PMC9346378","PMC10658208, PMC11499919, PMC11562309, PMC11706895, PMC12013848, PMC12107957, PMC3170288, PMC3215189, PMC3692432, PMC3722850, PMC3854245, PMC4135228, PMC4190335, PMC4497709, PMC4500612, PMC4559195, PMC4813262, PMC5018325, PMC5151109, PMC5213995, PMC5214565, PMC5552848, PMC5769534, PMC6008747, PMC6163325, PMC6494860, PMC6594112, PMC6868153, PMC6990577, PMC7334395, PMC7545469, PMC7673024, PMC8262658, PMC9882893",62.58,60.12,57.1,60.0,538,671,40,34,673,862,693,881,forward,reverse_complement,4,3,4,"PMC10154459,PMC10282952,PMC10337197,PMC10878154,PMC11471398,PMC11797752,PMC12097015,PMC12098891,PMC3692432,PMC3869757,PMC4200022,PMC4264207,PMC4464659,PMC4630184,PMC4793227,PMC4914939,PMC5109898,PMC5213995,PMC5268458,PMC5439454,PMC5653327,PMC5762292,PMC5780180,PMC5809428,PMC5852880,PMC6072152,PMC6267832,PMC6325129,PMC6896396,PMC7028870,PMC7073499,PMC7102919,PMC7395790,PMC7581448,PMC7946453,PMC8961311,PMC8973756,PMC9117959,PMC9284897,PMC9346378",,"PMC10658208,PMC11499919,PMC11562309,PMC11706895,PMC12013848,PMC12107957,PMC3170288,PMC3215189,PMC3692432,PMC3722850,PMC3854245,PMC4135228,PMC4190335,PMC4497709,PMC4500612,PMC4559195,PMC4813262,PMC5018325,PMC5151109,PMC5213995,PMC5214565,PMC5552848,PMC5769534,PMC6008747,PMC6163325,PMC6494860,PMC6594112,PMC6868153,PMC6990577,PMC7334395,PMC7545469,PMC7673024,PMC8262658,PMC9882893",,2,40,34,0,0,0.8546716341236364,0.78,0.17999999999999972,69.73358170618181,"PMC3692432,PMC5213995"
CCCAGGCGCTACCTGTATCAA,CCTGAAAGCCGATGTGGT,PMF1-BGLAP,PMF1-BGLAP,"OCN (23), Osteocalcin (3), 632 (1), Antibodies (1), BGLAP (1), COLI (1), Fn1 (1), NM000711 (1), OC (1), h-OCN-F (1), h-Ocn (1), h-Ocn-F (1)","OCN (6), BSP-R (2), Gene (2), OCN-R (2), ALP (1), CCTGA (1), OC (1), OCN6 (1), Osteocalcin (1), hsa-OCN-R (1)",0.001,0.028,40,26,"PMC10154459, PMC10282952, PMC10337197, PMC10878154, PMC11471398, PMC11797752, PMC12097015, PMC12098891, PMC3692432, PMC3869757, PMC4200022, PMC4264207, PMC4464659, PMC4630184, PMC4793227, PMC4914939, PMC5109898, PMC5213995, PMC5268458, PMC5439454, PMC5653327, PMC5762292, PMC5780180, PMC5809428, PMC5852880, PMC6072152, PMC6267832, PMC6325129, PMC6896396, PMC7028870, PMC7073499, PMC7102919, PMC7395790, PMC7581448, PMC7946453, PMC8961311, PMC8973756, PMC9117959, PMC9284897, PMC9346378","PMC10070041, PMC10222704, PMC10285757, PMC3763164, PMC4655957, PMC5472052, PMC5702518, PMC5774528, PMC5837092, PMC6029428, PMC6080583, PMC6248998, PMC6333395, PMC6484321, PMC6756869, PMC6811559, PMC6812411, PMC7579890, PMC8273062, PMC8290518, PMC8570085, PMC8678408, PMC8800246, PMC8865099",62.58,57.92,57.1,55.6,538,362,40,24,673,782,693,799,forward,reverse_complement,4,2,4,"PMC10154459,PMC10282952,PMC10337197,PMC10878154,PMC11471398,PMC11797752,PMC12097015,PMC12098891,PMC3692432,PMC3869757,PMC4200022,PMC4264207,PMC4464659,PMC4630184,PMC4793227,PMC4914939,PMC5109898,PMC5213995,PMC5268458,PMC5439454,PMC5653327,PMC5762292,PMC5780180,PMC5809428,PMC5852880,PMC6072152,PMC6267832,PMC6325129,PMC6896396,PMC7028870,PMC7073499,PMC7102919,PMC7395790,PMC7581448,PMC7946453,PMC8961311,PMC8973756,PMC9117959,PMC9284897,PMC9346378",,"PMC10070041,PMC10222704,PMC10285757,PMC3763164,PMC4655957,PMC5472052,PMC5702518,PMC5774528,PMC5837092,PMC6029428,PMC6080583,PMC6248998,PMC6333395,PMC6756869,PMC6811559,PMC6812411,PMC7579890,PMC8273062,PMC8570085,PMC8800246,PMC8865099","PMC6484321,PMC8290518,PMC8678408",0,40,21,0,3,0.6473918623754595,0.6244444444444446,0.0,51.10292645210631,
CCCAGGCGCTACCTGTATCAA,GATGTGGTCAGCCAACTC,PMF1-BGLAP,PMF1-BGLAP,"OCN (23), Osteocalcin (3), 632 (1), Antibodies (1), BGLAP (1), COLI (1), Fn1 (1), NM000711 (1), OC (1), h-OCN-F (1), h-Ocn (1), h-Ocn-F (1)","Osteocalcin (7), GAPDH (2), BGLAP (1), Genes (1), OCN-R (1), OSTEOCALCIN (1), OSTERIX (1), RUNX-2-forward (1), RUNX2 (1), The (1), Type (1)",0.001,0.028,40,21,"PMC10154459, PMC10282952, PMC10337197, PMC10878154, PMC11471398, PMC11797752, PMC12097015, PMC12098891, PMC3692432, PMC3869757, PMC4200022, PMC4264207, PMC4464659, PMC4630184, PMC4793227, PMC4914939, PMC5109898, PMC5213995, PMC5268458, PMC5439454, PMC5653327, PMC5762292, PMC5780180, PMC5809428, PMC5852880, PMC6072152, PMC6267832, PMC6325129, PMC6896396, PMC7028870, PMC7073499, PMC7102919, PMC7395790, PMC7581448, PMC7946453, PMC8961311, PMC8973756, PMC9117959, PMC9284897, PMC9346378","PMC10209287, PMC10218682, PMC4556843, PMC4673191, PMC4699026, PMC4750003, PMC4837802, PMC4929892, PMC4961106, PMC5009659, PMC5763659, PMC5809617, PMC5833785, PMC6311247, PMC7539403, PMC8134029, PMC8245033, PMC8467999, PMC9024451, PMC9747886",62.58,55.99,57.1,55.6,538,252,40,20,673,772,693,789,forward,reverse_complement,4,3,3,"PMC10154459,PMC10282952,PMC10337197,PMC10878154,PMC11471398,PMC11797752,PMC12097015,PMC12098891,PMC3692432,PMC3869757,PMC4200022,PMC4264207,PMC4464659,PMC4630184,PMC4793227,PMC4914939,PMC5109898,PMC5213995,PMC5268458,PMC5439454,PMC5653327,PMC5762292,PMC5780180,PMC5809428,PMC5852880,PMC6072152,PMC6267832,PMC6325129,PMC6896396,PMC7028870,PMC7073499,PMC7102919,PMC7395790,PMC7581448,PMC7946453,PMC8961311,PMC8973756,PMC9117959,PMC9284897,PMC9346378",,"PMC10209287,PMC10218682,PMC4556843,PMC4673191,PMC4699026,PMC4750003,PMC4837802,PMC4929892,PMC4961106,PMC5009659,PMC5763659,PMC5809617,PMC5833785,PMC6311247,PMC7539403,PMC8134029,PMC8245033,PMC8467999,PMC9024451,PMC9747886",,0,40,20,0,0,0.6378602853743667,0.6011111111111112,0.0,49.92634760205167,
CCCAGGCGCTACCTGTATCAA,CTCACACACCTCCCTCCTG,PMF1-BGLAP,PMF1-BGLAP,"OCN (23), Osteocalcin (3), 632 (1), Antibodies (1), BGLAP (1), COLI (1), Fn1 (1), NM000711 (1), OC (1), h-OCN-F (1), h-Ocn (1), h-Ocn-F (1)","Gene (2), Osteocalcin (2), Direction (1)",0.001,0.011,40,17,"PMC10154459, PMC10282952, PMC10337197, PMC10878154, PMC11471398, PMC11797752, PMC12097015, PMC12098891, PMC3692432, PMC3869757, PMC4200022, PMC4264207, PMC4464659, PMC4630184, PMC4793227, PMC4914939, PMC5109898, PMC5213995, PMC5268458, PMC5439454, PMC5653327, PMC5762292, PMC5780180, PMC5809428, PMC5852880, PMC6072152, PMC6267832, PMC6325129, PMC6896396, PMC7028870, PMC7073499, PMC7102919, PMC7395790, PMC7581448, PMC7946453, PMC8961311, PMC8973756, PMC9117959, PMC9284897, PMC9346378","PMC10069154, PMC10139012, PMC11456876, PMC12109992, PMC5589808, PMC5832166, PMC6066508, PMC6428815, PMC6934613, PMC7462980, PMC7541626, PMC7866227, PMC8236553, PMC8665165, PMC8684200, PMC8739256, PMC9821315",62.58,59.68,57.1,63.2,538,147,40,17,673,735,693,753,forward,reverse_complement,4,2,4,"PMC10154459,PMC10282952,PMC10337197,PMC10878154,PMC11471398,PMC11797752,PMC12097015,PMC12098891,PMC3692432,PMC3869757,PMC4200022,PMC4264207,PMC4464659,PMC4630184,PMC4793227,PMC4914939,PMC5109898,PMC5213995,PMC5268458,PMC5439454,PMC5653327,PMC5762292,PMC5780180,PMC5809428,PMC5852880,PMC6072152,PMC6267832,PMC6325129,PMC6896396,PMC7028870,PMC7073499,PMC7102919,PMC7395790,PMC7581448,PMC7946453,PMC8961311,PMC8973756,PMC9117959,PMC9284897,PMC9346378",,"PMC10069154,PMC10139012,PMC11456876,PMC12109992,PMC5589808,PMC5832166,PMC6066508,PMC6428815,PMC6934613,PMC7462980,PMC7541626,PMC7866227,PMC8236553,PMC8665165,PMC8739256,PMC9821315",PMC8684200,0,40,16,0,1,0.6202145717501726,0.7355555555555555,0.03333333333333377,53.744061920841965,
ACCACATCGGCTTTCAGG,GTGGTCAGCCAACTCGTCA,PMF1-BGLAP,PMF1-BGLAP,"OCN (6), BSP-R (2), Gene (2), OCN-R (2), ALP (1), CCTGA (1), OC (1), OCN6 (1), Osteocalcin (1), hsa-OCN-R (1)","BGLAP (5), hsa-OCN-reverse (3), Gene (2), 5BGLAP (1), BGLAP-Reverse (1), COL1a1 (1), Direction (1), NM_001173531.1 (1), OCN (1), OCT4 (1), OSC (1), Orientation (1), Osteocalcin (1), Osterix (1), Target (1)",0.028,0.011,26,38,"PMC10070041, PMC10222704, PMC10285757, PMC3763164, PMC4655957, PMC5472052, PMC5702518, PMC5774528, PMC5837092, PMC6029428, PMC6080583, PMC6248998, PMC6333395, PMC6484321, PMC6756869, PMC6811559, PMC6812411, PMC7579890, PMC8273062, PMC8290518, PMC8570085, PMC8678408, PMC8800246, PMC8865099","PMC10441659, PMC10444653, PMC10643473, PMC11301355, PMC11332729, PMC11488691, PMC11818253, PMC11892751, PMC11944977, PMC12087957, PMC4329829, PMC4879177, PMC4886818, PMC5057179, PMC5164906, PMC5583332, PMC5780081, PMC5800449, PMC6265790, PMC6383392, PMC6685704, PMC6861671, PMC6920280, PMC7475978, PMC7920808, PMC8670285, PMC8722308, PMC8818240, PMC9175016, PMC9233575, PMC9354009, PMC9355958, PMC9477632, PMC9564153, PMC9570360, PMC9843530",57.92,60.58,55.6,57.9,362,710,24,36,782,768,799,786,forward,reverse_complement,2,3,5,"PMC6484321,PMC8290518,PMC8678408","PMC10070041,PMC10222704,PMC10285757,PMC3763164,PMC4655957,PMC5472052,PMC5702518,PMC5774528,PMC5837092,PMC6029428,PMC6080583,PMC6248998,PMC6333395,PMC6756869,PMC6811559,PMC6812411,PMC7579890,PMC8273062,PMC8570085,PMC8800246,PMC8865099","PMC10441659,PMC10444653,PMC10643473,PMC11301355,PMC11332729,PMC11488691,PMC11818253,PMC11892751,PMC11944977,PMC12087957,PMC4329829,PMC4879177,PMC4886818,PMC5057179,PMC5164906,PMC5583332,PMC5780081,PMC5800449,PMC6265790,PMC6383392,PMC6685704,PMC6861671,PMC6920280,PMC7475978,PMC7920808,PMC8670285,PMC8722308,PMC8818240,PMC9175016,PMC9233575,PMC9354009,PMC9355958,PMC9477632,PMC9564153,PMC9570360,PMC9843530",,0,3,36,21,0,0.5453570816639672,0.7355555555555557,0.11333333333333451,51.60118741653172,
ACCACATCGGCTTTCAGG,GCCGTAGAAGCGCCGATAGGC,PMF1-BGLAP,PMF1-BGLAP,"OCN (6), BSP-R (2), Gene (2), OCN-R (2), ALP (1), CCTGA (1), OC (1), OCN6 (1), Osteocalcin (1), hsa-OCN-R (1)","Osteocalcin (7), GAPDH (2), BGLAP (1), Col-1 (1), Gene (1), Glyceraldehyde-3 (1), OC (1), OC-R (1)",0.028,0.001,26,36,"PMC10070041, PMC10222704, PMC10285757, PMC3763164, PMC4655957, PMC5472052, PMC5702518, PMC5774528, PMC5837092, PMC6029428, PMC6080583, PMC6248998, PMC6333395, PMC6484321, PMC6756869, PMC6811559, PMC6812411, PMC7579890, PMC8273062, PMC8290518, PMC8570085, PMC8678408, PMC8800246, PMC8865099","PMC10621931, PMC1079906, PMC11986050, PMC1794501, PMC2575631, PMC2950392, PMC3252365, PMC3353470, PMC3365132, PMC3430211, PMC3580562, PMC3613821, PMC3903490, PMC4055077, PMC4247692, PMC4369894, PMC4450897, PMC4516509, PMC4538412, PMC4729148, PMC4730281, PMC5055347, PMC5460492, PMC5531028, PMC5552222, PMC5615990, PMC5647033, PMC5811493, PMC5895002, PMC6058739, PMC6579983, PMC6720366, PMC7086144, PMC9147460",57.92,66.41,55.6,66.7,362,539,24,34,782,802,799,822,forward,reverse_complement,2,4,6,"PMC6484321,PMC8290518,PMC8678408","PMC10070041,PMC10222704,PMC10285757,PMC3763164,PMC4655957,PMC5472052,PMC5702518,PMC5774528,PMC5837092,PMC6029428,PMC6080583,PMC6248998,PMC6333395,PMC6756869,PMC6811559,PMC6812411,PMC7579890,PMC8273062,PMC8570085,PMC8800246,PMC8865099","PMC10621931,PMC1079906,PMC11986050,PMC1794501,PMC2575631,PMC2950392,PMC3252365,PMC3353470,PMC3365132,PMC3430211,PMC3580562,PMC3613821,PMC3903490,PMC4055077,PMC4247692,PMC4369894,PMC4450897,PMC4516509,PMC4538412,PMC4729148,PMC4730281,PMC5055347,PMC5460492,PMC5531028,PMC5552222,PMC5615990,PMC5647033,PMC5811493,PMC5895002,PMC6058739,PMC6579983,PMC6720366,PMC7086144,PMC9147460",,0,3,34,21,0,0.0,0.0,0.0,0.0,
ACCACATCGGCTTTCAGG,GGTCAGCCAACTCGTCACAGTC,PMF1-BGLAP,PMF1-BGLAP,"OCN (6), BSP-R (2), Gene (2), OCN-R (2), ALP (1), CCTGA (1), OC (1), OCN6 (1), Osteocalcin (1), hsa-OCN-R (1)","OCN (9), BGLAP (2), 50 (1), Actin (1), Antibodies (1), COL (1), COLI (1), Fn1 (1), G6PDH (1), Gene (1), NM000711 (1), Osteocalcin (1), RUNX2 (1), Runx2 (1), TCF-4 (1), h-OCN-R (1), h-Ocn (1), h-Ocn-R (1)",0.028,0.000345,26,54,"PMC10070041, PMC10222704, PMC10285757, PMC3763164, PMC4655957, PMC5472052, PMC5702518, PMC5774528, PMC5837092, PMC6029428, PMC6080583, PMC6248998, PMC6333395, PMC6484321, PMC6756869, PMC6811559, PMC6812411, PMC7579890, PMC8273062, PMC8290518, PMC8570085, PMC8678408, PMC8800246, PMC8865099","PMC10002049, PMC10154459, PMC10282952, PMC10294445, PMC10337197, PMC10813297, PMC10878154, PMC11010622, PMC11067224, PMC11471398, PMC11476683, PMC11797752, PMC12097015, PMC12098891, PMC3869757, PMC4012947, PMC4200022, PMC4264207, PMC4270765, PMC4464659, PMC4630184, PMC4914939, PMC5109898, PMC5268458, PMC5439454, PMC5653327, PMC5695137, PMC5762292, PMC5780180, PMC5835706, PMC5852880, PMC6072152, PMC6097469, PMC6325129, PMC6722737, PMC6818209, PMC6896396, PMC6921428, PMC7028870, PMC7073499, PMC7102919, PMC7395790, PMC7581448, PMC7946453, PMC8051722, PMC8076131, PMC8961311, PMC8973756, PMC9117959, PMC9276041, PMC9284897, PMC9346378, PMC9571456",57.92,63.99,55.6,59.1,362,698,24,53,782,763,799,784,forward,reverse_complement,2,3,4,"PMC6484321,PMC8290518,PMC8678408","PMC10070041,PMC10222704,PMC10285757,PMC3763164,PMC4655957,PMC5472052,PMC5702518,PMC5774528,PMC5837092,PMC6029428,PMC6080583,PMC6248998,PMC6333395,PMC6756869,PMC6811559,PMC6812411,PMC7579890,PMC8273062,PMC8570085,PMC8800246,PMC8865099","PMC10002049,PMC10154459,PMC10282952,PMC10294445,PMC10337197,PMC10813297,PMC10878154,PMC11010622,PMC11067224,PMC11471398,PMC11476683,PMC11797752,PMC12097015,PMC12098891,PMC3869757,PMC4012947,PMC4200022,PMC4264207,PMC4270765,PMC4464659,PMC4630184,PMC4914939,PMC5109898,PMC5268458,PMC5439454,PMC5653327,PMC5695137,PMC5762292,PMC5780180,PMC5835706,PMC5852880,PMC6072152,PMC6097469,PMC6325129,PMC6722737,PMC6818209,PMC6896396,PMC6921428,PMC7028870,PMC7073499,PMC7102919,PMC7395790,PMC7581448,PMC7946453,PMC8051722,PMC8076131,PMC8961311,PMC8973756,PMC9117959,PMC9276041,PMC9284897,PMC9346378,PMC9571456",,0,3,53,21,0,0.5810407158473351,0.5733333333333335,0.0,46.252035792366755,
ACCACATCGGCTTTCAGG,CTGGAGAGGAGCAGAACTGG,PMF1-BGLAP,PMF1-BGLAP,"OCN (6), BSP-R (2), Gene (2), OCN-R (2), ALP (1), CCTGA (1), OC (1), OCN6 (1), Osteocalcin (1), hsa-OCN-R (1)","Gene (3), OCN (3), BGLAP (2), Human (2), Osteocalcin (2), GAPDH (1), OCN--R (1), OCN-R (1), OTC (1), Primers (1), Shengong (1)",0.028,0.004,26,34,"PMC10070041, PMC10222704, PMC10285757, PMC3763164, PMC4655957, PMC5472052, PMC5702518, PMC5774528, PMC5837092, PMC6029428, PMC6080583, PMC6248998, PMC6333395, PMC6484321, PMC6756869, PMC6811559, PMC6812411, PMC7579890, PMC8273062, PMC8290518, PMC8570085, PMC8678408, PMC8800246, PMC8865099","PMC10658208, PMC11499919, PMC11562309, PMC11706895, PMC12013848, PMC12107957, PMC3170288, PMC3215189, PMC3692432, PMC3722850, PMC3854245, PMC4135228, PMC4190335, PMC4497709, PMC4500612, PMC4559195, PMC4813262, PMC5018325, PMC5151109, PMC5213995, PMC5214565, PMC5552848, PMC5769534, PMC6008747, PMC6163325, PMC6494860, PMC6594112, PMC6868153, PMC6990577, PMC7334395, PMC7545469, PMC7673024, PMC8262658, PMC9882893",57.92,60.12,55.6,60.0,362,671,24,34,782,862,799,881,forward,reverse_complement,2,3,3,"PMC6484321,PMC8290518,PMC8678408","PMC10070041,PMC10222704,PMC10285757,PMC3763164,PMC4655957,PMC5472052,PMC5702518,PMC5774528,PMC5837092,PMC6029428,PMC6080583,PMC6248998,PMC6333395,PMC6756869,PMC6811559,PMC6812411,PMC7579890,PMC8273062,PMC8570085,PMC8800246,PMC8865099","PMC10658208,PMC11499919,PMC11562309,PMC11706895,PMC12013848,PMC12107957,PMC3170288,PMC3215189,PMC3692432,PMC3722850,PMC3854245,PMC4135228,PMC4190335,PMC4497709,PMC4500612,PMC4559195,PMC4813262,PMC5018325,PMC5151109,PMC5213995,PMC5214565,PMC5552848,PMC5769534,PMC6008747,PMC6163325,PMC6494860,PMC6594112,PMC6868153,PMC6990577,PMC7334395,PMC7545469,PMC7673024,PMC8262658,PMC9882893",,0,3,34,21,0,0.5401121415269812,0.7188888888888889,0.26666666666666805,53.905607076349085,
GAGTTGGCTGACCACATC,GCCGTAGAAGCGCCGATAGGC,PMF1-BGLAP,PMF1-BGLAP,"Osteocalcin (7), GAPDH (2), BGLAP (1), Genes (1), OCN-R (1), OSTEOCALCIN (1), OSTERIX (1), RUNX-2-forward (1), RUNX2 (1), The (1), Type (1)","Osteocalcin (7), GAPDH (2), BGLAP (1), Col-1 (1), Gene (1), Glyceraldehyde-3 (1), OC (1), OC-R (1)",0.028,0.001,21,36,"PMC10209287, PMC10218682, PMC4556843, PMC4673191, PMC4699026, PMC4750003, PMC4837802, PMC4929892, PMC4961106, PMC5009659, PMC5763659, PMC5809617, PMC5833785, PMC6311247, PMC7539403, PMC8134029, PMC8245033, PMC8467999, PMC9024451, PMC9747886","PMC10621931, PMC1079906, PMC11986050, PMC1794501, PMC2575631, PMC2950392, PMC3252365, PMC3353470, PMC3365132, PMC3430211, PMC3580562, PMC3613821, PMC3903490, PMC4055077, PMC4247692, PMC4369894, PMC4450897, PMC4516509, PMC4538412, PMC4729148, PMC4730281, PMC5055347, PMC5460492, PMC5531028, PMC5552222, PMC5615990, PMC5647033, PMC5811493, PMC5895002, PMC6058739, PMC6579983, PMC6720366, PMC7086144, PMC9147460",55.99,66.41,55.6,66.7,252,539,20,34,772,802,789,822,forward,reverse_complement,3,4,3,,"PMC10209287,PMC10218682,PMC4556843,PMC4673191,PMC4699026,PMC4750003,PMC4837802,PMC4929892,PMC4961106,PMC5009659,PMC5763659,PMC5809617,PMC5833785,PMC6311247,PMC7539403,PMC8134029,PMC8245033,PMC8467999,PMC9024451,PMC9747886","PMC10621931,PMC1079906,PMC11986050,PMC1794501,PMC2575631,PMC2950392,PMC3252365,PMC3353470,PMC3365132,PMC3430211,PMC3580562,PMC3613821,PMC3903490,PMC4055077,PMC4247692,PMC4369894,PMC4450897,PMC4516509,PMC4538412,PMC4729148,PMC4730281,PMC5055347,PMC5460492,PMC5531028,PMC5552222,PMC5615990,PMC5647033,PMC5811493,PMC5895002,PMC6058739,PMC6579983,PMC6720366,PMC7086144,PMC9147460",,0,0,34,20,0,0.45800530129083517,0.5081249999999999,0.0,38.14401506454176,
GAGTTGGCTGACCACATC,CTGGAGAGGAGCAGAACTGG,PMF1-BGLAP,PMF1-BGLAP,"Osteocalcin (7), GAPDH (2), BGLAP (1), Genes (1), OCN-R (1), OSTEOCALCIN (1), OSTERIX (1), RUNX-2-forward (1), RUNX2 (1), The (1), Type (1)","Gene (3), OCN (3), BGLAP (2), Human (2), Osteocalcin (2), GAPDH (1), OCN--R (1), OCN-R (1), OTC (1), Primers (1), Shengong (1)",0.028,0.004,21,34,"PMC10209287, PMC10218682, PMC4556843, PMC4673191, PMC4699026, PMC4750003, PMC4837802, PMC4929892, PMC4961106, PMC5009659, PMC5763659, PMC5809617, PMC5833785, PMC6311247, PMC7539403, PMC8134029, PMC8245033, PMC8467999, PMC9024451, PMC9747886","PMC10658208, PMC11499919, PMC11562309, PMC11706895, PMC12013848, PMC12107957, PMC3170288, PMC3215189, PMC3692432, PMC3722850, PMC3854245, PMC4135228, PMC4190335, PMC4497709, PMC4500612, PMC4559195, PMC4813262, PMC5018325, PMC5151109, PMC5213995, PMC5214565, PMC5552848, PMC5769534, PMC6008747, PMC6163325, PMC6494860, PMC6594112, PMC6868153, PMC6990577, PMC7334395, PMC7545469, PMC7673024, PMC8262658, PMC9882893",55.99,60.12,55.6,60.0,252,671,20,34,772,862,789,881,forward,reverse_complement,3,3,4,,"PMC10209287,PMC10218682,PMC4556843,PMC4673191,PMC4699026,PMC4750003,PMC4837802,PMC4929892,PMC4961106,PMC5009659,PMC5763659,PMC5809617,PMC5833785,PMC6311247,PMC7539403,PMC8134029,PMC8245033,PMC8467999,PMC9024451,PMC9747886","PMC10658208,PMC11499919,PMC11562309,PMC11706895,PMC12013848,PMC12107957,PMC3170288,PMC3215189,PMC3692432,PMC3722850,PMC3854245,PMC4135228,PMC4190335,PMC4497709,PMC4500612,PMC4559195,PMC4813262,PMC5018325,PMC5151109,PMC5213995,PMC5214565,PMC5552848,PMC5769534,PMC6008747,PMC6163325,PMC6494860,PMC6594112,PMC6868153,PMC6990577,PMC7334395,PMC7545469,PMC7673024,PMC8262658,PMC9882893",,0,0,34,20,0,0.45800530129083517,0.6955555555555555,0.0,43.76693173120842,
CTGTATCAATGGCTGGGAGCC,GTGGTCAGCCAACTCGTCA,PMF1-BGLAP,PMF1-BGLAP,"Osteocalcin (4), OCN (3), Gene (2), BGLAP (1), Genes (1), Homo (1), OCN-R (1), gene (1)","BGLAP (5), hsa-OCN-reverse (3), Gene (2), 5BGLAP (1), BGLAP-Reverse (1), COL1a1 (1), Direction (1), NM_001173531.1 (1), OCN (1), OCT4 (1), OSC (1), Orientation (1), Osteocalcin (1), Osterix (1), Target (1)",0.001,0.011,19,38,"PMC10288420, PMC10703823, PMC12108652, PMC3829770, PMC3926498, PMC4204190, PMC5373515, PMC5455643, PMC6136473, PMC6781330, PMC7528055, PMC7925396, PMC8010662, PMC8047219, PMC8184675, PMC8306468, PMC8707254, PMC8717387, PMC9251783","PMC10441659, PMC10444653, PMC10643473, PMC11301355, PMC11332729, PMC11488691, PMC11818253, PMC11892751, PMC11944977, PMC12087957, PMC4329829, PMC4879177, PMC4886818, PMC5057179, PMC5164906, PMC5583332, PMC5780081, PMC5800449, PMC6265790, PMC6383392, PMC6685704, PMC6861671, PMC6920280, PMC7475978, PMC7920808, PMC8670285, PMC8722308, PMC8818240, PMC9175016, PMC9233575, PMC9354009, PMC9355958, PMC9477632, PMC9564153, PMC9570360, PMC9843530",61.48,60.58,57.1,57.9,222,710,19,36,685,768,705,786,forward,reverse_complement,4,3,6,,"PMC10288420,PMC10703823,PMC12108652,PMC3829770,PMC3926498,PMC4204190,PMC5373515,PMC5455643,PMC6136473,PMC6781330,PMC7528055,PMC7925396,PMC8010662,PMC8047219,PMC8184675,PMC8306468,PMC8707254,PMC8717387,PMC9251783","PMC10441659,PMC10444653,PMC10643473,PMC11301355,PMC11332729,PMC11488691,PMC11818253,PMC11892751,PMC11944977,PMC12087957,PMC4329829,PMC4879177,PMC4886818,PMC5057179,PMC5164906,PMC5583332,PMC5780081,PMC5800449,PMC6265790,PMC6383392,PMC6685704,PMC6861671,PMC6920280,PMC7475978,PMC7920808,PMC8670285,PMC8722308,PMC8818240,PMC9175016,PMC9233575,PMC9354009,PMC9355958,PMC9477632,PMC9564153,PMC9570360,PMC9843530",,0,0,36,19,0,0.0,0.0,0.0,0.0,
CTGTATCAATGGCTGGGAGCC,GCCGTAGAAGCGCCGATAGGC,PMF1-BGLAP,PMF1-BGLAP,"Osteocalcin (4), OCN (3), Gene (2), BGLAP (1), Genes (1), Homo (1), OCN-R (1), gene (1)","Osteocalcin (7), GAPDH (2), BGLAP (1), Col-1 (1), Gene (1), Glyceraldehyde-3 (1), OC (1), OC-R (1)",0.001,0.001,19,36,"PMC10288420, PMC10703823, PMC12108652, PMC3829770, PMC3926498, PMC4204190, PMC5373515, PMC5455643, PMC6136473, PMC6781330, PMC7528055, PMC7925396, PMC8010662, PMC8047219, PMC8184675, PMC8306468, PMC8707254, PMC8717387, PMC9251783","PMC10621931, PMC1079906, PMC11986050, PMC1794501, PMC2575631, PMC2950392, PMC3252365, PMC3353470, PMC3365132, PMC3430211, PMC3580562, PMC3613821, PMC3903490, PMC4055077, PMC4247692, PMC4369894, PMC4450897, PMC4516509, PMC4538412, PMC4729148, PMC4730281, PMC5055347, PMC5460492, PMC5531028, PMC5552222, PMC5615990, PMC5647033, PMC5811493, PMC5895002, PMC6058739, PMC6579983, PMC6720366, PMC7086144, PMC9147460",61.48,66.41,57.1,66.7,222,539,19,34,685,802,705,822,forward,reverse_complement,4,4,4,,"PMC10288420,PMC10703823,PMC12108652,PMC3829770,PMC3926498,PMC4204190,PMC5373515,PMC5455643,PMC6136473,PMC6781330,PMC7528055,PMC7925396,PMC8010662,PMC8047219,PMC8184675,PMC8306468,PMC8707254,PMC8717387,PMC9251783","PMC10621931,PMC1079906,PMC11986050,PMC1794501,PMC2575631,PMC2950392,PMC3252365,PMC3353470,PMC3365132,PMC3430211,PMC3580562,PMC3613821,PMC3903490,PMC4055077,PMC4247692,PMC4369894,PMC4450897,PMC4516509,PMC4538412,PMC4729148,PMC4730281,PMC5055347,PMC5460492,PMC5531028,PMC5552222,PMC5615990,PMC5647033,PMC5811493,PMC5895002,PMC6058739,PMC6579983,PMC6720366,PMC7086144,PMC9147460",,0,0,34,19,0,0.4560432112301138,0.6536805555555558,0.0,42.41257722817237,
CTGTATCAATGGCTGGGAGCC,CTCCTGAAAGCCGATGTGGTCA,PMF1-BGLAP,PMF1-BGLAP,"Osteocalcin (4), OCN (3), Gene (2), BGLAP (1), Genes (1), Homo (1), OCN-R (1), gene (1)","BGLAP (4), Osteocalcin (3), Direction (2), ALPL (1), BGLAP-R (1), Bglap (1), Bglap2 (1), DSPP (1), Gene (1), OC (1), OCN (1), Osteocalin-Reverse (1), VEGF (1), hOCN-R (1)",0.001,0.000345,19,32,"PMC10288420, PMC10703823, PMC12108652, PMC3829770, PMC3926498, PMC4204190, PMC5373515, PMC5455643, PMC6136473, PMC6781330, PMC7528055, PMC7925396, PMC8010662, PMC8047219, PMC8184675, PMC8306468, PMC8707254, PMC8717387, PMC9251783","PMC10222618, PMC10387216, PMC10407617, PMC10454939, PMC10779481, PMC10809007, PMC10903013, PMC11118509, PMC11129143, PMC11197745, PMC11330066, PMC11361852, PMC11439940, PMC11561506, PMC11744864, PMC11755084, PMC11817755, PMC11867901, PMC12085028, PMC3788782, PMC6151224, PMC7300400, PMC7407412, PMC7504673, PMC7746460, PMC7817818, PMC7885459, PMC8411547, PMC8963903, PMC9617701, PMC9750767, PMC9953662",61.48,63.23,57.1,54.5,222,137,19,32,685,780,705,801,forward,reverse_complement,4,3,4,,"PMC10288420,PMC10703823,PMC12108652,PMC3829770,PMC3926498,PMC4204190,PMC5373515,PMC5455643,PMC6136473,PMC6781330,PMC7528055,PMC7925396,PMC8010662,PMC8047219,PMC8184675,PMC8306468,PMC8707254,PMC8717387,PMC9251783","PMC10222618,PMC10387216,PMC10407617,PMC10454939,PMC10779481,PMC10809007,PMC10903013,PMC11118509,PMC11129143,PMC11197745,PMC11330066,PMC11361852,PMC11439940,PMC11561506,PMC11744864,PMC11755084,PMC11817755,PMC11867901,PMC12085028,PMC3788782,PMC6151224,PMC7300400,PMC7407412,PMC7504673,PMC7746460,PMC7817818,PMC7885459,PMC8411547,PMC8963903,PMC9617701,PMC9750767,PMC9953662",,0,0,32,19,0,0.45048957209239404,0.7522222222222227,0.41666666666666663,53.42447860461972,
CTGTATCAATGGCTGGGAGCC,TCAGCCAACTCGTCACAGTC,PMF1-BGLAP,PMF1-BGLAP,"Osteocalcin (4), OCN (3), Gene (2), BGLAP (1), Genes (1), Homo (1), OCN-R (1), gene (1)","BGLAP (18), Osteocalcin (18), OCN (13), Gene (7), Human (3), human (3), GAPDH (2), NM_199173.5 (2), The (2), ALP (1), BGLAP-R (1), Bone (1), CAGTC (1), CxCr4 (1), Direction (1), FGF23 (1), Genes (1), H-OCN-R1 (1), MasterMix (1), NM_199173 (1), NM_199173.3 (1), OC (1), OC-R (1), OCN- (1), OCN-F (1), OSTEOCALCIN (1), OTC (1), Osteocalcin-R (1), Osteogenesis (1), TGF- (1), hum_OCN_5/3 (1)",0.001,0.004,19,141,"PMC10288420, PMC10703823, PMC12108652, PMC3829770, PMC3926498, PMC4204190, PMC5373515, PMC5455643, PMC6136473, PMC6781330, PMC7528055, PMC7925396, PMC8010662, PMC8047219, PMC8184675, PMC8306468, PMC8707254, PMC8717387, PMC9251783","PMC10034518, PMC10379034, PMC10406694, PMC10552899, PMC10618393, PMC10743052, PMC10858363, PMC10878834, PMC10889793, PMC10976750, PMC11122527, PMC11259626, PMC11269795, PMC11499919, PMC11559138, PMC11562309, PMC11578294, PMC11591890, PMC11595442, PMC11762233, PMC11794764, PMC11839199, PMC11918522, PMC12072047, PMC12080316, PMC12091229, PMC12107957, PMC2646266, PMC3136101, PMC3170288, PMC3446456, PMC3471036, PMC3706764, PMC3799771, PMC3805512, PMC3849435, PMC3907683, PMC3914586, PMC4055119, PMC4077650, PMC4081551, PMC4087006, PMC4178031, PMC4201491, PMC4227163, PMC4298333, PMC4404686, PMC4416238, PMC4451686, PMC4500612, PMC4539932, PMC4559195, PMC4562352, PMC4674106, PMC4676112, PMC4707328, PMC4813262, PMC4880889, PMC4899037, PMC4932130, PMC5072612, PMC5099844, PMC5164905, PMC5322661, PMC5358692, PMC5360390, PMC5493527, PMC5551777, PMC5552848, PMC5573935, PMC5658998, PMC5667471, PMC5690675, PMC5733904, PMC5746324, PMC5895940, PMC5997644, PMC6008747, PMC6073779, PMC6092836, PMC6095197, PMC6163325, PMC6172397, PMC6263063, PMC6323209, PMC6371545, PMC6434481, PMC6494860, PMC6538993, PMC6594112, PMC6743420, PMC6918167, PMC7191235, PMC7266346, PMC7315279, PMC7334395, PMC7352200, PMC7378902, PMC7545469, PMC7555878, PMC7564340, PMC7653780, PMC7691854, PMC7736623, PMC7751477, PMC7848378, PMC7897289, PMC8027176, PMC8063876, PMC8257615, PMC8353646, PMC8395443, PMC8399135, PMC8508916, PMC8520689, PMC8525028, PMC8554986, PMC8717537, PMC8758693, PMC8805820, PMC8868595, PMC8897656, PMC8949995, PMC8998418, PMC9097555, PMC9161927, PMC9406723, PMC9663507, PMC9778583, PMC9796874, PMC9857206, PMC9869574, PMC9934467, PMC9949900, PMC9963438, PMC9964429, PMC9993741",61.48,60.61,57.1,55.0,222,2507,19,137,685,763,705,782,forward,reverse_complement,4,3,6,,"PMC10288420,PMC10703823,PMC12108652,PMC3829770,PMC3926498,PMC4204190,PMC5373515,PMC5455643,PMC6136473,PMC6781330,PMC7528055,PMC7925396,PMC8010662,PMC8047219,PMC8184675,PMC8306468,PMC8707254,PMC8717387,PMC9251783","PMC10034518,PMC10379034,PMC10552899,PMC10618393,PMC10858363,PMC10878834,PMC10889793,PMC10976750,PMC11122527,PMC11259626,PMC11269795,PMC11559138,PMC11578294,PMC11591890,PMC11595442,PMC11762233,PMC11794764,PMC11839199,PMC11918522,PMC12080316,PMC12091229,PMC2646266,PMC3136101,PMC3446456,PMC3799771,PMC3805512,PMC3849435,PMC3907683,PMC3914586,PMC4055119,PMC4077650,PMC4081551,PMC4087006,PMC4178031,PMC4201491,PMC4227163,PMC4298333,PMC4404686,PMC4539932,PMC4562352,PMC4674106,PMC4676112,PMC4707328,PMC4880889,PMC4899037,PMC4932130,PMC5072612,PMC5099844,PMC5164905,PMC5322661,PMC5358692,PMC5360390,PMC5493527,PMC5551777,PMC5573935,PMC5658998,PMC5690675,PMC5733904,PMC5746324,PMC5895940,PMC5997644,PMC6073779,PMC6092836,PMC6095197,PMC6172397,PMC6263063,PMC6323209,PMC6371545,PMC6434481,PMC6743420,PMC7191235,PMC7266346,PMC7315279,PMC7378902,PMC7555878,PMC7564340,PMC7653780,PMC7736623,PMC7751477,PMC7897289,PMC8027176,PMC8063876,PMC8257615,PMC8353646,PMC8395443,PMC8399135,PMC8508916,PMC8520689,PMC8525028,PMC8554986,PMC8717537,PMC8758693,PMC8805820,PMC8868595,PMC8949995,PMC9097555,PMC9161927,PMC9406723,PMC9663507,PMC9778583,PMC9796874,PMC9857206,PMC9869574,PMC9949900,PMC9963438,PMC9964429,PMC9993741","PMC10406694,PMC10743052,PMC11499919,PMC11562309,PMC12072047,PMC12107957,PMC3170288,PMC3471036,PMC3706764,PMC4416238,PMC4451686,PMC4500612,PMC4559195,PMC4813262,PMC5552848,PMC5667471,PMC6008747,PMC6163325,PMC6494860,PMC6538993,PMC6594112,PMC6918167,PMC7334395,PMC7352200,PMC7545469,PMC7691854,PMC7848378,PMC8897656,PMC8998418,PMC9934467",0,0,107,19,30,0.0,0.0,0.0,0.0,
CTGTATCAATGGCTGGGAGCC,GGTCAGCCAACTCGTCACAGTC,PMF1-BGLAP,PMF1-BGLAP,"Osteocalcin (4), OCN (3), Gene (2), BGLAP (1), Genes (1), Homo (1), OCN-R (1), gene (1)","OCN (9), BGLAP (2), 50 (1), Actin (1), Antibodies (1), COL (1), COLI (1), Fn1 (1), G6PDH (1), Gene (1), NM000711 (1), Osteocalcin (1), RUNX2 (1), Runx2 (1), TCF-4 (1), h-OCN-R (1), h-Ocn (1), h-Ocn-R (1)",0.001,0.000345,19,54,"PMC10288420, PMC10703823, PMC12108652, PMC3829770, PMC3926498, PMC4204190, PMC5373515, PMC5455643, PMC6136473, PMC6781330, PMC7528055, PMC7925396, PMC8010662, PMC8047219, PMC8184675, PMC8306468, PMC8707254, PMC8717387, PMC9251783","PMC10002049, PMC10154459, PMC10282952, PMC10294445, PMC10337197, PMC10813297, PMC10878154, PMC11010622, PMC11067224, PMC11471398, PMC11476683, PMC11797752, PMC12097015, PMC12098891, PMC3869757, PMC4012947, PMC4200022, PMC4264207, PMC4270765, PMC4464659, PMC4630184, PMC4914939, PMC5109898, PMC5268458, PMC5439454, PMC5653327, PMC5695137, PMC5762292, PMC5780180, PMC5835706, PMC5852880, PMC6072152, PMC6097469, PMC6325129, PMC6722737, PMC6818209, PMC6896396, PMC6921428, PMC7028870, PMC7073499, PMC7102919, PMC7395790, PMC7581448, PMC7946453, PMC8051722, PMC8076131, PMC8961311, PMC8973756, PMC9117959, PMC9276041, PMC9284897, PMC9346378, PMC9571456",61.48,63.99,57.1,59.1,222,698,19,53,685,763,705,784,forward,reverse_complement,4,3,6,,"PMC10288420,PMC10703823,PMC12108652,PMC3829770,PMC3926498,PMC4204190,PMC5373515,PMC5455643,PMC6136473,PMC6781330,PMC7528055,PMC7925396,PMC8010662,PMC8047219,PMC8184675,PMC8306468,PMC8707254,PMC8717387,PMC9251783","PMC10002049,PMC10154459,PMC10282952,PMC10294445,PMC10337197,PMC10813297,PMC10878154,PMC11010622,PMC11067224,PMC11471398,PMC11476683,PMC11797752,PMC12097015,PMC12098891,PMC3869757,PMC4012947,PMC4200022,PMC4264207,PMC4270765,PMC4464659,PMC4630184,PMC4914939,PMC5109898,PMC5268458,PMC5439454,PMC5653327,PMC5695137,PMC5762292,PMC5780180,PMC5835706,PMC5852880,PMC6072152,PMC6097469,PMC6325129,PMC6722737,PMC6818209,PMC6896396,PMC6921428,PMC7028870,PMC7073499,PMC7102919,PMC7395790,PMC7581448,PMC7946453,PMC8051722,PMC8076131,PMC8961311,PMC8973756,PMC9117959,PMC9276041,PMC9284897,PMC9346378,PMC9571456",,0,0,53,19,0,0.0,0.0,0.0,0.0,
CTGTATCAATGGCTGGGAGCC,CTGGAGAGGAGCAGAACTGG,PMF1-BGLAP,PMF1-BGLAP,"Osteocalcin (4), OCN (3), Gene (2), BGLAP (1), Genes (1), Homo (1), OCN-R (1), gene (1)","Gene (3), OCN (3), BGLAP (2), Human (2), Osteocalcin (2), GAPDH (1), OCN--R (1), OCN-R (1), OTC (1), Primers (1), Shengong (1)",0.001,0.004,19,34,"PMC10288420, PMC10703823, PMC12108652, PMC3829770, PMC3926498, PMC4204190, PMC5373515, PMC5455643, PMC6136473, PMC6781330, PMC7528055, PMC7925396, PMC8010662, PMC8047219, PMC8184675, PMC8306468, PMC8707254, PMC8717387, PMC9251783","PMC10658208, PMC11499919, PMC11562309, PMC11706895, PMC12013848, PMC12107957, PMC3170288, PMC3215189, PMC3692432, PMC3722850, PMC3854245, PMC4135228, PMC4190335, PMC4497709, PMC4500612, PMC4559195, PMC4813262, PMC5018325, PMC5151109, PMC5213995, PMC5214565, PMC5552848, PMC5769534, PMC6008747, PMC6163325, PMC6494860, PMC6594112, PMC6868153, PMC6990577, PMC7334395, PMC7545469, PMC7673024, PMC8262658, PMC9882893",61.48,60.12,57.1,60.0,222,671,19,34,685,862,705,881,forward,reverse_complement,4,3,3,,"PMC10288420,PMC10703823,PMC12108652,PMC3829770,PMC3926498,PMC4204190,PMC5373515,PMC5455643,PMC6136473,PMC6781330,PMC7528055,PMC7925396,PMC8010662,PMC8047219,PMC8184675,PMC8306468,PMC8707254,PMC8717387,PMC9251783","PMC10658208,PMC11499919,PMC11562309,PMC11706895,PMC12013848,PMC12107957,PMC3170288,PMC3215189,PMC3692432,PMC3722850,PMC3854245,PMC4135228,PMC4190335,PMC4497709,PMC4500612,PMC4559195,PMC4813262,PMC5018325,PMC5151109,PMC5213995,PMC5214565,PMC5552848,PMC5769534,PMC6008747,PMC6163325,PMC6494860,PMC6594112,PMC6868153,PMC6990577,PMC7334395,PMC7545469,PMC7673024,PMC8262658,PMC9882893",,0,0,34,19,0,0.4560432112301138,0.8411111111111113,0.5466666666666669,58.96882722817236,
CTGTATCAATGGCTGGGAGCC,CCTGAAAGCCGATGTGGT,PMF1-BGLAP,PMF1-BGLAP,"Osteocalcin (4), OCN (3), Gene (2), BGLAP (1), Genes (1), Homo (1), OCN-R (1), gene (1)","OCN (6), BSP-R (2), Gene (2), OCN-R (2), ALP (1), CCTGA (1), OC (1), OCN6 (1), Osteocalcin (1), hsa-OCN-R (1)",0.001,0.028,19,26,"PMC10288420, PMC10703823, PMC12108652, PMC3829770, PMC3926498, PMC4204190, PMC5373515, PMC5455643, PMC6136473, PMC6781330, PMC7528055, PMC7925396, PMC8010662, PMC8047219, PMC8184675, PMC8306468, PMC8707254, PMC8717387, PMC9251783","PMC10070041, PMC10222704, PMC10285757, PMC3763164, PMC4655957, PMC5472052, PMC5702518, PMC5774528, PMC5837092, PMC6029428, PMC6080583, PMC6248998, PMC6333395, PMC6484321, PMC6756869, PMC6811559, PMC6812411, PMC7579890, PMC8273062, PMC8290518, PMC8570085, PMC8678408, PMC8800246, PMC8865099",61.48,57.92,57.1,55.6,222,362,19,24,685,782,705,799,forward,reverse_complement,4,2,4,,"PMC10288420,PMC10703823,PMC12108652,PMC3829770,PMC3926498,PMC4204190,PMC5373515,PMC5455643,PMC6136473,PMC6781330,PMC7528055,PMC7925396,PMC8010662,PMC8047219,PMC8184675,PMC8306468,PMC8707254,PMC8717387,PMC9251783","PMC10070041,PMC10222704,PMC10285757,PMC3763164,PMC4655957,PMC5472052,PMC5702518,PMC5774528,PMC5837092,PMC6029428,PMC6080583,PMC6248998,PMC6333395,PMC6756869,PMC6811559,PMC6812411,PMC7579890,PMC8273062,PMC8570085,PMC8800246,PMC8865099","PMC6484321,PMC8290518,PMC8678408",0,0,21,19,3,0.4173606980111846,0.6855555555555559,0.0,41.43470156722591,
CTGTATCAATGGCTGGGAGCC,GATGTGGTCAGCCAACTC,PMF1-BGLAP,PMF1-BGLAP,"Osteocalcin (4), OCN (3), Gene (2), BGLAP (1), Genes (1), Homo (1), OCN-R (1), gene (1)","Osteocalcin (7), GAPDH (2), BGLAP (1), Genes (1), OCN-R (1), OSTEOCALCIN (1), OSTERIX (1), RUNX-2-forward (1), RUNX2 (1), The (1), Type (1)",0.001,0.028,19,21,"PMC10288420, PMC10703823, PMC12108652, PMC3829770, PMC3926498, PMC4204190, PMC5373515, PMC5455643, PMC6136473, PMC6781330, PMC7528055, PMC7925396, PMC8010662, PMC8047219, PMC8184675, PMC8306468, PMC8707254, PMC8717387, PMC9251783","PMC10209287, PMC10218682, PMC4556843, PMC4673191, PMC4699026, PMC4750003, PMC4837802, PMC4929892, PMC4961106, PMC5009659, PMC5763659, PMC5809617, PMC5833785, PMC6311247, PMC7539403, PMC8134029, PMC8245033, PMC8467999, PMC9024451, PMC9747886",61.48,55.99,57.1,55.6,222,252,19,20,685,772,705,789,forward,reverse_complement,4,3,6,,"PMC10288420,PMC10703823,PMC12108652,PMC3829770,PMC3926498,PMC4204190,PMC5373515,PMC5455643,PMC6136473,PMC6781330,PMC7528055,PMC7925396,PMC8010662,PMC8047219,PMC8184675,PMC8306468,PMC8707254,PMC8717387,PMC9251783","PMC10209287,PMC10218682,PMC4556843,PMC4673191,PMC4699026,PMC4750003,PMC4837802,PMC4929892,PMC4961106,PMC5009659,PMC5763659,PMC5809617,PMC5833785,PMC6311247,PMC7539403,PMC8134029,PMC8245033,PMC8467999,PMC9024451,PMC9747886",,0,0,20,19,0,0.0,0.0,0.0,0.0,
CTGTATCAATGGCTGGGAGCC,CTCACACACCTCCCTCCTG,PMF1-BGLAP,PMF1-BGLAP,"Osteocalcin (4), OCN (3), Gene (2), BGLAP (1), Genes (1), Homo (1), OCN-R (1), gene (1)","Gene (2), Osteocalcin (2), Direction (1)",0.001,0.011,19,17,"PMC10288420, PMC10703823, PMC12108652, PMC3829770, PMC3926498, PMC4204190, PMC5373515, PMC5455643, PMC6136473, PMC6781330, PMC7528055, PMC7925396, PMC8010662, PMC8047219, PMC8184675, PMC8306468, PMC8707254, PMC8717387, PMC9251783","PMC10069154, PMC10139012, PMC11456876, PMC12109992, PMC5589808, PMC5832166, PMC6066508, PMC6428815, PMC6934613, PMC7462980, PMC7541626, PMC7866227, PMC8236553, PMC8665165, PMC8684200, PMC8739256, PMC9821315",61.48,59.68,57.1,63.2,222,147,19,17,685,735,705,753,forward,reverse_complement,4,2,5,,"PMC10288420,PMC10703823,PMC12108652,PMC3829770,PMC3926498,PMC4204190,PMC5373515,PMC5455643,PMC6136473,PMC6781330,PMC7528055,PMC7925396,PMC8010662,PMC8047219,PMC8184675,PMC8306468,PMC8707254,PMC8717387,PMC9251783","PMC10069154,PMC10139012,PMC11456876,PMC12109992,PMC5589808,PMC5832166,PMC6066508,PMC6428815,PMC6934613,PMC7462980,PMC7541626,PMC7866227,PMC8236553,PMC8665165,PMC8739256,PMC9821315",PMC8684200,0,0,16,19,1,0.39018340738589785,0.7966666666666669,0.4000000000000009,51.40917036929491,
CAGGAGGGAGGTGTGTGAG,GTGGTCAGCCAACTCGTCA,PMF1-BGLAP,PMF1-BGLAP,"Gene (2), Osteocalcin (2), Direction (1)","BGLAP (5), hsa-OCN-reverse (3), Gene (2), 5BGLAP (1), BGLAP-Reverse (1), COL1a1 (1), Direction (1), NM_001173531.1 (1), OCN (1), OCT4 (1), OSC (1), Orientation (1), Osteocalcin (1), Osterix (1), Target (1)",0.011,0.011,17,38,"PMC10069154, PMC10139012, PMC11456876, PMC12109992, PMC5589808, PMC5832166, PMC6066508, PMC6428815, PMC6934613, PMC7462980, PMC7541626, PMC7866227, PMC8236553, PMC8665165, PMC8684200, PMC8739256, PMC9821315","PMC10441659, PMC10444653, PMC10643473, PMC11301355, PMC11332729, PMC11488691, PMC11818253, PMC11892751, PMC11944977, PMC12087957, PMC4329829, PMC4879177, PMC4886818, PMC5057179, PMC5164906, PMC5583332, PMC5780081, PMC5800449, PMC6265790, PMC6383392, PMC6685704, PMC6861671, PMC6920280, PMC7475978, PMC7920808, PMC8670285, PMC8722308, PMC8818240, PMC9175016, PMC9233575, PMC9354009, PMC9355958, PMC9477632, PMC9564153, PMC9570360, PMC9843530",59.68,60.58,63.2,57.9,147,710,17,36,735,768,753,786,forward,reverse_complement,2,3,3,PMC8684200,"PMC10069154,PMC10139012,PMC11456876,PMC12109992,PMC5589808,PMC5832166,PMC6066508,PMC6428815,PMC6934613,PMC7462980,PMC7541626,PMC7866227,PMC8236553,PMC8665165,PMC8739256,PMC9821315","PMC10441659,PMC10444653,PMC10643473,PMC11301355,PMC11332729,PMC11488691,PMC11818253,PMC11892751,PMC11944977,PMC12087957,PMC4329829,PMC4879177,PMC4886818,PMC5057179,PMC5164906,PMC5583332,PMC5780081,PMC5800449,PMC6265790,PMC6383392,PMC6685704,PMC6861671,PMC6920280,PMC7475978,PMC7920808,PMC8670285,PMC8722308,PMC8818240,PMC9175016,PMC9233575,PMC9354009,PMC9355958,PMC9477632,PMC9564153,PMC9570360,PMC9843530",,0,1,36,16,0,0.4945987128377265,0.8466666666666667,0.7000000000000004,64.12993564188633,
CAGGAGGGAGGTGTGTGAG,GCCGTAGAAGCGCCGATAGGC,PMF1-BGLAP,PMF1-BGLAP,"Gene (2), Osteocalcin (2), Direction (1)","Osteocalcin (7), GAPDH (2), BGLAP (1), Col-1 (1), Gene (1), Glyceraldehyde-3 (1), OC (1), OC-R (1)",0.011,0.001,17,36,"PMC10069154, PMC10139012, PMC11456876, PMC12109992, PMC5589808, PMC5832166, PMC6066508, PMC6428815, PMC6934613, PMC7462980, PMC7541626, PMC7866227, PMC8236553, PMC8665165, PMC8684200, PMC8739256, PMC9821315","PMC10621931, PMC1079906, PMC11986050, PMC1794501, PMC2575631, PMC2950392, PMC3252365, PMC3353470, PMC3365132, PMC3430211, PMC3580562, PMC3613821, PMC3903490, PMC4055077, PMC4247692, PMC4369894, PMC4450897, PMC4516509, PMC4538412, PMC4729148, PMC4730281, PMC5055347, PMC5460492, PMC5531028, PMC5552222, PMC5615990, PMC5647033, PMC5811493, PMC5895002, PMC6058739, PMC6579983, PMC6720366, PMC7086144, PMC9147460",59.68,66.41,63.2,66.7,147,539,17,34,735,802,753,822,forward,reverse_complement,2,4,2,PMC8684200,"PMC10069154,PMC10139012,PMC11456876,PMC12109992,PMC5589808,PMC5832166,PMC6066508,PMC6428815,PMC6934613,PMC7462980,PMC7541626,PMC7866227,PMC8236553,PMC8665165,PMC8739256,PMC9821315","PMC10621931,PMC1079906,PMC11986050,PMC1794501,PMC2575631,PMC2950392,PMC3252365,PMC3353470,PMC3365132,PMC3430211,PMC3580562,PMC3613821,PMC3903490,PMC4055077,PMC4247692,PMC4369894,PMC4450897,PMC4516509,PMC4538412,PMC4729148,PMC4730281,PMC5055347,PMC5460492,PMC5531028,PMC5552222,PMC5615990,PMC5647033,PMC5811493,PMC5895002,PMC6058739,PMC6579983,PMC6720366,PMC7086144,PMC9147460",,0,1,34,16,0,0.4893537727007403,0.6425694444444443,0.0,43.744771968370344,
CAGGAGGGAGGTGTGTGAG,CTCCTGAAAGCCGATGTGGTCA,PMF1-BGLAP,PMF1-BGLAP,"Gene (2), Osteocalcin (2), Direction (1)","BGLAP (4), Osteocalcin (3), Direction (2), ALPL (1), BGLAP-R (1), Bglap (1), Bglap2 (1), DSPP (1), Gene (1), OC (1), OCN (1), Osteocalin-Reverse (1), VEGF (1), hOCN-R (1)",0.011,0.000345,17,32,"PMC10069154, PMC10139012, PMC11456876, PMC12109992, PMC5589808, PMC5832166, PMC6066508, PMC6428815, PMC6934613, PMC7462980, PMC7541626, PMC7866227, PMC8236553, PMC8665165, PMC8684200, PMC8739256, PMC9821315","PMC10222618, PMC10387216, PMC10407617, PMC10454939, PMC10779481, PMC10809007, PMC10903013, PMC11118509, PMC11129143, PMC11197745, PMC11330066, PMC11361852, PMC11439940, PMC11561506, PMC11744864, PMC11755084, PMC11817755, PMC11867901, PMC12085028, PMC3788782, PMC6151224, PMC7300400, PMC7407412, PMC7504673, PMC7746460, PMC7817818, PMC7885459, PMC8411547, PMC8963903, PMC9617701, PMC9750767, PMC9953662",59.68,63.23,63.2,54.5,147,137,17,32,735,780,753,801,forward,reverse_complement,2,3,6,PMC8684200,"PMC10069154,PMC10139012,PMC11456876,PMC12109992,PMC5589808,PMC5832166,PMC6066508,PMC6428815,PMC6934613,PMC7462980,PMC7541626,PMC7866227,PMC8236553,PMC8665165,PMC8739256,PMC9821315","PMC10222618,PMC10387216,PMC10407617,PMC10454939,PMC10779481,PMC10809007,PMC10903013,PMC11118509,PMC11129143,PMC11197745,PMC11330066,PMC11361852,PMC11439940,PMC11561506,PMC11744864,PMC11755084,PMC11817755,PMC11867901,PMC12085028,PMC3788782,PMC6151224,PMC7300400,PMC7407412,PMC7504673,PMC7746460,PMC7817818,PMC7885459,PMC8411547,PMC8963903,PMC9617701,PMC9750767,PMC9953662",,0,1,32,16,0,0.0,0.0,0.0,0.0,
CAGGAGGGAGGTGTGTGAG,TCAGCCAACTCGTCACAGTC,PMF1-BGLAP,PMF1-BGLAP,"Gene (2), Osteocalcin (2), Direction (1)","BGLAP (18), Osteocalcin (18), OCN (13), Gene (7), Human (3), human (3), GAPDH (2), NM_199173.5 (2), The (2), ALP (1), BGLAP-R (1), Bone (1), CAGTC (1), CxCr4 (1), Direction (1), FGF23 (1), Genes (1), H-OCN-R1 (1), MasterMix (1), NM_199173 (1), NM_199173.3 (1), OC (1), OC-R (1), OCN- (1), OCN-F (1), OSTEOCALCIN (1), OTC (1), Osteocalcin-R (1), Osteogenesis (1), TGF- (1), hum_OCN_5/3 (1)",0.011,0.004,17,141,"PMC10069154, PMC10139012, PMC11456876, PMC12109992, PMC5589808, PMC5832166, PMC6066508, PMC6428815, PMC6934613, PMC7462980, PMC7541626, PMC7866227, PMC8236553, PMC8665165, PMC8684200, PMC8739256, PMC9821315","PMC10034518, PMC10379034, PMC10406694, PMC10552899, PMC10618393, PMC10743052, PMC10858363, PMC10878834, PMC10889793, PMC10976750, PMC11122527, PMC11259626, PMC11269795, PMC11499919, PMC11559138, PMC11562309, PMC11578294, PMC11591890, PMC11595442, PMC11762233, PMC11794764, PMC11839199, PMC11918522, PMC12072047, PMC12080316, PMC12091229, PMC12107957, PMC2646266, PMC3136101, PMC3170288, PMC3446456, PMC3471036, PMC3706764, PMC3799771, PMC3805512, PMC3849435, PMC3907683, PMC3914586, PMC4055119, PMC4077650, PMC4081551, PMC4087006, PMC4178031, PMC4201491, PMC4227163, PMC4298333, PMC4404686, PMC4416238, PMC4451686, PMC4500612, PMC4539932, PMC4559195, PMC4562352, PMC4674106, PMC4676112, PMC4707328, PMC4813262, PMC4880889, PMC4899037, PMC4932130, PMC5072612, PMC5099844, PMC5164905, PMC5322661, PMC5358692, PMC5360390, PMC5493527, PMC5551777, PMC5552848, PMC5573935, PMC5658998, PMC5667471, PMC5690675, PMC5733904, PMC5746324, PMC5895940, PMC5997644, PMC6008747, PMC6073779, PMC6092836, PMC6095197, PMC6163325, PMC6172397, PMC6263063, PMC6323209, PMC6371545, PMC6434481, PMC6494860, PMC6538993, PMC6594112, PMC6743420, PMC6918167, PMC7191235, PMC7266346, PMC7315279, PMC7334395, PMC7352200, PMC7378902, PMC7545469, PMC7555878, PMC7564340, PMC7653780, PMC7691854, PMC7736623, PMC7751477, PMC7848378, PMC7897289, PMC8027176, PMC8063876, PMC8257615, PMC8353646, PMC8395443, PMC8399135, PMC8508916, PMC8520689, PMC8525028, PMC8554986, PMC8717537, PMC8758693, PMC8805820, PMC8868595, PMC8897656, PMC8949995, PMC8998418, PMC9097555, PMC9161927, PMC9406723, PMC9663507, PMC9778583, PMC9796874, PMC9857206, PMC9869574, PMC9934467, PMC9949900, PMC9963438, PMC9964429, PMC9993741",59.68,60.61,63.2,55.0,147,2507,17,137,735,763,753,782,forward,reverse_complement,2,3,5,PMC8684200,"PMC10069154,PMC10139012,PMC11456876,PMC12109992,PMC5589808,PMC5832166,PMC6066508,PMC6428815,PMC6934613,PMC7462980,PMC7541626,PMC7866227,PMC8236553,PMC8665165,PMC8739256,PMC9821315","PMC10034518,PMC10379034,PMC10552899,PMC10618393,PMC10858363,PMC10878834,PMC10889793,PMC10976750,PMC11122527,PMC11259626,PMC11269795,PMC11559138,PMC11578294,PMC11591890,PMC11595442,PMC11762233,PMC11794764,PMC11839199,PMC11918522,PMC12080316,PMC12091229,PMC2646266,PMC3136101,PMC3446456,PMC3799771,PMC3805512,PMC3849435,PMC3907683,PMC3914586,PMC4055119,PMC4077650,PMC4081551,PMC4087006,PMC4178031,PMC4201491,PMC4227163,PMC4298333,PMC4404686,PMC4539932,PMC4562352,PMC4674106,PMC4676112,PMC4707328,PMC4880889,PMC4899037,PMC4932130,PMC5072612,PMC5099844,PMC5164905,PMC5322661,PMC5358692,PMC5360390,PMC5493527,PMC5551777,PMC5573935,PMC5658998,PMC5690675,PMC5733904,PMC5746324,PMC5895940,PMC5997644,PMC6073779,PMC6092836,PMC6095197,PMC6172397,PMC6263063,PMC6323209,PMC6371545,PMC6434481,PMC6743420,PMC7191235,PMC7266346,PMC7315279,PMC7378902,PMC7555878,PMC7564340,PMC7653780,PMC7736623,PMC7751477,PMC7897289,PMC8027176,PMC8063876,PMC8257615,PMC8353646,PMC8395443,PMC8399135,PMC8508916,PMC8520689,PMC8525028,PMC8554986,PMC8717537,PMC8758693,PMC8805820,PMC8868595,PMC8949995,PMC9097555,PMC9161927,PMC9406723,PMC9663507,PMC9778583,PMC9796874,PMC9857206,PMC9869574,PMC9949900,PMC9963438,PMC9964429,PMC9993741","PMC10406694,PMC10743052,PMC11499919,PMC11562309,PMC12072047,PMC12107957,PMC3170288,PMC3471036,PMC3706764,PMC4416238,PMC4451686,PMC4500612,PMC4559195,PMC4813262,PMC5552848,PMC5667471,PMC6008747,PMC6163325,PMC6494860,PMC6538993,PMC6594112,PMC6918167,PMC7334395,PMC7352200,PMC7545469,PMC7691854,PMC7848378,PMC8897656,PMC8998418,PMC9934467",0,1,107,16,30,0.6019324039148722,0.8866666666666666,0.6900000000000002,70.4966201957436,
CAGGAGGGAGGTGTGTGAG,GGTCAGCCAACTCGTCACAGTC,PMF1-BGLAP,PMF1-BGLAP,"Gene (2), Osteocalcin (2), Direction (1)","OCN (9), BGLAP (2), 50 (1), Actin (1), Antibodies (1), COL (1), COLI (1), Fn1 (1), G6PDH (1), Gene (1), NM000711 (1), Osteocalcin (1), RUNX2 (1), Runx2 (1), TCF-4 (1), h-OCN-R (1), h-Ocn (1), h-Ocn-R (1)",0.011,0.000345,17,54,"PMC10069154, PMC10139012, PMC11456876, PMC12109992, PMC5589808, PMC5832166, PMC6066508, PMC6428815, PMC6934613, PMC7462980, PMC7541626, PMC7866227, PMC8236553, PMC8665165, PMC8684200, PMC8739256, PMC9821315","PMC10002049, PMC10154459, PMC10282952, PMC10294445, PMC10337197, PMC10813297, PMC10878154, PMC11010622, PMC11067224, PMC11471398, PMC11476683, PMC11797752, PMC12097015, PMC12098891, PMC3869757, PMC4012947, PMC4200022, PMC4264207, PMC4270765, PMC4464659, PMC4630184, PMC4914939, PMC5109898, PMC5268458, PMC5439454, PMC5653327, PMC5695137, PMC5762292, PMC5780180, PMC5835706, PMC5852880, PMC6072152, PMC6097469, PMC6325129, PMC6722737, PMC6818209, PMC6896396, PMC6921428, PMC7028870, PMC7073499, PMC7102919, PMC7395790, PMC7581448, PMC7946453, PMC8051722, PMC8076131, PMC8961311, PMC8973756, PMC9117959, PMC9276041, PMC9284897, PMC9346378, PMC9571456",59.68,63.99,63.2,59.1,147,698,17,53,735,763,753,784,forward,reverse_complement,2,3,5,PMC8684200,"PMC10069154,PMC10139012,PMC11456876,PMC12109992,PMC5589808,PMC5832166,PMC6066508,PMC6428815,PMC6934613,PMC7462980,PMC7541626,PMC7866227,PMC8236553,PMC8665165,PMC8739256,PMC9821315","PMC10002049,PMC10154459,PMC10282952,PMC10294445,PMC10337197,PMC10813297,PMC10878154,PMC11010622,PMC11067224,PMC11471398,PMC11476683,PMC11797752,PMC12097015,PMC12098891,PMC3869757,PMC4012947,PMC4200022,PMC4264207,PMC4270765,PMC4464659,PMC4630184,PMC4914939,PMC5109898,PMC5268458,PMC5439454,PMC5653327,PMC5695137,PMC5762292,PMC5780180,PMC5835706,PMC5852880,PMC6072152,PMC6097469,PMC6325129,PMC6722737,PMC6818209,PMC6896396,PMC6921428,PMC7028870,PMC7073499,PMC7102919,PMC7395790,PMC7581448,PMC7946453,PMC8051722,PMC8076131,PMC8961311,PMC8973756,PMC9117959,PMC9276041,PMC9284897,PMC9346378,PMC9571456",,0,1,53,16,0,0.5302823470210942,0.6844444444444444,0.0,47.04745068438804,
CAGGAGGGAGGTGTGTGAG,CTGGAGAGGAGCAGAACTGG,PMF1-BGLAP,PMF1-BGLAP,"Gene (2), Osteocalcin (2), Direction (1)","Gene (3), OCN (3), BGLAP (2), Human (2), Osteocalcin (2), GAPDH (1), OCN--R (1), OCN-R (1), OTC (1), Primers (1), Shengong (1)",0.011,0.004,17,34,"PMC10069154, PMC10139012, PMC11456876, PMC12109992, PMC5589808, PMC5832166, PMC6066508, PMC6428815, PMC6934613, PMC7462980, PMC7541626, PMC7866227, PMC8236553, PMC8665165, PMC8684200, PMC8739256, PMC9821315","PMC10658208, PMC11499919, PMC11562309, PMC11706895, PMC12013848, PMC12107957, PMC3170288, PMC3215189, PMC3692432, PMC3722850, PMC3854245, PMC4135228, PMC4190335, PMC4497709, PMC4500612, PMC4559195, PMC4813262, PMC5018325, PMC5151109, PMC5213995, PMC5214565, PMC5552848, PMC5769534, PMC6008747, PMC6163325, PMC6494860, PMC6594112, PMC6868153, PMC6990577, PMC7334395, PMC7545469, PMC7673024, PMC8262658, PMC9882893",59.68,60.12,63.2,60.0,147,671,17,34,735,862,753,881,forward,reverse_complement,2,3,3,PMC8684200,"PMC10069154,PMC10139012,PMC11456876,PMC12109992,PMC5589808,PMC5832166,PMC6066508,PMC6428815,PMC6934613,PMC7462980,PMC7541626,PMC7866227,PMC8236553,PMC8665165,PMC8739256,PMC9821315","PMC10658208,PMC11499919,PMC11562309,PMC11706895,PMC12013848,PMC12107957,PMC3170288,PMC3215189,PMC3692432,PMC3722850,PMC3854245,PMC4135228,PMC4190335,PMC4497709,PMC4500612,PMC4559195,PMC4813262,PMC5018325,PMC5151109,PMC5213995,PMC5214565,PMC5552848,PMC5769534,PMC6008747,PMC6163325,PMC6494860,PMC6594112,PMC6868153,PMC6990577,PMC7334395,PMC7545469,PMC7673024,PMC8262658,PMC9882893",,0,1,34,16,0,0.4893537727007403,0.8299999999999998,0.853333333333334,66.43435530170369,
CAGGAGGGAGGTGTGTGAG,CCTGAAAGCCGATGTGGT,PMF1-BGLAP,PMF1-BGLAP,"Gene (2), Osteocalcin (2), Direction (1)","OCN (6), BSP-R (2), Gene (2), OCN-R (2), ALP (1), CCTGA (1), OC (1), OCN6 (1), Osteocalcin (1), hsa-OCN-R (1)",0.011,0.028,17,26,"PMC10069154, PMC10139012, PMC11456876, PMC12109992, PMC5589808, PMC5832166, PMC6066508, PMC6428815, PMC6934613, PMC7462980, PMC7541626, PMC7866227, PMC8236553, PMC8665165, PMC8684200, PMC8739256, PMC9821315","PMC10070041, PMC10222704, PMC10285757, PMC3763164, PMC4655957, PMC5472052, PMC5702518, PMC5774528, PMC5837092, PMC6029428, PMC6080583, PMC6248998, PMC6333395, PMC6484321, PMC6756869, PMC6811559, PMC6812411, PMC7579890, PMC8273062, PMC8290518, PMC8570085, PMC8678408, PMC8800246, PMC8865099",59.68,57.92,63.2,55.6,147,362,17,24,735,782,753,799,forward,reverse_complement,2,2,4,PMC8684200,"PMC10069154,PMC10139012,PMC11456876,PMC12109992,PMC5589808,PMC5832166,PMC6066508,PMC6428815,PMC6934613,PMC7462980,PMC7541626,PMC7866227,PMC8236553,PMC8665165,PMC8739256,PMC9821315","PMC10070041,PMC10222704,PMC10285757,PMC3763164,PMC4655957,PMC5472052,PMC5702518,PMC5774528,PMC5837092,PMC6029428,PMC6080583,PMC6248998,PMC6333395,PMC6756869,PMC6811559,PMC6812411,PMC7579890,PMC8273062,PMC8570085,PMC8800246,PMC8865099","PMC6484321,PMC8290518,PMC8678408",0,1,21,16,3,0.4506712594818111,0.6744444444444445,0.413333333333334,51.033562974090565,
CAGGAGGGAGGTGTGTGAG,GATGTGGTCAGCCAACTC,PMF1-BGLAP,PMF1-BGLAP,"Gene (2), Osteocalcin (2), Direction (1)","Osteocalcin (7), GAPDH (2), BGLAP (1), Genes (1), OCN-R (1), OSTEOCALCIN (1), OSTERIX (1), RUNX-2-forward (1), RUNX2 (1), The (1), Type (1)",0.011,0.028,17,21,"PMC10069154, PMC10139012, PMC11456876, PMC12109992, PMC5589808, PMC5832166, PMC6066508, PMC6428815, PMC6934613, PMC7462980, PMC7541626, PMC7866227, PMC8236553, PMC8665165, PMC8684200, PMC8739256, PMC9821315","PMC10209287, PMC10218682, PMC4556843, PMC4673191, PMC4699026, PMC4750003, PMC4837802, PMC4929892, PMC4961106, PMC5009659, PMC5763659, PMC5809617, PMC5833785, PMC6311247, PMC7539403, PMC8134029, PMC8245033, PMC8467999, PMC9024451, PMC9747886",59.68,55.99,63.2,55.6,147,252,17,20,735,772,753,789,forward,reverse_complement,2,3,3,PMC8684200,"PMC10069154,PMC10139012,PMC11456876,PMC12109992,PMC5589808,PMC5832166,PMC6066508,PMC6428815,PMC6934613,PMC7462980,PMC7541626,PMC7866227,PMC8236553,PMC8665165,PMC8739256,PMC9821315","PMC10209287,PMC10218682,PMC4556843,PMC4673191,PMC4699026,PMC4750003,PMC4837802,PMC4929892,PMC4961106,PMC5009659,PMC5763659,PMC5809617,PMC5833785,PMC6311247,PMC7539403,PMC8134029,PMC8245033,PMC8467999,PMC9024451,PMC9747886",,0,1,20,16,0,0.44113968248071833,0.6511111111111111,0.0,41.59031745736925,
CTTTGTGTCCAAGCAGGAGGG,CCATTGATACAGGTAGCGCC,PMF1-BGLAP,PMF1-BGLAP,"Gene (13), BGLAP (8), OCN (8), Osteocalcin (4), GAPDH (2), OPN (2), human (2), 632 (1), Bglap (1), C-3 (1), CCC (1), CDK6 (1), COL1a1 (1), CYR61 (1), CircLPAR1 (1), Data (1), Direction (1), FGFR1 (1), H- (1), Human (1), LSD1 (1), NM_199173.6 (1), OC-R (1), OCN--R (1), OCN-Reverse (1), OSTEOCALCIN (1), Osteocalcin-R (1), P2RX4 (1), Runx2 (1), h-OCN (1), hsa-OCN-Reverse (1)","BGLAP (22), OCN (19), Osteocalcin (7), Ocn (3), hsa-OCN-forward (3), human (3), hOCN (2), 110 (1), 5BGLAP (1), ALP (1), BGLAP-F (1), BGLAP-Forward (1), Homo (1), Human (1), NM_199173.5 (1), NM_199173.6 (1), OC (1), OGN (1), OSC (1), Osteocalcin-F (1), Osteogenesis (1), The (1), VEGF (1)",0.001,0.004,117,90,"PMC10142914, PMC10212705, PMC10266046, PMC10478283, PMC10659042, PMC10800782, PMC10849785, PMC10929792, PMC10936096, PMC11001392, PMC11084186, PMC11330132, PMC11391719, PMC11562097, PMC11565289, PMC11590406, PMC11633500, PMC11896475, PMC11947814, PMC11977094, PMC12001474, PMC12024643, PMC12073084, PMC12074812, PMC3569421, PMC3880843, PMC4028224, PMC4203828, PMC4317596, PMC4375934, PMC4388628, PMC4738707, PMC4767937, PMC4773240, PMC4948698, PMC5030629, PMC5192052, PMC5239543, PMC5355733, PMC5548928, PMC5776773, PMC5951430, PMC5970187, PMC5996090, PMC6002551, PMC6029469, PMC6120750, PMC6134938, PMC6154708, PMC6241358, PMC6391470, PMC6410690, PMC6533502, PMC6561377, PMC6594288, PMC6811605, PMC6889321, PMC6916635, PMC6964093, PMC6996099, PMC7011343, PMC7012241, PMC7033235, PMC7073820, PMC7165343, PMC7193115, PMC7233608, PMC7435717, PMC7446217, PMC7488079, PMC7539105, PMC7576269, PMC7583167, PMC7609060, PMC7610338, PMC7645323, PMC7676202, PMC7694436, PMC7807199, PMC7811365, PMC7814734, PMC7893805, PMC7904523, PMC8040480, PMC8076414, PMC8097863, PMC8187992, PMC8261971, PMC8294092, PMC8309475, PMC8366957, PMC8381068, PMC8382950, PMC8441126, PMC8647299, PMC8665342, PMC8919664, PMC8962127, PMC8971384, PMC9080063, PMC9206573, PMC9236897, PMC9275886, PMC9320112, PMC9339598, PMC9561255, PMC9726269, PMC9782440, PMC9854827, PMC9856031, PMC9909214, PMC9925051, PMC9945756, PMC9991042","PMC10160763, PMC10379034, PMC10441659, PMC10444653, PMC10643473, PMC10878834, PMC10976750, PMC11259626, PMC11269795, PMC11301355, PMC11332729, PMC11559230, PMC11595442, PMC11762233, PMC11763229, PMC11818253, PMC11823243, PMC11892751, PMC11944977, PMC12080316, PMC12087957, PMC12091229, PMC2646266, PMC3799771, PMC3805512, PMC4178031, PMC4201491, PMC4329829, PMC4404686, PMC4836087, PMC4879177, PMC4886818, PMC5057179, PMC5072612, PMC5164906, PMC5297792, PMC5322661, PMC5490090, PMC5493527, PMC5513456, PMC5583332, PMC5658998, PMC5668416, PMC5680323, PMC5704576, PMC5780081, PMC5800449, PMC6092836, PMC6172397, PMC6265790, PMC6323209, PMC6685704, PMC6861671, PMC6920280, PMC7266346, PMC7294393, PMC7315279, PMC7378902, PMC7475978, PMC7897289, PMC7920808, PMC8353646, PMC8395443, PMC8508916, PMC8520689, PMC8525028, PMC8554986, PMC8670285, PMC8722308, PMC8818240, PMC8868595, PMC9097555, PMC9175016, PMC9233575, PMC9354009, PMC9355958, PMC9477632, PMC9564153, PMC9570360, PMC9796874, PMC9821985, PMC9843530, PMC9963438, PMC9964429, PMC9993741",61.82,59.13,57.1,55.0,1461,1773,114,85,633,677,653,696,forward,reverse_complement,3,4,3,,"PMC10142914,PMC10212705,PMC10266046,PMC10478283,PMC10659042,PMC10800782,PMC10849785,PMC10929792,PMC10936096,PMC11001392,PMC11084186,PMC11330132,PMC11391719,PMC11562097,PMC11565289,PMC11590406,PMC11633500,PMC11896475,PMC11947814,PMC11977094,PMC12001474,PMC12024643,PMC12073084,PMC12074812,PMC3569421,PMC3880843,PMC4028224,PMC4203828,PMC4317596,PMC4375934,PMC4388628,PMC4738707,PMC4767937,PMC4773240,PMC4948698,PMC5030629,PMC5192052,PMC5239543,PMC5355733,PMC5548928,PMC5776773,PMC5951430,PMC5970187,PMC5996090,PMC6002551,PMC6029469,PMC6120750,PMC6134938,PMC6154708,PMC6241358,PMC6391470,PMC6410690,PMC6533502,PMC6561377,PMC6594288,PMC6811605,PMC6889321,PMC6916635,PMC6964093,PMC6996099,PMC7011343,PMC7012241,PMC7033235,PMC7073820,PMC7165343,PMC7193115,PMC7233608,PMC7435717,PMC7446217,PMC7488079,PMC7539105,PMC7576269,PMC7583167,PMC7609060,PMC7610338,PMC7645323,PMC7676202,PMC7694436,PMC7807199,PMC7811365,PMC7814734,PMC7893805,PMC7904523,PMC8040480,PMC8076414,PMC8097863,PMC8187992,PMC8261971,PMC8294092,PMC8309475,PMC8366957,PMC8381068,PMC8382950,PMC8441126,PMC8647299,PMC8665342,PMC8919664,PMC8962127,PMC8971384,PMC9080063,PMC9206573,PMC9236897,PMC9275886,PMC9320112,PMC9339598,PMC9561255,PMC9726269,PMC9782440,PMC9854827,PMC9856031,PMC9909214,PMC9925051,PMC9945756,PMC9991042",,"PMC10160763,PMC10379034,PMC10441659,PMC10444653,PMC10643473,PMC10878834,PMC10976750,PMC11259626,PMC11269795,PMC11301355,PMC11332729,PMC11559230,PMC11595442,PMC11762233,PMC11763229,PMC11818253,PMC11823243,PMC11892751,PMC11944977,PMC12080316,PMC12087957,PMC12091229,PMC2646266,PMC3799771,PMC3805512,PMC4178031,PMC4201491,PMC4329829,PMC4404686,PMC4836087,PMC4879177,PMC4886818,PMC5057179,PMC5072612,PMC5164906,PMC5297792,PMC5322661,PMC5490090,PMC5493527,PMC5513456,PMC5583332,PMC5658998,PMC5668416,PMC5680323,PMC5704576,PMC5780081,PMC5800449,PMC6092836,PMC6172397,PMC6265790,PMC6323209,PMC6685704,PMC6861671,PMC6920280,PMC7266346,PMC7294393,PMC7315279,PMC7378902,PMC7475978,PMC7897289,PMC7920808,PMC8353646,PMC8395443,PMC8508916,PMC8520689,PMC8525028,PMC8554986,PMC8670285,PMC8722308,PMC8818240,PMC8868595,PMC9097555,PMC9175016,PMC9233575,PMC9354009,PMC9355958,PMC9477632,PMC9564153,PMC9570360,PMC9796874,PMC9821985,PMC9843530,PMC9963438,PMC9964429,PMC9993741",0,0,0,114,85,0.3699478169853557,0.808888888888889,0.10333333333333405,44.83072418260114,
CTTTGTGTCCAAGCAGGAGGG,CTCTTCACTACCTCGCTGCC,PMF1-BGLAP,PMF1-BGLAP,"Gene (13), BGLAP (8), OCN (8), Osteocalcin (4), GAPDH (2), OPN (2), human (2), 632 (1), Bglap (1), C-3 (1), CCC (1), CDK6 (1), COL1a1 (1), CYR61 (1), CircLPAR1 (1), Data (1), Direction (1), FGFR1 (1), H- (1), Human (1), LSD1 (1), NM_199173.6 (1), OC-R (1), OCN--R (1), OCN-Reverse (1), OSTEOCALCIN (1), Osteocalcin-R (1), P2RX4 (1), Runx2 (1), h-OCN (1), hsa-OCN-Reverse (1)","OCN (25), Osteocalcin (18), BGLAP (11), OC (5), Human (4), 102 (1), Bglap (1), Gene (1), Homo (1), Human_OCN_F (1), OCN--F (1), OSC (1), OSTEOCALCIN (1), Ocn (1), REAGENT (1), RUNX2 (1), human (1)",0.001,0.004,117,83,"PMC10142914, PMC10212705, PMC10266046, PMC10478283, PMC10659042, PMC10800782, PMC10849785, PMC10929792, PMC10936096, PMC11001392, PMC11084186, PMC11330132, PMC11391719, PMC11562097, PMC11565289, PMC11590406, PMC11633500, PMC11896475, PMC11947814, PMC11977094, PMC12001474, PMC12024643, PMC12073084, PMC12074812, PMC3569421, PMC3880843, PMC4028224, PMC4203828, PMC4317596, PMC4375934, PMC4388628, PMC4738707, PMC4767937, PMC4773240, PMC4948698, PMC5030629, PMC5192052, PMC5239543, PMC5355733, PMC5548928, PMC5776773, PMC5951430, PMC5970187, PMC5996090, PMC6002551, PMC6029469, PMC6120750, PMC6134938, PMC6154708, PMC6241358, PMC6391470, PMC6410690, PMC6533502, PMC6561377, PMC6594288, PMC6811605, PMC6889321, PMC6916635, PMC6964093, PMC6996099, PMC7011343, PMC7012241, PMC7033235, PMC7073820, PMC7165343, PMC7193115, PMC7233608, PMC7435717, PMC7446217, PMC7488079, PMC7539105, PMC7576269, PMC7583167, PMC7609060, PMC7610338, PMC7645323, PMC7676202, PMC7694436, PMC7807199, PMC7811365, PMC7814734, PMC7893805, PMC7904523, PMC8040480, PMC8076414, PMC8097863, PMC8187992, PMC8261971, PMC8294092, PMC8309475, PMC8366957, PMC8381068, PMC8382950, PMC8441126, PMC8647299, PMC8665342, PMC8919664, PMC8962127, PMC8971384, PMC9080063, PMC9206573, PMC9236897, PMC9275886, PMC9320112, PMC9339598, PMC9561255, PMC9726269, PMC9782440, PMC9854827, PMC9856031, PMC9909214, PMC9925051, PMC9945756, PMC9991042","PMC10044883, PMC10045574, PMC10069154, PMC10074101, PMC10139012, PMC10167365, PMC10215148, PMC10523602, PMC10604799, PMC10682137, PMC10731655, PMC11217565, PMC11344390, PMC11456876, PMC11506632, PMC11654009, PMC11765816, PMC11978159, PMC12038241, PMC12109992, PMC3184765, PMC3584459, PMC3722850, PMC3749798, PMC3854245, PMC4135228, PMC4190335, PMC4227236, PMC4491576, PMC4497709, PMC4578555, PMC4794180, PMC4981914, PMC5018325, PMC5151109, PMC5214565, PMC5399588, PMC5489417, PMC5570405, PMC5589808, PMC5769534, PMC5796442, PMC5832166, PMC6033301, PMC6066508, PMC6073246, PMC6108882, PMC6428815, PMC6429482, PMC6581741, PMC6868153, PMC7085835, PMC7462980, PMC7533455, PMC7541626, PMC7590053, PMC7673024, PMC7673321, PMC7730800, PMC7866227, PMC7876270, PMC8016856, PMC8080634, PMC8236553, PMC8262658, PMC8379477, PMC8444612, PMC8514386, PMC8665165, PMC8739256, PMC8806239, PMC9034958, PMC9202102, PMC9225241, PMC9645149, PMC9708540, PMC9740717, PMC9821315, PMC9847547, PMC9882893",61.82,60.82,57.1,60.0,1461,960,114,80,633,652,653,671,forward,reverse_complement,3,2,4,,"PMC10142914,PMC10212705,PMC10266046,PMC10478283,PMC10659042,PMC10800782,PMC10849785,PMC10929792,PMC10936096,PMC11001392,PMC11084186,PMC11330132,PMC11391719,PMC11562097,PMC11565289,PMC11590406,PMC11633500,PMC11896475,PMC11947814,PMC11977094,PMC12001474,PMC12024643,PMC12073084,PMC12074812,PMC3569421,PMC3880843,PMC4028224,PMC4203828,PMC4317596,PMC4375934,PMC4388628,PMC4738707,PMC4767937,PMC4773240,PMC4948698,PMC5030629,PMC5192052,PMC5239543,PMC5355733,PMC5548928,PMC5776773,PMC5951430,PMC5970187,PMC5996090,PMC6002551,PMC6029469,PMC6120750,PMC6134938,PMC6154708,PMC6241358,PMC6391470,PMC6410690,PMC6533502,PMC6561377,PMC6594288,PMC6811605,PMC6889321,PMC6916635,PMC6964093,PMC6996099,PMC7011343,PMC7012241,PMC7033235,PMC7073820,PMC7165343,PMC7193115,PMC7233608,PMC7435717,PMC7446217,PMC7488079,PMC7539105,PMC7576269,PMC7583167,PMC7609060,PMC7610338,PMC7645323,PMC7676202,PMC7694436,PMC7807199,PMC7811365,PMC7814734,PMC7893805,PMC7904523,PMC8040480,PMC8076414,PMC8097863,PMC8187992,PMC8261971,PMC8294092,PMC8309475,PMC8366957,PMC8381068,PMC8382950,PMC8441126,PMC8647299,PMC8665342,PMC8919664,PMC8962127,PMC8971384,PMC9080063,PMC9206573,PMC9236897,PMC9275886,PMC9320112,PMC9339598,PMC9561255,PMC9726269,PMC9782440,PMC9854827,PMC9856031,PMC9909214,PMC9925051,PMC9945756,PMC9991042","PMC10731655,PMC11978159,PMC8806239,PMC9034958,PMC9225241,PMC9740717","PMC10044883,PMC10045574,PMC10069154,PMC10074101,PMC10139012,PMC10167365,PMC10215148,PMC10523602,PMC10604799,PMC10682137,PMC11217565,PMC11344390,PMC11456876,PMC11506632,PMC11654009,PMC11765816,PMC12038241,PMC12109992,PMC3184765,PMC3584459,PMC3722850,PMC3749798,PMC3854245,PMC4135228,PMC4190335,PMC4227236,PMC4491576,PMC4497709,PMC4578555,PMC4794180,PMC4981914,PMC5018325,PMC5151109,PMC5214565,PMC5399588,PMC5489417,PMC5570405,PMC5589808,PMC5769534,PMC5796442,PMC5832166,PMC6033301,PMC6066508,PMC6073246,PMC6108882,PMC6428815,PMC6429482,PMC6581741,PMC6868153,PMC7085835,PMC7462980,PMC7533455,PMC7541626,PMC7590053,PMC7673024,PMC7673321,PMC7730800,PMC7866227,PMC7876270,PMC8016856,PMC8080634,PMC8236553,PMC8262658,PMC8379477,PMC8444612,PMC8514386,PMC8665165,PMC8739256,PMC9202102,PMC9645149,PMC9708540,PMC9821315,PMC9847547,PMC9882893",0,0,6,114,74,0.47294851914919184,0.8255555555555555,0.6666666666666667,61.74742595745959,
CTTTGTGTCCAAGCAGGAGGG,ACAAAGGCTGCACCTTTGCT,PMF1-BGLAP,PMF1-BGLAP,"Gene (13), BGLAP (8), OCN (8), Osteocalcin (4), GAPDH (2), OPN (2), human (2), 632 (1), Bglap (1), C-3 (1), CCC (1), CDK6 (1), COL1a1 (1), CYR61 (1), CircLPAR1 (1), Data (1), Direction (1), FGFR1 (1), H- (1), Human (1), LSD1 (1), NM_199173.6 (1), OC-R (1), OCN--R (1), OCN-Reverse (1), OSTEOCALCIN (1), Osteocalcin-R (1), P2RX4 (1), Runx2 (1), h-OCN (1), hsa-OCN-Reverse (1)","OCN (33), Osteocalcin (11), BGLAP (4), OSTEOCALCIN (3), NM_001199662.1 (2), hOCN (2), Bglap (1), Human (1), Murine (1), NM_199173 (1), OCN-F (1), OSX (1), OTC (1), Ocn (1), T-3 (1), The (1)",0.001,0.004,117,76,"PMC10142914, PMC10212705, PMC10266046, PMC10478283, PMC10659042, PMC10800782, PMC10849785, PMC10929792, PMC10936096, PMC11001392, PMC11084186, PMC11330132, PMC11391719, PMC11562097, PMC11565289, PMC11590406, PMC11633500, PMC11896475, PMC11947814, PMC11977094, PMC12001474, PMC12024643, PMC12073084, PMC12074812, PMC3569421, PMC3880843, PMC4028224, PMC4203828, PMC4317596, PMC4375934, PMC4388628, PMC4738707, PMC4767937, PMC4773240, PMC4948698, PMC5030629, PMC5192052, PMC5239543, PMC5355733, PMC5548928, PMC5776773, PMC5951430, PMC5970187, PMC5996090, PMC6002551, PMC6029469, PMC6120750, PMC6134938, PMC6154708, PMC6241358, PMC6391470, PMC6410690, PMC6533502, PMC6561377, PMC6594288, PMC6811605, PMC6889321, PMC6916635, PMC6964093, PMC6996099, PMC7011343, PMC7012241, PMC7033235, PMC7073820, PMC7165343, PMC7193115, PMC7233608, PMC7435717, PMC7446217, PMC7488079, PMC7539105, PMC7576269, PMC7583167, PMC7609060, PMC7610338, PMC7645323, PMC7676202, PMC7694436, PMC7807199, PMC7811365, PMC7814734, PMC7893805, PMC7904523, PMC8040480, PMC8076414, PMC8097863, PMC8187992, PMC8261971, PMC8294092, PMC8309475, PMC8366957, PMC8381068, PMC8382950, PMC8441126, PMC8647299, PMC8665342, PMC8919664, PMC8962127, PMC8971384, PMC9080063, PMC9206573, PMC9236897, PMC9275886, PMC9320112, PMC9339598, PMC9561255, PMC9726269, PMC9782440, PMC9854827, PMC9856031, PMC9909214, PMC9925051, PMC9945756, PMC9991042","PMC10068215, PMC10114309, PMC10136252, PMC10142416, PMC10425714, PMC10649997, PMC11269806, PMC11345904, PMC11678880, PMC2752141, PMC3540691, PMC3706769, PMC3871528, PMC3994545, PMC4017825, PMC4065368, PMC4090480, PMC4159424, PMC4285026, PMC4446088, PMC4564090, PMC5153594, PMC5153597, PMC5240222, PMC5314335, PMC5457736, PMC5484033, PMC5551874, PMC5557518, PMC5558561, PMC5845373, PMC5884793, PMC5938007, PMC6112657, PMC6115405, PMC6171664, PMC6199241, PMC6235898, PMC6372621, PMC6375160, PMC6444228, PMC6476152, PMC6507233, PMC6636314, PMC6798413, PMC6815369, PMC6817489, PMC7042551, PMC7072478, PMC7161540, PMC7169364, PMC7288803, PMC7329510, PMC7345324, PMC7346082, PMC7404054, PMC7472722, PMC7584591, PMC7684978, PMC7699612, PMC7791649, PMC7928941, PMC7933275, PMC8041482, PMC8371653, PMC8371914, PMC8380916, PMC8706974, PMC8977954, PMC9288680, PMC9375426, PMC9656268, PMC9699338, PMC9783915, PMC9851786",61.82,61.71,57.1,50.0,1461,1552,114,75,633,619,653,638,forward,reverse_complement,3,6,6,,"PMC10142914,PMC10212705,PMC10266046,PMC10478283,PMC10659042,PMC10800782,PMC10849785,PMC10929792,PMC10936096,PMC11001392,PMC11084186,PMC11330132,PMC11391719,PMC11562097,PMC11565289,PMC11590406,PMC11633500,PMC11896475,PMC11947814,PMC11977094,PMC12001474,PMC12024643,PMC12073084,PMC12074812,PMC3569421,PMC3880843,PMC4028224,PMC4203828,PMC4317596,PMC4375934,PMC4388628,PMC4738707,PMC4767937,PMC4773240,PMC4948698,PMC5030629,PMC5192052,PMC5239543,PMC5355733,PMC5548928,PMC5776773,PMC5951430,PMC5970187,PMC5996090,PMC6002551,PMC6029469,PMC6120750,PMC6134938,PMC6154708,PMC6241358,PMC6391470,PMC6410690,PMC6533502,PMC6561377,PMC6594288,PMC6811605,PMC6889321,PMC6916635,PMC6964093,PMC6996099,PMC7011343,PMC7012241,PMC7033235,PMC7073820,PMC7165343,PMC7193115,PMC7233608,PMC7435717,PMC7446217,PMC7488079,PMC7539105,PMC7576269,PMC7583167,PMC7609060,PMC7610338,PMC7645323,PMC7676202,PMC7694436,PMC7807199,PMC7811365,PMC7814734,PMC7893805,PMC7904523,PMC8040480,PMC8076414,PMC8097863,PMC8187992,PMC8261971,PMC8294092,PMC8309475,PMC8366957,PMC8381068,PMC8382950,PMC8441126,PMC8647299,PMC8665342,PMC8919664,PMC8962127,PMC8971384,PMC9080063,PMC9206573,PMC9236897,PMC9275886,PMC9320112,PMC9339598,PMC9561255,PMC9726269,PMC9782440,PMC9854827,PMC9856031,PMC9909214,PMC9925051,PMC9945756,PMC9991042",,"PMC10068215,PMC10114309,PMC10136252,PMC10142416,PMC10425714,PMC10649997,PMC11269806,PMC11345904,PMC11678880,PMC2752141,PMC3540691,PMC3706769,PMC3871528,PMC3994545,PMC4017825,PMC4065368,PMC4090480,PMC4159424,PMC4285026,PMC4446088,PMC4564090,PMC5153594,PMC5153597,PMC5240222,PMC5314335,PMC5457736,PMC5484033,PMC5551874,PMC5557518,PMC5558561,PMC5845373,PMC5884793,PMC5938007,PMC6112657,PMC6115405,PMC6171664,PMC6199241,PMC6235898,PMC6372621,PMC6375160,PMC6444228,PMC6476152,PMC6507233,PMC6636314,PMC6798413,PMC6815369,PMC6817489,PMC7042551,PMC7072478,PMC7161540,PMC7169364,PMC7288803,PMC7329510,PMC7345324,PMC7346082,PMC7404054,PMC7472722,PMC7584591,PMC7684978,PMC7699612,PMC7791649,PMC7928941,PMC7933275,PMC8041482,PMC8371653,PMC8371914,PMC8380916,PMC8706974,PMC8977954,PMC9288680,PMC9375426,PMC9656268,PMC9699338,PMC9783915,PMC9851786",0,0,0,114,75,0.0,0.0,0.0,0.0,
CTTTGTGTCCAAGCAGGAGGG,CGCCTGGGTCTCTTCACTAC,PMF1-BGLAP,PMF1-BGLAP,"Gene (13), BGLAP (8), OCN (8), Osteocalcin (4), GAPDH (2), OPN (2), human (2), 632 (1), Bglap (1), C-3 (1), CCC (1), CDK6 (1), COL1a1 (1), CYR61 (1), CircLPAR1 (1), Data (1), Direction (1), FGFR1 (1), H- (1), Human (1), LSD1 (1), NM_199173.6 (1), OC-R (1), OCN--R (1), OCN-Reverse (1), OSTEOCALCIN (1), Osteocalcin-R (1), P2RX4 (1), Runx2 (1), h-OCN (1), hsa-OCN-Reverse (1)","Osteocalcin (5), RUNX2 (3), BGLAP (2), Bglap (2), Gene (2), Genes (2), Human (2), OC (2), OCN (2), C-3 (1), GAPDH (1), OCN-F (1), Osteogenic (1), Target (1)",0.001,0.004,117,45,"PMC10142914, PMC10212705, PMC10266046, PMC10478283, PMC10659042, PMC10800782, PMC10849785, PMC10929792, PMC10936096, PMC11001392, PMC11084186, PMC11330132, PMC11391719, PMC11562097, PMC11565289, PMC11590406, PMC11633500, PMC11896475, PMC11947814, PMC11977094, PMC12001474, PMC12024643, PMC12073084, PMC12074812, PMC3569421, PMC3880843, PMC4028224, PMC4203828, PMC4317596, PMC4375934, PMC4388628, PMC4738707, PMC4767937, PMC4773240, PMC4948698, PMC5030629, PMC5192052, PMC5239543, PMC5355733, PMC5548928, PMC5776773, PMC5951430, PMC5970187, PMC5996090, PMC6002551, PMC6029469, PMC6120750, PMC6134938, PMC6154708, PMC6241358, PMC6391470, PMC6410690, PMC6533502, PMC6561377, PMC6594288, PMC6811605, PMC6889321, PMC6916635, PMC6964093, PMC6996099, PMC7011343, PMC7012241, PMC7033235, PMC7073820, PMC7165343, PMC7193115, PMC7233608, PMC7435717, PMC7446217, PMC7488079, PMC7539105, PMC7576269, PMC7583167, PMC7609060, PMC7610338, PMC7645323, PMC7676202, PMC7694436, PMC7807199, PMC7811365, PMC7814734, PMC7893805, PMC7904523, PMC8040480, PMC8076414, PMC8097863, PMC8187992, PMC8261971, PMC8294092, PMC8309475, PMC8366957, PMC8381068, PMC8382950, PMC8441126, PMC8647299, PMC8665342, PMC8919664, PMC8962127, PMC8971384, PMC9080063, PMC9206573, PMC9236897, PMC9275886, PMC9320112, PMC9339598, PMC9561255, PMC9726269, PMC9782440, PMC9854827, PMC9856031, PMC9909214, PMC9925051, PMC9945756, PMC9991042","PMC10142914, PMC10815924, PMC10953090, PMC11071322, PMC11251957, PMC11413851, PMC11468810, PMC11523078, PMC11657990, PMC11895669, PMC11941504, PMC11941925, PMC12104865, PMC2212719, PMC2582889, PMC4055128, PMC4223691, PMC4718960, PMC4790631, PMC5003369, PMC5122164, PMC5292195, PMC5987610, PMC6009779, PMC6124053, PMC6145055, PMC6202397, PMC6525797, PMC6776644, PMC6833923, PMC6883626, PMC7023766, PMC7285613, PMC7351982, PMC7500044, PMC7503232, PMC7644787, PMC7884435, PMC8057913, PMC8170469, PMC8312462, PMC9014318, PMC9337630, PMC9500064, PMC9676210",61.82,60.47,57.1,60.0,1461,1049,114,45,633,661,653,680,forward,reverse_complement,3,2,4,,"PMC10142914,PMC10212705,PMC10266046,PMC10478283,PMC10659042,PMC10800782,PMC10849785,PMC10929792,PMC10936096,PMC11001392,PMC11084186,PMC11330132,PMC11391719,PMC11562097,PMC11565289,PMC11590406,PMC11633500,PMC11896475,PMC11947814,PMC11977094,PMC12001474,PMC12024643,PMC12073084,PMC12074812,PMC3569421,PMC3880843,PMC4028224,PMC4203828,PMC4317596,PMC4375934,PMC4388628,PMC4738707,PMC4767937,PMC4773240,PMC4948698,PMC5030629,PMC5192052,PMC5239543,PMC5355733,PMC5548928,PMC5776773,PMC5951430,PMC5970187,PMC5996090,PMC6002551,PMC6029469,PMC6120750,PMC6134938,PMC6154708,PMC6241358,PMC6391470,PMC6410690,PMC6533502,PMC6561377,PMC6594288,PMC6811605,PMC6889321,PMC6916635,PMC6964093,PMC6996099,PMC7011343,PMC7012241,PMC7033235,PMC7073820,PMC7165343,PMC7193115,PMC7233608,PMC7435717,PMC7446217,PMC7488079,PMC7539105,PMC7576269,PMC7583167,PMC7609060,PMC7610338,PMC7645323,PMC7676202,PMC7694436,PMC7807199,PMC7811365,PMC7814734,PMC7893805,PMC7904523,PMC8040480,PMC8076414,PMC8097863,PMC8187992,PMC8261971,PMC8294092,PMC8309475,PMC8366957,PMC8381068,PMC8382950,PMC8441126,PMC8647299,PMC8665342,PMC8919664,PMC8962127,PMC8971384,PMC9080063,PMC9206573,PMC9236897,PMC9275886,PMC9320112,PMC9339598,PMC9561255,PMC9726269,PMC9782440,PMC9854827,PMC9856031,PMC9909214,PMC9925051,PMC9945756,PMC9991042","PMC10142914,PMC10815924,PMC10953090,PMC11071322,PMC11251957,PMC11413851,PMC11468810,PMC11523078,PMC11657990,PMC11895669,PMC11941504,PMC11941925,PMC12104865,PMC2582889,PMC4055128,PMC4223691,PMC4718960,PMC4790631,PMC5003369,PMC5122164,PMC5987610,PMC6009779,PMC6124053,PMC6145055,PMC6202397,PMC6525797,PMC6776644,PMC6833923,PMC6883626,PMC7023766,PMC7285613,PMC7351982,PMC7500044,PMC7503232,PMC7644787,PMC7884435,PMC8057913,PMC8170469,PMC8312462,PMC9014318,PMC9337630,PMC9500064,PMC9676210","PMC2212719,PMC5292195",0,0,43,114,2,0.5497738044242166,0.8416666666666666,0.5499999999999996,63.73869022121082,
CTTTGTGTCCAAGCAGGAGGG,GTGGTCAGCCAACTCGTCA,PMF1-BGLAP,PMF1-BGLAP,"Gene (13), BGLAP (8), OCN (8), Osteocalcin (4), GAPDH (2), OPN (2), human (2), 632 (1), Bglap (1), C-3 (1), CCC (1), CDK6 (1), COL1a1 (1), CYR61 (1), CircLPAR1 (1), Data (1), Direction (1), FGFR1 (1), H- (1), Human (1), LSD1 (1), NM_199173.6 (1), OC-R (1), OCN--R (1), OCN-Reverse (1), OSTEOCALCIN (1), Osteocalcin-R (1), P2RX4 (1), Runx2 (1), h-OCN (1), hsa-OCN-Reverse (1)","BGLAP (5), hsa-OCN-reverse (3), Gene (2), 5BGLAP (1), BGLAP-Reverse (1), COL1a1 (1), Direction (1), NM_001173531.1 (1), OCN (1), OCT4 (1), OSC (1), Orientation (1), Osteocalcin (1), Osterix (1), Target (1)",0.001,0.011,117,38,"PMC10142914, PMC10212705, PMC10266046, PMC10478283, PMC10659042, PMC10800782, PMC10849785, PMC10929792, PMC10936096, PMC11001392, PMC11084186, PMC11330132, PMC11391719, PMC11562097, PMC11565289, PMC11590406, PMC11633500, PMC11896475, PMC11947814, PMC11977094, PMC12001474, PMC12024643, PMC12073084, PMC12074812, PMC3569421, PMC3880843, PMC4028224, PMC4203828, PMC4317596, PMC4375934, PMC4388628, PMC4738707, PMC4767937, PMC4773240, PMC4948698, PMC5030629, PMC5192052, PMC5239543, PMC5355733, PMC5548928, PMC5776773, PMC5951430, PMC5970187, PMC5996090, PMC6002551, PMC6029469, PMC6120750, PMC6134938, PMC6154708, PMC6241358, PMC6391470, PMC6410690, PMC6533502, PMC6561377, PMC6594288, PMC6811605, PMC6889321, PMC6916635, PMC6964093, PMC6996099, PMC7011343, PMC7012241, PMC7033235, PMC7073820, PMC7165343, PMC7193115, PMC7233608, PMC7435717, PMC7446217, PMC7488079, PMC7539105, PMC7576269, PMC7583167, PMC7609060, PMC7610338, PMC7645323, PMC7676202, PMC7694436, PMC7807199, PMC7811365, PMC7814734, PMC7893805, PMC7904523, PMC8040480, PMC8076414, PMC8097863, PMC8187992, PMC8261971, PMC8294092, PMC8309475, PMC8366957, PMC8381068, PMC8382950, PMC8441126, PMC8647299, PMC8665342, PMC8919664, PMC8962127, PMC8971384, PMC9080063, PMC9206573, PMC9236897, PMC9275886, PMC9320112, PMC9339598, PMC9561255, PMC9726269, PMC9782440, PMC9854827, PMC9856031, PMC9909214, PMC9925051, PMC9945756, PMC9991042","PMC10441659, PMC10444653, PMC10643473, PMC11301355, PMC11332729, PMC11488691, PMC11818253, PMC11892751, PMC11944977, PMC12087957, PMC4329829, PMC4879177, PMC4886818, PMC5057179, PMC5164906, PMC5583332, PMC5780081, PMC5800449, PMC6265790, PMC6383392, PMC6685704, PMC6861671, PMC6920280, PMC7475978, PMC7920808, PMC8670285, PMC8722308, PMC8818240, PMC9175016, PMC9233575, PMC9354009, PMC9355958, PMC9477632, PMC9564153, PMC9570360, PMC9843530",61.82,60.58,57.1,57.9,1461,710,114,36,633,768,653,786,forward,reverse_complement,3,3,3,,"PMC10142914,PMC10212705,PMC10266046,PMC10478283,PMC10659042,PMC10800782,PMC10849785,PMC10929792,PMC10936096,PMC11001392,PMC11084186,PMC11330132,PMC11391719,PMC11562097,PMC11565289,PMC11590406,PMC11633500,PMC11896475,PMC11947814,PMC11977094,PMC12001474,PMC12024643,PMC12073084,PMC12074812,PMC3569421,PMC3880843,PMC4028224,PMC4203828,PMC4317596,PMC4375934,PMC4388628,PMC4738707,PMC4767937,PMC4773240,PMC4948698,PMC5030629,PMC5192052,PMC5239543,PMC5355733,PMC5548928,PMC5776773,PMC5951430,PMC5970187,PMC5996090,PMC6002551,PMC6029469,PMC6120750,PMC6134938,PMC6154708,PMC6241358,PMC6391470,PMC6410690,PMC6533502,PMC6561377,PMC6594288,PMC6811605,PMC6889321,PMC6916635,PMC6964093,PMC6996099,PMC7011343,PMC7012241,PMC7033235,PMC7073820,PMC7165343,PMC7193115,PMC7233608,PMC7435717,PMC7446217,PMC7488079,PMC7539105,PMC7576269,PMC7583167,PMC7609060,PMC7610338,PMC7645323,PMC7676202,PMC7694436,PMC7807199,PMC7811365,PMC7814734,PMC7893805,PMC7904523,PMC8040480,PMC8076414,PMC8097863,PMC8187992,PMC8261971,PMC8294092,PMC8309475,PMC8366957,PMC8381068,PMC8382950,PMC8441126,PMC8647299,PMC8665342,PMC8919664,PMC8962127,PMC8971384,PMC9080063,PMC9206573,PMC9236897,PMC9275886,PMC9320112,PMC9339598,PMC9561255,PMC9726269,PMC9782440,PMC9854827,PMC9856031,PMC9909214,PMC9925051,PMC9945756,PMC9991042","PMC10441659,PMC10444653,PMC10643473,PMC11301355,PMC11332729,PMC11488691,PMC11818253,PMC11892751,PMC11944977,PMC12087957,PMC4329829,PMC4879177,PMC4886818,PMC5057179,PMC5164906,PMC5583332,PMC5780081,PMC5800449,PMC6265790,PMC6383392,PMC6685704,PMC6861671,PMC6920280,PMC7475978,PMC7920808,PMC8670285,PMC8722308,PMC8818240,PMC9175016,PMC9233575,PMC9354009,PMC9355958,PMC9477632,PMC9564153,PMC9570360,PMC9843530",,0,0,36,114,0,0.5316319943887773,0.838888888888889,0.586666666666666,63.481599719438854,
CTTTGTGTCCAAGCAGGAGGG,GCCGTAGAAGCGCCGATAGGC,PMF1-BGLAP,PMF1-BGLAP,"Gene (13), BGLAP (8), OCN (8), Osteocalcin (4), GAPDH (2), OPN (2), human (2), 632 (1), Bglap (1), C-3 (1), CCC (1), CDK6 (1), COL1a1 (1), CYR61 (1), CircLPAR1 (1), Data (1), Direction (1), FGFR1 (1), H- (1), Human (1), LSD1 (1), NM_199173.6 (1), OC-R (1), OCN--R (1), OCN-Reverse (1), OSTEOCALCIN (1), Osteocalcin-R (1), P2RX4 (1), Runx2 (1), h-OCN (1), hsa-OCN-Reverse (1)","Osteocalcin (7), GAPDH (2), BGLAP (1), Col-1 (1), Gene (1), Glyceraldehyde-3 (1), OC (1), OC-R (1)",0.001,0.001,117,36,"PMC10142914, PMC10212705, PMC10266046, PMC10478283, PMC10659042, PMC10800782, PMC10849785, PMC10929792, PMC10936096, PMC11001392, PMC11084186, PMC11330132, PMC11391719, PMC11562097, PMC11565289, PMC11590406, PMC11633500, PMC11896475, PMC11947814, PMC11977094, PMC12001474, PMC12024643, PMC12073084, PMC12074812, PMC3569421, PMC3880843, PMC4028224, PMC4203828, PMC4317596, PMC4375934, PMC4388628, PMC4738707, PMC4767937, PMC4773240, PMC4948698, PMC5030629, PMC5192052, PMC5239543, PMC5355733, PMC5548928, PMC5776773, PMC5951430, PMC5970187, PMC5996090, PMC6002551, PMC6029469, PMC6120750, PMC6134938, PMC6154708, PMC6241358, PMC6391470, PMC6410690, PMC6533502, PMC6561377, PMC6594288, PMC6811605, PMC6889321, PMC6916635, PMC6964093, PMC6996099, PMC7011343, PMC7012241, PMC7033235, PMC7073820, PMC7165343, PMC7193115, PMC7233608, PMC7435717, PMC7446217, PMC7488079, PMC7539105, PMC7576269, PMC7583167, PMC7609060, PMC7610338, PMC7645323, PMC7676202, PMC7694436, PMC7807199, PMC7811365, PMC7814734, PMC7893805, PMC7904523, PMC8040480, PMC8076414, PMC8097863, PMC8187992, PMC8261971, PMC8294092, PMC8309475, PMC8366957, PMC8381068, PMC8382950, PMC8441126, PMC8647299, PMC8665342, PMC8919664, PMC8962127, PMC8971384, PMC9080063, PMC9206573, PMC9236897, PMC9275886, PMC9320112, PMC9339598, PMC9561255, PMC9726269, PMC9782440, PMC9854827, PMC9856031, PMC9909214, PMC9925051, PMC9945756, PMC9991042","PMC10621931, PMC1079906, PMC11986050, PMC1794501, PMC2575631, PMC2950392, PMC3252365, PMC3353470, PMC3365132, PMC3430211, PMC3580562, PMC3613821, PMC3903490, PMC4055077, PMC4247692, PMC4369894, PMC4450897, PMC4516509, PMC4538412, PMC4729148, PMC4730281, PMC5055347, PMC5460492, PMC5531028, PMC5552222, PMC5615990, PMC5647033, PMC5811493, PMC5895002, PMC6058739, PMC6579983, PMC6720366, PMC7086144, PMC9147460",61.82,66.41,57.1,66.7,1461,539,114,34,633,802,653,822,forward,reverse_complement,3,4,3,,"PMC10142914,PMC10212705,PMC10266046,PMC10478283,PMC10659042,PMC10800782,PMC10849785,PMC10929792,PMC10936096,PMC11001392,PMC11084186,PMC11330132,PMC11391719,PMC11562097,PMC11565289,PMC11590406,PMC11633500,PMC11896475,PMC11947814,PMC11977094,PMC12001474,PMC12024643,PMC12073084,PMC12074812,PMC3569421,PMC3880843,PMC4028224,PMC4203828,PMC4317596,PMC4375934,PMC4388628,PMC4738707,PMC4767937,PMC4773240,PMC4948698,PMC5030629,PMC5192052,PMC5239543,PMC5355733,PMC5548928,PMC5776773,PMC5951430,PMC5970187,PMC5996090,PMC6002551,PMC6029469,PMC6120750,PMC6134938,PMC6154708,PMC6241358,PMC6391470,PMC6410690,PMC6533502,PMC6561377,PMC6594288,PMC6811605,PMC6889321,PMC6916635,PMC6964093,PMC6996099,PMC7011343,PMC7012241,PMC7033235,PMC7073820,PMC7165343,PMC7193115,PMC7233608,PMC7435717,PMC7446217,PMC7488079,PMC7539105,PMC7576269,PMC7583167,PMC7609060,PMC7610338,PMC7645323,PMC7676202,PMC7694436,PMC7807199,PMC7811365,PMC7814734,PMC7893805,PMC7904523,PMC8040480,PMC8076414,PMC8097863,PMC8187992,PMC8261971,PMC8294092,PMC8309475,PMC8366957,PMC8381068,PMC8382950,PMC8441126,PMC8647299,PMC8665342,PMC8919664,PMC8962127,PMC8971384,PMC9080063,PMC9206573,PMC9236897,PMC9275886,PMC9320112,PMC9339598,PMC9561255,PMC9726269,PMC9782440,PMC9854827,PMC9856031,PMC9909214,PMC9925051,PMC9945756,PMC9991042","PMC10621931,PMC1079906,PMC11986050,PMC1794501,PMC2575631,PMC2950392,PMC3252365,PMC3353470,PMC3365132,PMC3430211,PMC3580562,PMC3613821,PMC3903490,PMC4055077,PMC4247692,PMC4369894,PMC4450897,PMC4516509,PMC4538412,PMC4729148,PMC4730281,PMC5055347,PMC5460492,PMC5531028,PMC5552222,PMC5615990,PMC5647033,PMC5811493,PMC5895002,PMC6058739,PMC6579983,PMC6720366,PMC7086144,PMC9147460",,0,0,34,114,0,0.5263870542517911,0.6347916666666666,0.0,45.36310271258955,
CTTTGTGTCCAAGCAGGAGGG,CCAGCCATTGATACAGGTAGCG,PMF1-BGLAP,PMF1-BGLAP,"Gene (13), BGLAP (8), OCN (8), Osteocalcin (4), GAPDH (2), OPN (2), human (2), 632 (1), Bglap (1), C-3 (1), CCC (1), CDK6 (1), COL1a1 (1), CYR61 (1), CircLPAR1 (1), Data (1), Direction (1), FGFR1 (1), H- (1), Human (1), LSD1 (1), NM_199173.6 (1), OC-R (1), OCN--R (1), OCN-Reverse (1), OSTEOCALCIN (1), Osteocalcin-R (1), P2RX4 (1), Runx2 (1), h-OCN (1), hsa-OCN-Reverse (1)","OCN (8), BGLAP (5), Osteocalcin (4), A-3 (1), BGLAP-F (1), Bglap (1), Human (1), NM_199173 (1), Oct (1), Osteocalin-Forward (1), hOCN-F (1)",0.001,0.000345,117,33,"PMC10142914, PMC10212705, PMC10266046, PMC10478283, PMC10659042, PMC10800782, PMC10849785, PMC10929792, PMC10936096, PMC11001392, PMC11084186, PMC11330132, PMC11391719, PMC11562097, PMC11565289, PMC11590406, PMC11633500, PMC11896475, PMC11947814, PMC11977094, PMC12001474, PMC12024643, PMC12073084, PMC12074812, PMC3569421, PMC3880843, PMC4028224, PMC4203828, PMC4317596, PMC4375934, PMC4388628, PMC4738707, PMC4767937, PMC4773240, PMC4948698, PMC5030629, PMC5192052, PMC5239543, PMC5355733, PMC5548928, PMC5776773, PMC5951430, PMC5970187, PMC5996090, PMC6002551, PMC6029469, PMC6120750, PMC6134938, PMC6154708, PMC6241358, PMC6391470, PMC6410690, PMC6533502, PMC6561377, PMC6594288, PMC6811605, PMC6889321, PMC6916635, PMC6964093, PMC6996099, PMC7011343, PMC7012241, PMC7033235, PMC7073820, PMC7165343, PMC7193115, PMC7233608, PMC7435717, PMC7446217, PMC7488079, PMC7539105, PMC7576269, PMC7583167, PMC7609060, PMC7610338, PMC7645323, PMC7676202, PMC7694436, PMC7807199, PMC7811365, PMC7814734, PMC7893805, PMC7904523, PMC8040480, PMC8076414, PMC8097863, PMC8187992, PMC8261971, PMC8294092, PMC8309475, PMC8366957, PMC8381068, PMC8382950, PMC8441126, PMC8647299, PMC8665342, PMC8919664, PMC8962127, PMC8971384, PMC9080063, PMC9206573, PMC9236897, PMC9275886, PMC9320112, PMC9339598, PMC9561255, PMC9726269, PMC9782440, PMC9854827, PMC9856031, PMC9909214, PMC9925051, PMC9945756, PMC9991042","PMC10222618, PMC10387216, PMC10407617, PMC10454939, PMC10779481, PMC10809007, PMC10903013, PMC11118509, PMC11129143, PMC11197745, PMC11330066, PMC11361852, PMC11439940, PMC11561506, PMC11744864, PMC11755084, PMC11817755, PMC11867901, PMC12085028, PMC3788782, PMC6151224, PMC7300400, PMC7504673, PMC7746460, PMC7817818, PMC7885459, PMC7893692, PMC8411547, PMC8806437, PMC8963903, PMC9358836, PMC9750767, PMC9953662",61.82,61.78,57.1,54.5,1461,158,114,33,633,679,653,700,forward,reverse_complement,3,3,3,,"PMC10142914,PMC10212705,PMC10266046,PMC10478283,PMC10659042,PMC10800782,PMC10849785,PMC10929792,PMC10936096,PMC11001392,PMC11084186,PMC11330132,PMC11391719,PMC11562097,PMC11565289,PMC11590406,PMC11633500,PMC11896475,PMC11947814,PMC11977094,PMC12001474,PMC12024643,PMC12073084,PMC12074812,PMC3569421,PMC3880843,PMC4028224,PMC4203828,PMC4317596,PMC4375934,PMC4388628,PMC4738707,PMC4767937,PMC4773240,PMC4948698,PMC5030629,PMC5192052,PMC5239543,PMC5355733,PMC5548928,PMC5776773,PMC5951430,PMC5970187,PMC5996090,PMC6002551,PMC6029469,PMC6120750,PMC6134938,PMC6154708,PMC6241358,PMC6391470,PMC6410690,PMC6533502,PMC6561377,PMC6594288,PMC6811605,PMC6889321,PMC6916635,PMC6964093,PMC6996099,PMC7011343,PMC7012241,PMC7033235,PMC7073820,PMC7165343,PMC7193115,PMC7233608,PMC7435717,PMC7446217,PMC7488079,PMC7539105,PMC7576269,PMC7583167,PMC7609060,PMC7610338,PMC7645323,PMC7676202,PMC7694436,PMC7807199,PMC7811365,PMC7814734,PMC7893805,PMC7904523,PMC8040480,PMC8076414,PMC8097863,PMC8187992,PMC8261971,PMC8294092,PMC8309475,PMC8366957,PMC8381068,PMC8382950,PMC8441126,PMC8647299,PMC8665342,PMC8919664,PMC8962127,PMC8971384,PMC9080063,PMC9206573,PMC9236897,PMC9275886,PMC9320112,PMC9339598,PMC9561255,PMC9726269,PMC9782440,PMC9854827,PMC9856031,PMC9909214,PMC9925051,PMC9945756,PMC9991042",,"PMC10222618,PMC10387216,PMC10407617,PMC10454939,PMC10779481,PMC10809007,PMC10903013,PMC11118509,PMC11129143,PMC11197745,PMC11330066,PMC11361852,PMC11439940,PMC11561506,PMC11744864,PMC11755084,PMC11817755,PMC11867901,PMC12085028,PMC3788782,PMC6151224,PMC7300400,PMC7504673,PMC7746460,PMC7817818,PMC7885459,PMC7893692,PMC8411547,PMC8806437,PMC8963903,PMC9358836,PMC9750767,PMC9953662",0,0,0,114,33,0.3326289505272009,0.8138888888888889,0.9866666666666669,60.78144752636005,
CTTTGTGTCCAAGCAGGAGGG,CACTACCTCGCTGCCCTCC,PMF1-BGLAP,PMF1-BGLAP,"Gene (13), BGLAP (8), OCN (8), Osteocalcin (4), GAPDH (2), OPN (2), human (2), 632 (1), Bglap (1), C-3 (1), CCC (1), CDK6 (1), COL1a1 (1), CYR61 (1), CircLPAR1 (1), Data (1), Direction (1), FGFR1 (1), H- (1), Human (1), LSD1 (1), NM_199173.6 (1), OC-R (1), OCN--R (1), OCN-Reverse (1), OSTEOCALCIN (1), Osteocalcin-R (1), P2RX4 (1), Runx2 (1), h-OCN (1), hsa-OCN-Reverse (1)","Osteocalcin (7), BGLAP (4), Gene (2), BGLAP/PB-OST (1), Bglap (1), COL1A1 (1), GENE/NCBI (1), IBSP (1), NM_199173.6 (1), OCN (1), OCN-R (1), OSX (1), Wnt3a (1)",0.001,0.011,117,35,"PMC10142914, PMC10212705, PMC10266046, PMC10478283, PMC10659042, PMC10800782, PMC10849785, PMC10929792, PMC10936096, PMC11001392, PMC11084186, PMC11330132, PMC11391719, PMC11562097, PMC11565289, PMC11590406, PMC11633500, PMC11896475, PMC11947814, PMC11977094, PMC12001474, PMC12024643, PMC12073084, PMC12074812, PMC3569421, PMC3880843, PMC4028224, PMC4203828, PMC4317596, PMC4375934, PMC4388628, PMC4738707, PMC4767937, PMC4773240, PMC4948698, PMC5030629, PMC5192052, PMC5239543, PMC5355733, PMC5548928, PMC5776773, PMC5951430, PMC5970187, PMC5996090, PMC6002551, PMC6029469, PMC6120750, PMC6134938, PMC6154708, PMC6241358, PMC6391470, PMC6410690, PMC6533502, PMC6561377, PMC6594288, PMC6811605, PMC6889321, PMC6916635, PMC6964093, PMC6996099, PMC7011343, PMC7012241, PMC7033235, PMC7073820, PMC7165343, PMC7193115, PMC7233608, PMC7435717, PMC7446217, PMC7488079, PMC7539105, PMC7576269, PMC7583167, PMC7609060, PMC7610338, PMC7645323, PMC7676202, PMC7694436, PMC7807199, PMC7811365, PMC7814734, PMC7893805, PMC7904523, PMC8040480, PMC8076414, PMC8097863, PMC8187992, PMC8261971, PMC8294092, PMC8309475, PMC8366957, PMC8381068, PMC8382950, PMC8441126, PMC8647299, PMC8665342, PMC8919664, PMC8962127, PMC8971384, PMC9080063, PMC9206573, PMC9236897, PMC9275886, PMC9320112, PMC9339598, PMC9561255, PMC9726269, PMC9782440, PMC9854827, PMC9856031, PMC9909214, PMC9925051, PMC9945756, PMC9991042","PMC10039520, PMC10413082, PMC10905591, PMC11057131, PMC1808058, PMC2936347, PMC3111432, PMC3488317, PMC3594746, PMC3598946, PMC3965505, PMC4076233, PMC4447443, PMC4550660, PMC4682290, PMC4917651, PMC5293776, PMC5364878, PMC545655, PMC5609535, PMC6481719, PMC6682326, PMC7239921, PMC7389809, PMC7666130, PMC7947597, PMC8120848, PMC8290398, PMC8426510, PMC8756236, PMC8882829, PMC9130678, PMC9911595",61.82,62.73,57.1,68.4,1461,443,114,33,633,648,653,666,forward,reverse_complement,3,2,6,,"PMC10142914,PMC10212705,PMC10266046,PMC10478283,PMC10659042,PMC10800782,PMC10849785,PMC10929792,PMC10936096,PMC11001392,PMC11084186,PMC11330132,PMC11391719,PMC11562097,PMC11565289,PMC11590406,PMC11633500,PMC11896475,PMC11947814,PMC11977094,PMC12001474,PMC12024643,PMC12073084,PMC12074812,PMC3569421,PMC3880843,PMC4028224,PMC4203828,PMC4317596,PMC4375934,PMC4388628,PMC4738707,PMC4767937,PMC4773240,PMC4948698,PMC5030629,PMC5192052,PMC5239543,PMC5355733,PMC5548928,PMC5776773,PMC5951430,PMC5970187,PMC5996090,PMC6002551,PMC6029469,PMC6120750,PMC6134938,PMC6154708,PMC6241358,PMC6391470,PMC6410690,PMC6533502,PMC6561377,PMC6594288,PMC6811605,PMC6889321,PMC6916635,PMC6964093,PMC6996099,PMC7011343,PMC7012241,PMC7033235,PMC7073820,PMC7165343,PMC7193115,PMC7233608,PMC7435717,PMC7446217,PMC7488079,PMC7539105,PMC7576269,PMC7583167,PMC7609060,PMC7610338,PMC7645323,PMC7676202,PMC7694436,PMC7807199,PMC7811365,PMC7814734,PMC7893805,PMC7904523,PMC8040480,PMC8076414,PMC8097863,PMC8187992,PMC8261971,PMC8294092,PMC8309475,PMC8366957,PMC8381068,PMC8382950,PMC8441126,PMC8647299,PMC8665342,PMC8919664,PMC8962127,PMC8971384,PMC9080063,PMC9206573,PMC9236897,PMC9275886,PMC9320112,PMC9339598,PMC9561255,PMC9726269,PMC9782440,PMC9854827,PMC9856031,PMC9909214,PMC9925051,PMC9945756,PMC9991042","PMC10039520,PMC10413082,PMC10905591,PMC11057131,PMC1808058,PMC2936347,PMC3111432,PMC3488317,PMC3594746,PMC3598946,PMC3965505,PMC4076233,PMC4447443,PMC4550660,PMC4682290,PMC4917651,PMC5293776,PMC5364878,PMC545655,PMC5609535,PMC6481719,PMC6682326,PMC7239921,PMC7389809,PMC7666130,PMC7947597,PMC8120848,PMC8290398,PMC8426510,PMC8756236,PMC8882829,PMC9130678,PMC9911595",,0,0,33,114,0,0.0,0.0,0.0,0.0,
CTTTGTGTCCAAGCAGGAGGG,CTCCTGAAAGCCGATGTGGTCA,PMF1-BGLAP,PMF1-BGLAP,"Gene (13), BGLAP (8), OCN (8), Osteocalcin (4), GAPDH (2), OPN (2), human (2), 632 (1), Bglap (1), C-3 (1), CCC (1), CDK6 (1), COL1a1 (1), CYR61 (1), CircLPAR1 (1), Data (1), Direction (1), FGFR1 (1), H- (1), Human (1), LSD1 (1), NM_199173.6 (1), OC-R (1), OCN--R (1), OCN-Reverse (1), OSTEOCALCIN (1), Osteocalcin-R (1), P2RX4 (1), Runx2 (1), h-OCN (1), hsa-OCN-Reverse (1)","BGLAP (4), Osteocalcin (3), Direction (2), ALPL (1), BGLAP-R (1), Bglap (1), Bglap2 (1), DSPP (1), Gene (1), OC (1), OCN (1), Osteocalin-Reverse (1), VEGF (1), hOCN-R (1)",0.001,0.000345,117,32,"PMC10142914, PMC10212705, PMC10266046, PMC10478283, PMC10659042, PMC10800782, PMC10849785, PMC10929792, PMC10936096, PMC11001392, PMC11084186, PMC11330132, PMC11391719, PMC11562097, PMC11565289, PMC11590406, PMC11633500, PMC11896475, PMC11947814, PMC11977094, PMC12001474, PMC12024643, PMC12073084, PMC12074812, PMC3569421, PMC3880843, PMC4028224, PMC4203828, PMC4317596, PMC4375934, PMC4388628, PMC4738707, PMC4767937, PMC4773240, PMC4948698, PMC5030629, PMC5192052, PMC5239543, PMC5355733, PMC5548928, PMC5776773, PMC5951430, PMC5970187, PMC5996090, PMC6002551, PMC6029469, PMC6120750, PMC6134938, PMC6154708, PMC6241358, PMC6391470, PMC6410690, PMC6533502, PMC6561377, PMC6594288, PMC6811605, PMC6889321, PMC6916635, PMC6964093, PMC6996099, PMC7011343, PMC7012241, PMC7033235, PMC7073820, PMC7165343, PMC7193115, PMC7233608, PMC7435717, PMC7446217, PMC7488079, PMC7539105, PMC7576269, PMC7583167, PMC7609060, PMC7610338, PMC7645323, PMC7676202, PMC7694436, PMC7807199, PMC7811365, PMC7814734, PMC7893805, PMC7904523, PMC8040480, PMC8076414, PMC8097863, PMC8187992, PMC8261971, PMC8294092, PMC8309475, PMC8366957, PMC8381068, PMC8382950, PMC8441126, PMC8647299, PMC8665342, PMC8919664, PMC8962127, PMC8971384, PMC9080063, PMC9206573, PMC9236897, PMC9275886, PMC9320112, PMC9339598, PMC9561255, PMC9726269, PMC9782440, PMC9854827, PMC9856031, PMC9909214, PMC9925051, PMC9945756, PMC9991042","PMC10222618, PMC10387216, PMC10407617, PMC10454939, PMC10779481, PMC10809007, PMC10903013, PMC11118509, PMC11129143, PMC11197745, PMC11330066, PMC11361852, PMC11439940, PMC11561506, PMC11744864, PMC11755084, PMC11817755, PMC11867901, PMC12085028, PMC3788782, PMC6151224, PMC7300400, PMC7407412, PMC7504673, PMC7746460, PMC7817818, PMC7885459, PMC8411547, PMC8963903, PMC9617701, PMC9750767, PMC9953662",61.82,63.23,57.1,54.5,1461,137,114,32,633,780,653,801,forward,reverse_complement,3,3,6,,"PMC10142914,PMC10212705,PMC10266046,PMC10478283,PMC10659042,PMC10800782,PMC10849785,PMC10929792,PMC10936096,PMC11001392,PMC11084186,PMC11330132,PMC11391719,PMC11562097,PMC11565289,PMC11590406,PMC11633500,PMC11896475,PMC11947814,PMC11977094,PMC12001474,PMC12024643,PMC12073084,PMC12074812,PMC3569421,PMC3880843,PMC4028224,PMC4203828,PMC4317596,PMC4375934,PMC4388628,PMC4738707,PMC4767937,PMC4773240,PMC4948698,PMC5030629,PMC5192052,PMC5239543,PMC5355733,PMC5548928,PMC5776773,PMC5951430,PMC5970187,PMC5996090,PMC6002551,PMC6029469,PMC6120750,PMC6134938,PMC6154708,PMC6241358,PMC6391470,PMC6410690,PMC6533502,PMC6561377,PMC6594288,PMC6811605,PMC6889321,PMC6916635,PMC6964093,PMC6996099,PMC7011343,PMC7012241,PMC7033235,PMC7073820,PMC7165343,PMC7193115,PMC7233608,PMC7435717,PMC7446217,PMC7488079,PMC7539105,PMC7576269,PMC7583167,PMC7609060,PMC7610338,PMC7645323,PMC7676202,PMC7694436,PMC7807199,PMC7811365,PMC7814734,PMC7893805,PMC7904523,PMC8040480,PMC8076414,PMC8097863,PMC8187992,PMC8261971,PMC8294092,PMC8309475,PMC8366957,PMC8381068,PMC8382950,PMC8441126,PMC8647299,PMC8665342,PMC8919664,PMC8962127,PMC8971384,PMC9080063,PMC9206573,PMC9236897,PMC9275886,PMC9320112,PMC9339598,PMC9561255,PMC9726269,PMC9782440,PMC9854827,PMC9856031,PMC9909214,PMC9925051,PMC9945756,PMC9991042","PMC10222618,PMC10387216,PMC10407617,PMC10454939,PMC10779481,PMC10809007,PMC10903013,PMC11118509,PMC11129143,PMC11197745,PMC11330066,PMC11361852,PMC11439940,PMC11561506,PMC11744864,PMC11755084,PMC11817755,PMC11867901,PMC12085028,PMC3788782,PMC6151224,PMC7300400,PMC7407412,PMC7504673,PMC7746460,PMC7817818,PMC7885459,PMC8411547,PMC8963903,PMC9617701,PMC9750767,PMC9953662",,0,0,32,114,0,0.0,0.0,0.0,0.0,
CTTTGTGTCCAAGCAGGAGGG,TCAGCCAACTCGTCACAGTC,PMF1-BGLAP,PMF1-BGLAP,"Gene (13), BGLAP (8), OCN (8), Osteocalcin (4), GAPDH (2), OPN (2), human (2), 632 (1), Bglap (1), C-3 (1), CCC (1), CDK6 (1), COL1a1 (1), CYR61 (1), CircLPAR1 (1), Data (1), Direction (1), FGFR1 (1), H- (1), Human (1), LSD1 (1), NM_199173.6 (1), OC-R (1), OCN--R (1), OCN-Reverse (1), OSTEOCALCIN (1), Osteocalcin-R (1), P2RX4 (1), Runx2 (1), h-OCN (1), hsa-OCN-Reverse (1)","BGLAP (18), Osteocalcin (18), OCN (13), Gene (7), Human (3), human (3), GAPDH (2), NM_199173.5 (2), The (2), ALP (1), BGLAP-R (1), Bone (1), CAGTC (1), CxCr4 (1), Direction (1), FGF23 (1), Genes (1), H-OCN-R1 (1), MasterMix (1), NM_199173 (1), NM_199173.3 (1), OC (1), OC-R (1), OCN- (1), OCN-F (1), OSTEOCALCIN (1), OTC (1), Osteocalcin-R (1), Osteogenesis (1), TGF- (1), hum_OCN_5/3 (1)",0.001,0.004,117,141,"PMC10142914, PMC10212705, PMC10266046, PMC10478283, PMC10659042, PMC10800782, PMC10849785, PMC10929792, PMC10936096, PMC11001392, PMC11084186, PMC11330132, PMC11391719, PMC11562097, PMC11565289, PMC11590406, PMC11633500, PMC11896475, PMC11947814, PMC11977094, PMC12001474, PMC12024643, PMC12073084, PMC12074812, PMC3569421, PMC3880843, PMC4028224, PMC4203828, PMC4317596, PMC4375934, PMC4388628, PMC4738707, PMC4767937, PMC4773240, PMC4948698, PMC5030629, PMC5192052, PMC5239543, PMC5355733, PMC5548928, PMC5776773, PMC5951430, PMC5970187, PMC5996090, PMC6002551, PMC6029469, PMC6120750, PMC6134938, PMC6154708, PMC6241358, PMC6391470, PMC6410690, PMC6533502, PMC6561377, PMC6594288, PMC6811605, PMC6889321, PMC6916635, PMC6964093, PMC6996099, PMC7011343, PMC7012241, PMC7033235, PMC7073820, PMC7165343, PMC7193115, PMC7233608, PMC7435717, PMC7446217, PMC7488079, PMC7539105, PMC7576269, PMC7583167, PMC7609060, PMC7610338, PMC7645323, PMC7676202, PMC7694436, PMC7807199, PMC7811365, PMC7814734, PMC7893805, PMC7904523, PMC8040480, PMC8076414, PMC8097863, PMC8187992, PMC8261971, PMC8294092, PMC8309475, PMC8366957, PMC8381068, PMC8382950, PMC8441126, PMC8647299, PMC8665342, PMC8919664, PMC8962127, PMC8971384, PMC9080063, PMC9206573, PMC9236897, PMC9275886, PMC9320112, PMC9339598, PMC9561255, PMC9726269, PMC9782440, PMC9854827, PMC9856031, PMC9909214, PMC9925051, PMC9945756, PMC9991042","PMC10034518, PMC10379034, PMC10406694, PMC10552899, PMC10618393, PMC10743052, PMC10858363, PMC10878834, PMC10889793, PMC10976750, PMC11122527, PMC11259626, PMC11269795, PMC11499919, PMC11559138, PMC11562309, PMC11578294, PMC11591890, PMC11595442, PMC11762233, PMC11794764, PMC11839199, PMC11918522, PMC12072047, PMC12080316, PMC12091229, PMC12107957, PMC2646266, PMC3136101, PMC3170288, PMC3446456, PMC3471036, PMC3706764, PMC3799771, PMC3805512, PMC3849435, PMC3907683, PMC3914586, PMC4055119, PMC4077650, PMC4081551, PMC4087006, PMC4178031, PMC4201491, PMC4227163, PMC4298333, PMC4404686, PMC4416238, PMC4451686, PMC4500612, PMC4539932, PMC4559195, PMC4562352, PMC4674106, PMC4676112, PMC4707328, PMC4813262, PMC4880889, PMC4899037, PMC4932130, PMC5072612, PMC5099844, PMC5164905, PMC5322661, PMC5358692, PMC5360390, PMC5493527, PMC5551777, PMC5552848, PMC5573935, PMC5658998, PMC5667471, PMC5690675, PMC5733904, PMC5746324, PMC5895940, PMC5997644, PMC6008747, PMC6073779, PMC6092836, PMC6095197, PMC6163325, PMC6172397, PMC6263063, PMC6323209, PMC6371545, PMC6434481, PMC6494860, PMC6538993, PMC6594112, PMC6743420, PMC6918167, PMC7191235, PMC7266346, PMC7315279, PMC7334395, PMC7352200, PMC7378902, PMC7545469, PMC7555878, PMC7564340, PMC7653780, PMC7691854, PMC7736623, PMC7751477, PMC7848378, PMC7897289, PMC8027176, PMC8063876, PMC8257615, PMC8353646, PMC8395443, PMC8399135, PMC8508916, PMC8520689, PMC8525028, PMC8554986, PMC8717537, PMC8758693, PMC8805820, PMC8868595, PMC8897656, PMC8949995, PMC8998418, PMC9097555, PMC9161927, PMC9406723, PMC9663507, PMC9778583, PMC9796874, PMC9857206, PMC9869574, PMC9934467, PMC9949900, PMC9963438, PMC9964429, PMC9993741",61.82,60.61,57.1,55.0,1461,2507,114,137,633,763,653,782,forward,reverse_complement,3,3,4,,"PMC10142914,PMC10212705,PMC10266046,PMC10478283,PMC10659042,PMC10800782,PMC10849785,PMC10929792,PMC10936096,PMC11001392,PMC11084186,PMC11330132,PMC11391719,PMC11562097,PMC11565289,PMC11590406,PMC11633500,PMC11896475,PMC11947814,PMC11977094,PMC12001474,PMC12024643,PMC12073084,PMC12074812,PMC3569421,PMC3880843,PMC4028224,PMC4203828,PMC4317596,PMC4375934,PMC4388628,PMC4738707,PMC4767937,PMC4773240,PMC4948698,PMC5030629,PMC5192052,PMC5239543,PMC5355733,PMC5548928,PMC5776773,PMC5951430,PMC5970187,PMC5996090,PMC6002551,PMC6029469,PMC6120750,PMC6134938,PMC6154708,PMC6241358,PMC6391470,PMC6410690,PMC6533502,PMC6561377,PMC6594288,PMC6811605,PMC6889321,PMC6916635,PMC6964093,PMC6996099,PMC7011343,PMC7012241,PMC7033235,PMC7073820,PMC7165343,PMC7193115,PMC7233608,PMC7435717,PMC7446217,PMC7488079,PMC7539105,PMC7576269,PMC7583167,PMC7609060,PMC7610338,PMC7645323,PMC7676202,PMC7694436,PMC7807199,PMC7811365,PMC7814734,PMC7893805,PMC7904523,PMC8040480,PMC8076414,PMC8097863,PMC8187992,PMC8261971,PMC8294092,PMC8309475,PMC8366957,PMC8381068,PMC8382950,PMC8441126,PMC8647299,PMC8665342,PMC8919664,PMC8962127,PMC8971384,PMC9080063,PMC9206573,PMC9236897,PMC9275886,PMC9320112,PMC9339598,PMC9561255,PMC9726269,PMC9782440,PMC9854827,PMC9856031,PMC9909214,PMC9925051,PMC9945756,PMC9991042","PMC10034518,PMC10379034,PMC10552899,PMC10618393,PMC10858363,PMC10878834,PMC10889793,PMC10976750,PMC11122527,PMC11259626,PMC11269795,PMC11559138,PMC11578294,PMC11591890,PMC11595442,PMC11762233,PMC11794764,PMC11839199,PMC11918522,PMC12080316,PMC12091229,PMC2646266,PMC3136101,PMC3446456,PMC3799771,PMC3805512,PMC3849435,PMC3907683,PMC3914586,PMC4055119,PMC4077650,PMC4081551,PMC4087006,PMC4178031,PMC4201491,PMC4227163,PMC4298333,PMC4404686,PMC4539932,PMC4562352,PMC4674106,PMC4676112,PMC4707328,PMC4880889,PMC4899037,PMC4932130,PMC5072612,PMC5099844,PMC5164905,PMC5322661,PMC5358692,PMC5360390,PMC5493527,PMC5551777,PMC5573935,PMC5658998,PMC5690675,PMC5733904,PMC5746324,PMC5895940,PMC5997644,PMC6073779,PMC6092836,PMC6095197,PMC6172397,PMC6263063,PMC6323209,PMC6371545,PMC6434481,PMC6743420,PMC7191235,PMC7266346,PMC7315279,PMC7378902,PMC7555878,PMC7564340,PMC7653780,PMC7736623,PMC7751477,PMC7897289,PMC8027176,PMC8063876,PMC8257615,PMC8353646,PMC8395443,PMC8399135,PMC8508916,PMC8520689,PMC8525028,PMC8554986,PMC8717537,PMC8758693,PMC8805820,PMC8868595,PMC8949995,PMC9097555,PMC9161927,PMC9406723,PMC9663507,PMC9778583,PMC9796874,PMC9857206,PMC9869574,PMC9949900,PMC9963438,PMC9964429,PMC9993741","PMC10406694,PMC10743052,PMC11499919,PMC11562309,PMC12072047,PMC12107957,PMC3170288,PMC3471036,PMC3706764,PMC4416238,PMC4451686,PMC4500612,PMC4559195,PMC4813262,PMC5552848,PMC5667471,PMC6008747,PMC6163325,PMC6494860,PMC6538993,PMC6594112,PMC6918167,PMC7334395,PMC7352200,PMC7545469,PMC7691854,PMC7848378,PMC8897656,PMC8998418,PMC9934467",0,0,107,114,30,0.638965685465923,0.8788888888888888,0.5966666666666665,70.24828427329615,
CTTTGTGTCCAAGCAGGAGGG,GGTCAGCCAACTCGTCACAGTC,PMF1-BGLAP,PMF1-BGLAP,"Gene (13), BGLAP (8), OCN (8), Osteocalcin (4), GAPDH (2), OPN (2), human (2), 632 (1), Bglap (1), C-3 (1), CCC (1), CDK6 (1), COL1a1 (1), CYR61 (1), CircLPAR1 (1), Data (1), Direction (1), FGFR1 (1), H- (1), Human (1), LSD1 (1), NM_199173.6 (1), OC-R (1), OCN--R (1), OCN-Reverse (1), OSTEOCALCIN (1), Osteocalcin-R (1), P2RX4 (1), Runx2 (1), h-OCN (1), hsa-OCN-Reverse (1)","OCN (9), BGLAP (2), 50 (1), Actin (1), Antibodies (1), COL (1), COLI (1), Fn1 (1), G6PDH (1), Gene (1), NM000711 (1), Osteocalcin (1), RUNX2 (1), Runx2 (1), TCF-4 (1), h-OCN-R (1), h-Ocn (1), h-Ocn-R (1)",0.001,0.000345,117,54,"PMC10142914, PMC10212705, PMC10266046, PMC10478283, PMC10659042, PMC10800782, PMC10849785, PMC10929792, PMC10936096, PMC11001392, PMC11084186, PMC11330132, PMC11391719, PMC11562097, PMC11565289, PMC11590406, PMC11633500, PMC11896475, PMC11947814, PMC11977094, PMC12001474, PMC12024643, PMC12073084, PMC12074812, PMC3569421, PMC3880843, PMC4028224, PMC4203828, PMC4317596, PMC4375934, PMC4388628, PMC4738707, PMC4767937, PMC4773240, PMC4948698, PMC5030629, PMC5192052, PMC5239543, PMC5355733, PMC5548928, PMC5776773, PMC5951430, PMC5970187, PMC5996090, PMC6002551, PMC6029469, PMC6120750, PMC6134938, PMC6154708, PMC6241358, PMC6391470, PMC6410690, PMC6533502, PMC6561377, PMC6594288, PMC6811605, PMC6889321, PMC6916635, PMC6964093, PMC6996099, PMC7011343, PMC7012241, PMC7033235, PMC7073820, PMC7165343, PMC7193115, PMC7233608, PMC7435717, PMC7446217, PMC7488079, PMC7539105, PMC7576269, PMC7583167, PMC7609060, PMC7610338, PMC7645323, PMC7676202, PMC7694436, PMC7807199, PMC7811365, PMC7814734, PMC7893805, PMC7904523, PMC8040480, PMC8076414, PMC8097863, PMC8187992, PMC8261971, PMC8294092, PMC8309475, PMC8366957, PMC8381068, PMC8382950, PMC8441126, PMC8647299, PMC8665342, PMC8919664, PMC8962127, PMC8971384, PMC9080063, PMC9206573, PMC9236897, PMC9275886, PMC9320112, PMC9339598, PMC9561255, PMC9726269, PMC9782440, PMC9854827, PMC9856031, PMC9909214, PMC9925051, PMC9945756, PMC9991042","PMC10002049, PMC10154459, PMC10282952, PMC10294445, PMC10337197, PMC10813297, PMC10878154, PMC11010622, PMC11067224, PMC11471398, PMC11476683, PMC11797752, PMC12097015, PMC12098891, PMC3869757, PMC4012947, PMC4200022, PMC4264207, PMC4270765, PMC4464659, PMC4630184, PMC4914939, PMC5109898, PMC5268458, PMC5439454, PMC5653327, PMC5695137, PMC5762292, PMC5780180, PMC5835706, PMC5852880, PMC6072152, PMC6097469, PMC6325129, PMC6722737, PMC6818209, PMC6896396, PMC6921428, PMC7028870, PMC7073499, PMC7102919, PMC7395790, PMC7581448, PMC7946453, PMC8051722, PMC8076131, PMC8961311, PMC8973756, PMC9117959, PMC9276041, PMC9284897, PMC9346378, PMC9571456",61.82,63.99,57.1,59.1,1461,698,114,53,633,763,653,784,forward,reverse_complement,3,3,4,,"PMC10142914,PMC10212705,PMC10266046,PMC10478283,PMC10659042,PMC10800782,PMC10849785,PMC10929792,PMC10936096,PMC11001392,PMC11084186,PMC11330132,PMC11391719,PMC11562097,PMC11565289,PMC11590406,PMC11633500,PMC11896475,PMC11947814,PMC11977094,PMC12001474,PMC12024643,PMC12073084,PMC12074812,PMC3569421,PMC3880843,PMC4028224,PMC4203828,PMC4317596,PMC4375934,PMC4388628,PMC4738707,PMC4767937,PMC4773240,PMC4948698,PMC5030629,PMC5192052,PMC5239543,PMC5355733,PMC5548928,PMC5776773,PMC5951430,PMC5970187,PMC5996090,PMC6002551,PMC6029469,PMC6120750,PMC6134938,PMC6154708,PMC6241358,PMC6391470,PMC6410690,PMC6533502,PMC6561377,PMC6594288,PMC6811605,PMC6889321,PMC6916635,PMC6964093,PMC6996099,PMC7011343,PMC7012241,PMC7033235,PMC7073820,PMC7165343,PMC7193115,PMC7233608,PMC7435717,PMC7446217,PMC7488079,PMC7539105,PMC7576269,PMC7583167,PMC7609060,PMC7610338,PMC7645323,PMC7676202,PMC7694436,PMC7807199,PMC7811365,PMC7814734,PMC7893805,PMC7904523,PMC8040480,PMC8076414,PMC8097863,PMC8187992,PMC8261971,PMC8294092,PMC8309475,PMC8366957,PMC8381068,PMC8382950,PMC8441126,PMC8647299,PMC8665342,PMC8919664,PMC8962127,PMC8971384,PMC9080063,PMC9206573,PMC9236897,PMC9275886,PMC9320112,PMC9339598,PMC9561255,PMC9726269,PMC9782440,PMC9854827,PMC9856031,PMC9909214,PMC9925051,PMC9945756,PMC9991042","PMC10002049,PMC10154459,PMC10282952,PMC10294445,PMC10337197,PMC10813297,PMC10878154,PMC11010622,PMC11067224,PMC11471398,PMC11476683,PMC11797752,PMC12097015,PMC12098891,PMC3869757,PMC4012947,PMC4200022,PMC4264207,PMC4270765,PMC4464659,PMC4630184,PMC4914939,PMC5109898,PMC5268458,PMC5439454,PMC5653327,PMC5695137,PMC5762292,PMC5780180,PMC5835706,PMC5852880,PMC6072152,PMC6097469,PMC6325129,PMC6722737,PMC6818209,PMC6896396,PMC6921428,PMC7028870,PMC7073499,PMC7102919,PMC7395790,PMC7581448,PMC7946453,PMC8051722,PMC8076131,PMC8961311,PMC8973756,PMC9117959,PMC9276041,PMC9284897,PMC9346378,PMC9571456",,0,0,53,114,0,0.5673156285721449,0.6766666666666666,0.27666666666666606,54.19911476194057,
CTTTGTGTCCAAGCAGGAGGG,TTGATACAGGTAGCGCCTGGG,PMF1-BGLAP,PMF1-BGLAP,"Gene (13), BGLAP (8), OCN (8), Osteocalcin (4), GAPDH (2), OPN (2), human (2), 632 (1), Bglap (1), C-3 (1), CCC (1), CDK6 (1), COL1a1 (1), CYR61 (1), CircLPAR1 (1), Data (1), Direction (1), FGFR1 (1), H- (1), Human (1), LSD1 (1), NM_199173.6 (1), OC-R (1), OCN--R (1), OCN-Reverse (1), OSTEOCALCIN (1), Osteocalcin-R (1), P2RX4 (1), Runx2 (1), h-OCN (1), hsa-OCN-Reverse (1)","OCN (23), Osteocalcin (3), 632 (1), Antibodies (1), BGLAP (1), COLI (1), Fn1 (1), NM000711 (1), OC (1), h-OCN-F (1), h-Ocn (1), h-Ocn-F (1)",0.001,0.001,117,40,"PMC10142914, PMC10212705, PMC10266046, PMC10478283, PMC10659042, PMC10800782, PMC10849785, PMC10929792, PMC10936096, PMC11001392, PMC11084186, PMC11330132, PMC11391719, PMC11562097, PMC11565289, PMC11590406, PMC11633500, PMC11896475, PMC11947814, PMC11977094, PMC12001474, PMC12024643, PMC12073084, PMC12074812, PMC3569421, PMC3880843, PMC4028224, PMC4203828, PMC4317596, PMC4375934, PMC4388628, PMC4738707, PMC4767937, PMC4773240, PMC4948698, PMC5030629, PMC5192052, PMC5239543, PMC5355733, PMC5548928, PMC5776773, PMC5951430, PMC5970187, PMC5996090, PMC6002551, PMC6029469, PMC6120750, PMC6134938, PMC6154708, PMC6241358, PMC6391470, PMC6410690, PMC6533502, PMC6561377, PMC6594288, PMC6811605, PMC6889321, PMC6916635, PMC6964093, PMC6996099, PMC7011343, PMC7012241, PMC7033235, PMC7073820, PMC7165343, PMC7193115, PMC7233608, PMC7435717, PMC7446217, PMC7488079, PMC7539105, PMC7576269, PMC7583167, PMC7609060, PMC7610338, PMC7645323, PMC7676202, PMC7694436, PMC7807199, PMC7811365, PMC7814734, PMC7893805, PMC7904523, PMC8040480, PMC8076414, PMC8097863, PMC8187992, PMC8261971, PMC8294092, PMC8309475, PMC8366957, PMC8381068, PMC8382950, PMC8441126, PMC8647299, PMC8665342, PMC8919664, PMC8962127, PMC8971384, PMC9080063, PMC9206573, PMC9236897, PMC9275886, PMC9320112, PMC9339598, PMC9561255, PMC9726269, PMC9782440, PMC9854827, PMC9856031, PMC9909214, PMC9925051, PMC9945756, PMC9991042","PMC10154459, PMC10282952, PMC10337197, PMC10878154, PMC11471398, PMC11797752, PMC12097015, PMC12098891, PMC3692432, PMC3869757, PMC4200022, PMC4264207, PMC4464659, PMC4630184, PMC4793227, PMC4914939, PMC5109898, PMC5213995, PMC5268458, PMC5439454, PMC5653327, PMC5762292, PMC5780180, PMC5809428, PMC5852880, PMC6072152, PMC6267832, PMC6325129, PMC6896396, PMC7028870, PMC7073499, PMC7102919, PMC7395790, PMC7581448, PMC7946453, PMC8961311, PMC8973756, PMC9117959, PMC9284897, PMC9346378",61.82,62.58,57.1,57.1,1461,538,114,40,633,673,653,693,forward,reverse_complement,3,4,4,,"PMC10142914,PMC10212705,PMC10266046,PMC10478283,PMC10659042,PMC10800782,PMC10849785,PMC10929792,PMC10936096,PMC11001392,PMC11084186,PMC11330132,PMC11391719,PMC11562097,PMC11565289,PMC11590406,PMC11633500,PMC11896475,PMC11947814,PMC11977094,PMC12001474,PMC12024643,PMC12073084,PMC12074812,PMC3569421,PMC3880843,PMC4028224,PMC4203828,PMC4317596,PMC4375934,PMC4388628,PMC4738707,PMC4767937,PMC4773240,PMC4948698,PMC5030629,PMC5192052,PMC5239543,PMC5355733,PMC5548928,PMC5776773,PMC5951430,PMC5970187,PMC5996090,PMC6002551,PMC6029469,PMC6120750,PMC6134938,PMC6154708,PMC6241358,PMC6391470,PMC6410690,PMC6533502,PMC6561377,PMC6594288,PMC6811605,PMC6889321,PMC6916635,PMC6964093,PMC6996099,PMC7011343,PMC7012241,PMC7033235,PMC7073820,PMC7165343,PMC7193115,PMC7233608,PMC7435717,PMC7446217,PMC7488079,PMC7539105,PMC7576269,PMC7583167,PMC7609060,PMC7610338,PMC7645323,PMC7676202,PMC7694436,PMC7807199,PMC7811365,PMC7814734,PMC7893805,PMC7904523,PMC8040480,PMC8076414,PMC8097863,PMC8187992,PMC8261971,PMC8294092,PMC8309475,PMC8366957,PMC8381068,PMC8382950,PMC8441126,PMC8647299,PMC8665342,PMC8919664,PMC8962127,PMC8971384,PMC9080063,PMC9206573,PMC9236897,PMC9275886,PMC9320112,PMC9339598,PMC9561255,PMC9726269,PMC9782440,PMC9854827,PMC9856031,PMC9909214,PMC9925051,PMC9945756,PMC9991042",,"PMC10154459,PMC10282952,PMC10337197,PMC10878154,PMC11471398,PMC11797752,PMC12097015,PMC12098891,PMC3692432,PMC3869757,PMC4200022,PMC4264207,PMC4464659,PMC4630184,PMC4793227,PMC4914939,PMC5109898,PMC5213995,PMC5268458,PMC5439454,PMC5653327,PMC5762292,PMC5780180,PMC5809428,PMC5852880,PMC6072152,PMC6267832,PMC6325129,PMC6896396,PMC7028870,PMC7073499,PMC7102919,PMC7395790,PMC7581448,PMC7946453,PMC8961311,PMC8973756,PMC9117959,PMC9284897,PMC9346378",0,0,0,114,40,0.3401576381681741,0.7277777777777779,0.7466666666666673,53.774548575075386,
CTTTGTGTCCAAGCAGGAGGG,CTGGAGAGGAGCAGAACTGG,PMF1-BGLAP,PMF1-BGLAP,"Gene (13), BGLAP (8), OCN (8), Osteocalcin (4), GAPDH (2), OPN (2), human (2), 632 (1), Bglap (1), C-3 (1), CCC (1), CDK6 (1), COL1a1 (1), CYR61 (1), CircLPAR1 (1), Data (1), Direction (1), FGFR1 (1), H- (1), Human (1), LSD1 (1), NM_199173.6 (1), OC-R (1), OCN--R (1), OCN-Reverse (1), OSTEOCALCIN (1), Osteocalcin-R (1), P2RX4 (1), Runx2 (1), h-OCN (1), hsa-OCN-Reverse (1)","Gene (3), OCN (3), BGLAP (2), Human (2), Osteocalcin (2), GAPDH (1), OCN--R (1), OCN-R (1), OTC (1), Primers (1), Shengong (1)",0.001,0.004,117,34,"PMC10142914, PMC10212705, PMC10266046, PMC10478283, PMC10659042, PMC10800782, PMC10849785, PMC10929792, PMC10936096, PMC11001392, PMC11084186, PMC11330132, PMC11391719, PMC11562097, PMC11565289, PMC11590406, PMC11633500, PMC11896475, PMC11947814, PMC11977094, PMC12001474, PMC12024643, PMC12073084, PMC12074812, PMC3569421, PMC3880843, PMC4028224, PMC4203828, PMC4317596, PMC4375934, PMC4388628, PMC4738707, PMC4767937, PMC4773240, PMC4948698, PMC5030629, PMC5192052, PMC5239543, PMC5355733, PMC5548928, PMC5776773, PMC5951430, PMC5970187, PMC5996090, PMC6002551, PMC6029469, PMC6120750, PMC6134938, PMC6154708, PMC6241358, PMC6391470, PMC6410690, PMC6533502, PMC6561377, PMC6594288, PMC6811605, PMC6889321, PMC6916635, PMC6964093, PMC6996099, PMC7011343, PMC7012241, PMC7033235, PMC7073820, PMC7165343, PMC7193115, PMC7233608, PMC7435717, PMC7446217, PMC7488079, PMC7539105, PMC7576269, PMC7583167, PMC7609060, PMC7610338, PMC7645323, PMC7676202, PMC7694436, PMC7807199, PMC7811365, PMC7814734, PMC7893805, PMC7904523, PMC8040480, PMC8076414, PMC8097863, PMC8187992, PMC8261971, PMC8294092, PMC8309475, PMC8366957, PMC8381068, PMC8382950, PMC8441126, PMC8647299, PMC8665342, PMC8919664, PMC8962127, PMC8971384, PMC9080063, PMC9206573, PMC9236897, PMC9275886, PMC9320112, PMC9339598, PMC9561255, PMC9726269, PMC9782440, PMC9854827, PMC9856031, PMC9909214, PMC9925051, PMC9945756, PMC9991042","PMC10658208, PMC11499919, PMC11562309, PMC11706895, PMC12013848, PMC12107957, PMC3170288, PMC3215189, PMC3692432, PMC3722850, PMC3854245, PMC4135228, PMC4190335, PMC4497709, PMC4500612, PMC4559195, PMC4813262, PMC5018325, PMC5151109, PMC5213995, PMC5214565, PMC5552848, PMC5769534, PMC6008747, PMC6163325, PMC6494860, PMC6594112, PMC6868153, PMC6990577, PMC7334395, PMC7545469, PMC7673024, PMC8262658, PMC9882893",61.82,60.12,57.1,60.0,1461,671,114,34,633,862,653,881,forward,reverse_complement,3,3,4,,"PMC10142914,PMC10212705,PMC10266046,PMC10478283,PMC10659042,PMC10800782,PMC10849785,PMC10929792,PMC10936096,PMC11001392,PMC11084186,PMC11330132,PMC11391719,PMC11562097,PMC11565289,PMC11590406,PMC11633500,PMC11896475,PMC11947814,PMC11977094,PMC12001474,PMC12024643,PMC12073084,PMC12074812,PMC3569421,PMC3880843,PMC4028224,PMC4203828,PMC4317596,PMC4375934,PMC4388628,PMC4738707,PMC4767937,PMC4773240,PMC4948698,PMC5030629,PMC5192052,PMC5239543,PMC5355733,PMC5548928,PMC5776773,PMC5951430,PMC5970187,PMC5996090,PMC6002551,PMC6029469,PMC6120750,PMC6134938,PMC6154708,PMC6241358,PMC6391470,PMC6410690,PMC6533502,PMC6561377,PMC6594288,PMC6811605,PMC6889321,PMC6916635,PMC6964093,PMC6996099,PMC7011343,PMC7012241,PMC7033235,PMC7073820,PMC7165343,PMC7193115,PMC7233608,PMC7435717,PMC7446217,PMC7488079,PMC7539105,PMC7576269,PMC7583167,PMC7609060,PMC7610338,PMC7645323,PMC7676202,PMC7694436,PMC7807199,PMC7811365,PMC7814734,PMC7893805,PMC7904523,PMC8040480,PMC8076414,PMC8097863,PMC8187992,PMC8261971,PMC8294092,PMC8309475,PMC8366957,PMC8381068,PMC8382950,PMC8441126,PMC8647299,PMC8665342,PMC8919664,PMC8962127,PMC8971384,PMC9080063,PMC9206573,PMC9236897,PMC9275886,PMC9320112,PMC9339598,PMC9561255,PMC9726269,PMC9782440,PMC9854827,PMC9856031,PMC9909214,PMC9925051,PMC9945756,PMC9991042","PMC10658208,PMC11499919,PMC11562309,PMC11706895,PMC12013848,PMC12107957,PMC3170288,PMC3215189,PMC3692432,PMC3722850,PMC3854245,PMC4135228,PMC4190335,PMC4497709,PMC4500612,PMC4559195,PMC4813262,PMC5018325,PMC5151109,PMC5213995,PMC5214565,PMC5552848,PMC5769534,PMC6008747,PMC6163325,PMC6494860,PMC6594112,PMC6868153,PMC6990577,PMC7334395,PMC7545469,PMC7673024,PMC8262658,PMC9882893",,0,0,34,114,0,0.5263870542517911,0.8222222222222221,0.43333333333333235,59.65268604592286,
CTTTGTGTCCAAGCAGGAGGG,CCTGAAAGCCGATGTGGT,PMF1-BGLAP,PMF1-BGLAP,"Gene (13), BGLAP (8), OCN (8), Osteocalcin (4), GAPDH (2), OPN (2), human (2), 632 (1), Bglap (1), C-3 (1), CCC (1), CDK6 (1), COL1a1 (1), CYR61 (1), CircLPAR1 (1), Data (1), Direction (1), FGFR1 (1), H- (1), Human (1), LSD1 (1), NM_199173.6 (1), OC-R (1), OCN--R (1), OCN-Reverse (1), OSTEOCALCIN (1), Osteocalcin-R (1), P2RX4 (1), Runx2 (1), h-OCN (1), hsa-OCN-Reverse (1)","OCN (6), BSP-R (2), Gene (2), OCN-R (2), ALP (1), CCTGA (1), OC (1), OCN6 (1), Osteocalcin (1), hsa-OCN-R (1)",0.001,0.028,117,26,"PMC10142914, PMC10212705, PMC10266046, PMC10478283, PMC10659042, PMC10800782, PMC10849785, PMC10929792, PMC10936096, PMC11001392, PMC11084186, PMC11330132, PMC11391719, PMC11562097, PMC11565289, PMC11590406, PMC11633500, PMC11896475, PMC11947814, PMC11977094, PMC12001474, PMC12024643, PMC12073084, PMC12074812, PMC3569421, PMC3880843, PMC4028224, PMC4203828, PMC4317596, PMC4375934, PMC4388628, PMC4738707, PMC4767937, PMC4773240, PMC4948698, PMC5030629, PMC5192052, PMC5239543, PMC5355733, PMC5548928, PMC5776773, PMC5951430, PMC5970187, PMC5996090, PMC6002551, PMC6029469, PMC6120750, PMC6134938, PMC6154708, PMC6241358, PMC6391470, PMC6410690, PMC6533502, PMC6561377, PMC6594288, PMC6811605, PMC6889321, PMC6916635, PMC6964093, PMC6996099, PMC7011343, PMC7012241, PMC7033235, PMC7073820, PMC7165343, PMC7193115, PMC7233608, PMC7435717, PMC7446217, PMC7488079, PMC7539105, PMC7576269, PMC7583167, PMC7609060, PMC7610338, PMC7645323, PMC7676202, PMC7694436, PMC7807199, PMC7811365, PMC7814734, PMC7893805, PMC7904523, PMC8040480, PMC8076414, PMC8097863, PMC8187992, PMC8261971, PMC8294092, PMC8309475, PMC8366957, PMC8381068, PMC8382950, PMC8441126, PMC8647299, PMC8665342, PMC8919664, PMC8962127, PMC8971384, PMC9080063, PMC9206573, PMC9236897, PMC9275886, PMC9320112, PMC9339598, PMC9561255, PMC9726269, PMC9782440, PMC9854827, PMC9856031, PMC9909214, PMC9925051, PMC9945756, PMC9991042","PMC10070041, PMC10222704, PMC10285757, PMC3763164, PMC4655957, PMC5472052, PMC5702518, PMC5774528, PMC5837092, PMC6029428, PMC6080583, PMC6248998, PMC6333395, PMC6484321, PMC6756869, PMC6811559, PMC6812411, PMC7579890, PMC8273062, PMC8290518, PMC8570085, PMC8678408, PMC8800246, PMC8865099",61.82,57.92,57.1,55.6,1461,362,114,24,633,782,653,799,forward,reverse_complement,3,2,4,,"PMC10142914,PMC10212705,PMC10266046,PMC10478283,PMC10659042,PMC10800782,PMC10849785,PMC10929792,PMC10936096,PMC11001392,PMC11084186,PMC11330132,PMC11391719,PMC11562097,PMC11565289,PMC11590406,PMC11633500,PMC11896475,PMC11947814,PMC11977094,PMC12001474,PMC12024643,PMC12073084,PMC12074812,PMC3569421,PMC3880843,PMC4028224,PMC4203828,PMC4317596,PMC4375934,PMC4388628,PMC4738707,PMC4767937,PMC4773240,PMC4948698,PMC5030629,PMC5192052,PMC5239543,PMC5355733,PMC5548928,PMC5776773,PMC5951430,PMC5970187,PMC5996090,PMC6002551,PMC6029469,PMC6120750,PMC6134938,PMC6154708,PMC6241358,PMC6391470,PMC6410690,PMC6533502,PMC6561377,PMC6594288,PMC6811605,PMC6889321,PMC6916635,PMC6964093,PMC6996099,PMC7011343,PMC7012241,PMC7033235,PMC7073820,PMC7165343,PMC7193115,PMC7233608,PMC7435717,PMC7446217,PMC7488079,PMC7539105,PMC7576269,PMC7583167,PMC7609060,PMC7610338,PMC7645323,PMC7676202,PMC7694436,PMC7807199,PMC7811365,PMC7814734,PMC7893805,PMC7904523,PMC8040480,PMC8076414,PMC8097863,PMC8187992,PMC8261971,PMC8294092,PMC8309475,PMC8366957,PMC8381068,PMC8382950,PMC8441126,PMC8647299,PMC8665342,PMC8919664,PMC8962127,PMC8971384,PMC9080063,PMC9206573,PMC9236897,PMC9275886,PMC9320112,PMC9339598,PMC9561255,PMC9726269,PMC9782440,PMC9854827,PMC9856031,PMC9909214,PMC9925051,PMC9945756,PMC9991042","PMC10070041,PMC10222704,PMC10285757,PMC3763164,PMC4655957,PMC5472052,PMC5702518,PMC5774528,PMC5837092,PMC6029428,PMC6080583,PMC6248998,PMC6333395,PMC6756869,PMC6811559,PMC6812411,PMC7579890,PMC8273062,PMC8570085,PMC8800246,PMC8865099","PMC6484321,PMC8290518,PMC8678408",0,0,21,114,3,0.4877045410328618,0.6666666666666667,0.0,44.38522705164309,
CTTTGTGTCCAAGCAGGAGGG,GATGTGGTCAGCCAACTC,PMF1-BGLAP,PMF1-BGLAP,"Gene (13), BGLAP (8), OCN (8), Osteocalcin (4), GAPDH (2), OPN (2), human (2), 632 (1), Bglap (1), C-3 (1), CCC (1), CDK6 (1), COL1a1 (1), CYR61 (1), CircLPAR1 (1), Data (1), Direction (1), FGFR1 (1), H- (1), Human (1), LSD1 (1), NM_199173.6 (1), OC-R (1), OCN--R (1), OCN-Reverse (1), OSTEOCALCIN (1), Osteocalcin-R (1), P2RX4 (1), Runx2 (1), h-OCN (1), hsa-OCN-Reverse (1)","Osteocalcin (7), GAPDH (2), BGLAP (1), Genes (1), OCN-R (1), OSTEOCALCIN (1), OSTERIX (1), RUNX-2-forward (1), RUNX2 (1), The (1), Type (1)",0.001,0.028,117,21,"PMC10142914, PMC10212705, PMC10266046, PMC10478283, PMC10659042, PMC10800782, PMC10849785, PMC10929792, PMC10936096, PMC11001392, PMC11084186, PMC11330132, PMC11391719, PMC11562097, PMC11565289, PMC11590406, PMC11633500, PMC11896475, PMC11947814, PMC11977094, PMC12001474, PMC12024643, PMC12073084, PMC12074812, PMC3569421, PMC3880843, PMC4028224, PMC4203828, PMC4317596, PMC4375934, PMC4388628, PMC4738707, PMC4767937, PMC4773240, PMC4948698, PMC5030629, PMC5192052, PMC5239543, PMC5355733, PMC5548928, PMC5776773, PMC5951430, PMC5970187, PMC5996090, PMC6002551, PMC6029469, PMC6120750, PMC6134938, PMC6154708, PMC6241358, PMC6391470, PMC6410690, PMC6533502, PMC6561377, PMC6594288, PMC6811605, PMC6889321, PMC6916635, PMC6964093, PMC6996099, PMC7011343, PMC7012241, PMC7033235, PMC7073820, PMC7165343, PMC7193115, PMC7233608, PMC7435717, PMC7446217, PMC7488079, PMC7539105, PMC7576269, PMC7583167, PMC7609060, PMC7610338, PMC7645323, PMC7676202, PMC7694436, PMC7807199, PMC7811365, PMC7814734, PMC7893805, PMC7904523, PMC8040480, PMC8076414, PMC8097863, PMC8187992, PMC8261971, PMC8294092, PMC8309475, PMC8366957, PMC8381068, PMC8382950, PMC8441126, PMC8647299, PMC8665342, PMC8919664, PMC8962127, PMC8971384, PMC9080063, PMC9206573, PMC9236897, PMC9275886, PMC9320112, PMC9339598, PMC9561255, PMC9726269, PMC9782440, PMC9854827, PMC9856031, PMC9909214, PMC9925051, PMC9945756, PMC9991042","PMC10209287, PMC10218682, PMC4556843, PMC4673191, PMC4699026, PMC4750003, PMC4837802, PMC4929892, PMC4961106, PMC5009659, PMC5763659, PMC5809617, PMC5833785, PMC6311247, PMC7539403, PMC8134029, PMC8245033, PMC8467999, PMC9024451, PMC9747886",61.82,55.99,57.1,55.6,1461,252,114,20,633,772,653,789,forward,reverse_complement,3,3,3,,"PMC10142914,PMC10212705,PMC10266046,PMC10478283,PMC10659042,PMC10800782,PMC10849785,PMC10929792,PMC10936096,PMC11001392,PMC11084186,PMC11330132,PMC11391719,PMC11562097,PMC11565289,PMC11590406,PMC11633500,PMC11896475,PMC11947814,PMC11977094,PMC12001474,PMC12024643,PMC12073084,PMC12074812,PMC3569421,PMC3880843,PMC4028224,PMC4203828,PMC4317596,PMC4375934,PMC4388628,PMC4738707,PMC4767937,PMC4773240,PMC4948698,PMC5030629,PMC5192052,PMC5239543,PMC5355733,PMC5548928,PMC5776773,PMC5951430,PMC5970187,PMC5996090,PMC6002551,PMC6029469,PMC6120750,PMC6134938,PMC6154708,PMC6241358,PMC6391470,PMC6410690,PMC6533502,PMC6561377,PMC6594288,PMC6811605,PMC6889321,PMC6916635,PMC6964093,PMC6996099,PMC7011343,PMC7012241,PMC7033235,PMC7073820,PMC7165343,PMC7193115,PMC7233608,PMC7435717,PMC7446217,PMC7488079,PMC7539105,PMC7576269,PMC7583167,PMC7609060,PMC7610338,PMC7645323,PMC7676202,PMC7694436,PMC7807199,PMC7811365,PMC7814734,PMC7893805,PMC7904523,PMC8040480,PMC8076414,PMC8097863,PMC8187992,PMC8261971,PMC8294092,PMC8309475,PMC8366957,PMC8381068,PMC8382950,PMC8441126,PMC8647299,PMC8665342,PMC8919664,PMC8962127,PMC8971384,PMC9080063,PMC9206573,PMC9236897,PMC9275886,PMC9320112,PMC9339598,PMC9561255,PMC9726269,PMC9782440,PMC9854827,PMC9856031,PMC9909214,PMC9925051,PMC9945756,PMC9991042","PMC10209287,PMC10218682,PMC4556843,PMC4673191,PMC4699026,PMC4750003,PMC4837802,PMC4929892,PMC4961106,PMC5009659,PMC5763659,PMC5809617,PMC5833785,PMC6311247,PMC7539403,PMC8134029,PMC8245033,PMC8467999,PMC9024451,PMC9747886",,0,0,20,114,0,0.478172964031769,0.6433333333333333,0.0,43.20864820158845,
CTTTGTGTCCAAGCAGGAGGG,GGCTCCCAGCCATTGATACAG,PMF1-BGLAP,PMF1-BGLAP,"Gene (13), BGLAP (8), OCN (8), Osteocalcin (4), GAPDH (2), OPN (2), human (2), 632 (1), Bglap (1), C-3 (1), CCC (1), CDK6 (1), COL1a1 (1), CYR61 (1), CircLPAR1 (1), Data (1), Direction (1), FGFR1 (1), H- (1), Human (1), LSD1 (1), NM_199173.6 (1), OC-R (1), OCN--R (1), OCN-Reverse (1), OSTEOCALCIN (1), Osteocalcin-R (1), P2RX4 (1), Runx2 (1), h-OCN (1), hsa-OCN-Reverse (1)","Osteocalcin (4), OCN (3), Gene (2), BGLAP (1), Genes (1), Homo (1), OCN-R (1), gene (1)",0.001,0.001,117,19,"PMC10142914, PMC10212705, PMC10266046, PMC10478283, PMC10659042, PMC10800782, PMC10849785, PMC10929792, PMC10936096, PMC11001392, PMC11084186, PMC11330132, PMC11391719, PMC11562097, PMC11565289, PMC11590406, PMC11633500, PMC11896475, PMC11947814, PMC11977094, PMC12001474, PMC12024643, PMC12073084, PMC12074812, PMC3569421, PMC3880843, PMC4028224, PMC4203828, PMC4317596, PMC4375934, PMC4388628, PMC4738707, PMC4767937, PMC4773240, PMC4948698, PMC5030629, PMC5192052, PMC5239543, PMC5355733, PMC5548928, PMC5776773, PMC5951430, PMC5970187, PMC5996090, PMC6002551, PMC6029469, PMC6120750, PMC6134938, PMC6154708, PMC6241358, PMC6391470, PMC6410690, PMC6533502, PMC6561377, PMC6594288, PMC6811605, PMC6889321, PMC6916635, PMC6964093, PMC6996099, PMC7011343, PMC7012241, PMC7033235, PMC7073820, PMC7165343, PMC7193115, PMC7233608, PMC7435717, PMC7446217, PMC7488079, PMC7539105, PMC7576269, PMC7583167, PMC7609060, PMC7610338, PMC7645323, PMC7676202, PMC7694436, PMC7807199, PMC7811365, PMC7814734, PMC7893805, PMC7904523, PMC8040480, PMC8076414, PMC8097863, PMC8187992, PMC8261971, PMC8294092, PMC8309475, PMC8366957, PMC8381068, PMC8382950, PMC8441126, PMC8647299, PMC8665342, PMC8919664, PMC8962127, PMC8971384, PMC9080063, PMC9206573, PMC9236897, PMC9275886, PMC9320112, PMC9339598, PMC9561255, PMC9726269, PMC9782440, PMC9854827, PMC9856031, PMC9909214, PMC9925051, PMC9945756, PMC9991042","PMC10288420, PMC10703823, PMC12108652, PMC3829770, PMC3926498, PMC4204190, PMC5373515, PMC5455643, PMC6136473, PMC6781330, PMC7528055, PMC7925396, PMC8010662, PMC8047219, PMC8184675, PMC8306468, PMC8707254, PMC8717387, PMC9251783",61.82,61.48,57.1,57.1,1461,222,114,19,633,685,653,705,forward,reverse_complement,3,4,4,,"PMC10142914,PMC10212705,PMC10266046,PMC10478283,PMC10659042,PMC10800782,PMC10849785,PMC10929792,PMC10936096,PMC11001392,PMC11084186,PMC11330132,PMC11391719,PMC11562097,PMC11565289,PMC11590406,PMC11633500,PMC11896475,PMC11947814,PMC11977094,PMC12001474,PMC12024643,PMC12073084,PMC12074812,PMC3569421,PMC3880843,PMC4028224,PMC4203828,PMC4317596,PMC4375934,PMC4388628,PMC4738707,PMC4767937,PMC4773240,PMC4948698,PMC5030629,PMC5192052,PMC5239543,PMC5355733,PMC5548928,PMC5776773,PMC5951430,PMC5970187,PMC5996090,PMC6002551,PMC6029469,PMC6120750,PMC6134938,PMC6154708,PMC6241358,PMC6391470,PMC6410690,PMC6533502,PMC6561377,PMC6594288,PMC6811605,PMC6889321,PMC6916635,PMC6964093,PMC6996099,PMC7011343,PMC7012241,PMC7033235,PMC7073820,PMC7165343,PMC7193115,PMC7233608,PMC7435717,PMC7446217,PMC7488079,PMC7539105,PMC7576269,PMC7583167,PMC7609060,PMC7610338,PMC7645323,PMC7676202,PMC7694436,PMC7807199,PMC7811365,PMC7814734,PMC7893805,PMC7904523,PMC8040480,PMC8076414,PMC8097863,PMC8187992,PMC8261971,PMC8294092,PMC8309475,PMC8366957,PMC8381068,PMC8382950,PMC8441126,PMC8647299,PMC8665342,PMC8919664,PMC8962127,PMC8971384,PMC9080063,PMC9206573,PMC9236897,PMC9275886,PMC9320112,PMC9339598,PMC9561255,PMC9726269,PMC9782440,PMC9854827,PMC9856031,PMC9909214,PMC9925051,PMC9945756,PMC9991042","PMC10288420,PMC10703823,PMC12108652,PMC3829770,PMC3926498,PMC4204190,PMC5373515,PMC5455643,PMC6136473,PMC6781330,PMC7528055,PMC7925396,PMC8010662,PMC8047219,PMC8184675,PMC8306468,PMC8707254,PMC8717387,PMC9251783",,0,0,19,114,0,0.47356792217859783,0.7888888888888891,0.8866666666666655,65.07839610892987,
GGCGCTACCTGTATCAATGG,CGCCTGGGTCTCTTCACTAC,PMF1-BGLAP,PMF1-BGLAP,"BGLAP (22), OCN (19), Osteocalcin (7), Ocn (3), hsa-OCN-forward (3), human (3), hOCN (2), 110 (1), 5BGLAP (1), ALP (1), BGLAP-F (1), BGLAP-Forward (1), Homo (1), Human (1), NM_199173.5 (1), NM_199173.6 (1), OC (1), OGN (1), OSC (1), Osteocalcin-F (1), Osteogenesis (1), The (1), VEGF (1)","Osteocalcin (5), RUNX2 (3), BGLAP (2), Bglap (2), Gene (2), Genes (2), Human (2), OC (2), OCN (2), C-3 (1), GAPDH (1), OCN-F (1), Osteogenic (1), Target (1)",0.004,0.004,90,45,"PMC10160763, PMC10379034, PMC10441659, PMC10444653, PMC10643473, PMC10878834, PMC10976750, PMC11259626, PMC11269795, PMC11301355, PMC11332729, PMC11559230, PMC11595442, PMC11762233, PMC11763229, PMC11818253, PMC11823243, PMC11892751, PMC11944977, PMC12080316, PMC12087957, PMC12091229, PMC2646266, PMC3799771, PMC3805512, PMC4178031, PMC4201491, PMC4329829, PMC4404686, PMC4836087, PMC4879177, PMC4886818, PMC5057179, PMC5072612, PMC5164906, PMC5297792, PMC5322661, PMC5490090, PMC5493527, PMC5513456, PMC5583332, PMC5658998, PMC5668416, PMC5680323, PMC5704576, PMC5780081, PMC5800449, PMC6092836, PMC6172397, PMC6265790, PMC6323209, PMC6685704, PMC6861671, PMC6920280, PMC7266346, PMC7294393, PMC7315279, PMC7378902, PMC7475978, PMC7897289, PMC7920808, PMC8353646, PMC8395443, PMC8508916, PMC8520689, PMC8525028, PMC8554986, PMC8670285, PMC8722308, PMC8818240, PMC8868595, PMC9097555, PMC9175016, PMC9233575, PMC9354009, PMC9355958, PMC9477632, PMC9564153, PMC9570360, PMC9796874, PMC9821985, PMC9843530, PMC9963438, PMC9964429, PMC9993741","PMC10142914, PMC10815924, PMC10953090, PMC11071322, PMC11251957, PMC11413851, PMC11468810, PMC11523078, PMC11657990, PMC11895669, PMC11941504, PMC11941925, PMC12104865, PMC2212719, PMC2582889, PMC4055128, PMC4223691, PMC4718960, PMC4790631, PMC5003369, PMC5122164, PMC5292195, PMC5987610, PMC6009779, PMC6124053, PMC6145055, PMC6202397, PMC6525797, PMC6776644, PMC6833923, PMC6883626, PMC7023766, PMC7285613, PMC7351982, PMC7500044, PMC7503232, PMC7644787, PMC7884435, PMC8057913, PMC8170469, PMC8312462, PMC9014318, PMC9337630, PMC9500064, PMC9676210",59.13,60.47,55.0,60.0,1773,1049,85,45,677,661,696,680,forward,reverse_complement,4,2,4,"PMC10160763,PMC10379034,PMC10441659,PMC10444653,PMC10643473,PMC10878834,PMC10976750,PMC11259626,PMC11269795,PMC11301355,PMC11332729,PMC11559230,PMC11595442,PMC11762233,PMC11763229,PMC11818253,PMC11823243,PMC11892751,PMC11944977,PMC12080316,PMC12087957,PMC12091229,PMC2646266,PMC3799771,PMC3805512,PMC4178031,PMC4201491,PMC4329829,PMC4404686,PMC4836087,PMC4879177,PMC4886818,PMC5057179,PMC5072612,PMC5164906,PMC5297792,PMC5322661,PMC5490090,PMC5493527,PMC5513456,PMC5583332,PMC5658998,PMC5668416,PMC5680323,PMC5704576,PMC5780081,PMC5800449,PMC6092836,PMC6172397,PMC6265790,PMC6323209,PMC6685704,PMC6861671,PMC6920280,PMC7266346,PMC7294393,PMC7315279,PMC7378902,PMC7475978,PMC7897289,PMC7920808,PMC8353646,PMC8395443,PMC8508916,PMC8520689,PMC8525028,PMC8554986,PMC8670285,PMC8722308,PMC8818240,PMC8868595,PMC9097555,PMC9175016,PMC9233575,PMC9354009,PMC9355958,PMC9477632,PMC9564153,PMC9570360,PMC9796874,PMC9821985,PMC9843530,PMC9963438,PMC9964429,PMC9993741",,"PMC10142914,PMC10815924,PMC10953090,PMC11071322,PMC11251957,PMC11413851,PMC11468810,PMC11523078,PMC11657990,PMC11895669,PMC11941504,PMC11941925,PMC12104865,PMC2582889,PMC4055128,PMC4223691,PMC4718960,PMC4790631,PMC5003369,PMC5122164,PMC5987610,PMC6009779,PMC6124053,PMC6145055,PMC6202397,PMC6525797,PMC6776644,PMC6833923,PMC6883626,PMC7023766,PMC7285613,PMC7351982,PMC7500044,PMC7503232,PMC7644787,PMC7884435,PMC8057913,PMC8170469,PMC8312462,PMC9014318,PMC9337630,PMC9500064,PMC9676210","PMC2212719,PMC5292195",0,85,43,0,2,0.7793789256746044,0.8805555555555555,0.5533333333333346,76.45227961706358,
GGCGCTACCTGTATCAATGG,GTGGTCAGCCAACTCGTCA,PMF1-BGLAP,PMF1-BGLAP,"BGLAP (22), OCN (19), Osteocalcin (7), Ocn (3), hsa-OCN-forward (3), human (3), hOCN (2), 110 (1), 5BGLAP (1), ALP (1), BGLAP-F (1), BGLAP-Forward (1), Homo (1), Human (1), NM_199173.5 (1), NM_199173.6 (1), OC (1), OGN (1), OSC (1), Osteocalcin-F (1), Osteogenesis (1), The (1), VEGF (1)","BGLAP (5), hsa-OCN-reverse (3), Gene (2), 5BGLAP (1), BGLAP-Reverse (1), COL1a1 (1), Direction (1), NM_001173531.1 (1), OCN (1), OCT4 (1), OSC (1), Orientation (1), Osteocalcin (1), Osterix (1), Target (1)",0.004,0.011,90,38,"PMC10160763, PMC10379034, PMC10441659, PMC10444653, PMC10643473, PMC10878834, PMC10976750, PMC11259626, PMC11269795, PMC11301355, PMC11332729, PMC11559230, PMC11595442, PMC11762233, PMC11763229, PMC11818253, PMC11823243, PMC11892751, PMC11944977, PMC12080316, PMC12087957, PMC12091229, PMC2646266, PMC3799771, PMC3805512, PMC4178031, PMC4201491, PMC4329829, PMC4404686, PMC4836087, PMC4879177, PMC4886818, PMC5057179, PMC5072612, PMC5164906, PMC5297792, PMC5322661, PMC5490090, PMC5493527, PMC5513456, PMC5583332, PMC5658998, PMC5668416, PMC5680323, PMC5704576, PMC5780081, PMC5800449, PMC6092836, PMC6172397, PMC6265790, PMC6323209, PMC6685704, PMC6861671, PMC6920280, PMC7266346, PMC7294393, PMC7315279, PMC7378902, PMC7475978, PMC7897289, PMC7920808, PMC8353646, PMC8395443, PMC8508916, PMC8520689, PMC8525028, PMC8554986, PMC8670285, PMC8722308, PMC8818240, PMC8868595, PMC9097555, PMC9175016, PMC9233575, PMC9354009, PMC9355958, PMC9477632, PMC9564153, PMC9570360, PMC9796874, PMC9821985, PMC9843530, PMC9963438, PMC9964429, PMC9993741","PMC10441659, PMC10444653, PMC10643473, PMC11301355, PMC11332729, PMC11488691, PMC11818253, PMC11892751, PMC11944977, PMC12087957, PMC4329829, PMC4879177, PMC4886818, PMC5057179, PMC5164906, PMC5583332, PMC5780081, PMC5800449, PMC6265790, PMC6383392, PMC6685704, PMC6861671, PMC6920280, PMC7475978, PMC7920808, PMC8670285, PMC8722308, PMC8818240, PMC9175016, PMC9233575, PMC9354009, PMC9355958, PMC9477632, PMC9564153, PMC9570360, PMC9843530",59.13,60.58,55.0,57.9,1773,710,85,36,677,768,696,786,forward,reverse_complement,4,3,3,"PMC10160763,PMC10379034,PMC10441659,PMC10444653,PMC10643473,PMC10878834,PMC10976750,PMC11259626,PMC11269795,PMC11301355,PMC11332729,PMC11559230,PMC11595442,PMC11762233,PMC11763229,PMC11818253,PMC11823243,PMC11892751,PMC11944977,PMC12080316,PMC12087957,PMC12091229,PMC2646266,PMC3799771,PMC3805512,PMC4178031,PMC4201491,PMC4329829,PMC4404686,PMC4836087,PMC4879177,PMC4886818,PMC5057179,PMC5072612,PMC5164906,PMC5297792,PMC5322661,PMC5490090,PMC5493527,PMC5513456,PMC5583332,PMC5658998,PMC5668416,PMC5680323,PMC5704576,PMC5780081,PMC5800449,PMC6092836,PMC6172397,PMC6265790,PMC6323209,PMC6685704,PMC6861671,PMC6920280,PMC7266346,PMC7294393,PMC7315279,PMC7378902,PMC7475978,PMC7897289,PMC7920808,PMC8353646,PMC8395443,PMC8508916,PMC8520689,PMC8525028,PMC8554986,PMC8670285,PMC8722308,PMC8818240,PMC8868595,PMC9097555,PMC9175016,PMC9233575,PMC9354009,PMC9355958,PMC9477632,PMC9564153,PMC9570360,PMC9796874,PMC9821985,PMC9843530,PMC9963438,PMC9964429,PMC9993741",,"PMC10441659,PMC10444653,PMC10643473,PMC11301355,PMC11332729,PMC11488691,PMC11818253,PMC11892751,PMC11944977,PMC12087957,PMC4329829,PMC4879177,PMC4886818,PMC5057179,PMC5164906,PMC5583332,PMC5780081,PMC5800449,PMC6265790,PMC6383392,PMC6685704,PMC6861671,PMC6920280,PMC7475978,PMC7920808,PMC8670285,PMC8722308,PMC8818240,PMC9175016,PMC9233575,PMC9354009,PMC9355958,PMC9477632,PMC9564153,PMC9570360,PMC9843530",,34,85,36,0,0,1.0,0.877777777777778,0.5166666666666682,86.6666666666667,"PMC10441659,PMC10444653,PMC10643473,PMC11301355,PMC11332729,PMC11818253,PMC11892751,PMC11944977,PMC12087957,PMC4329829,PMC4879177,PMC4886818,PMC5057179,PMC5164906,PMC5583332,PMC5780081,PMC5800449,PMC6265790,PMC6685704,PMC6861671,PMC6920280,PMC7475978,PMC7920808,PMC8670285,PMC8722308,PMC8818240,PMC9175016,PMC9233575,PMC9354009,PMC9355958,PMC9477632,PMC9564153,PMC9570360,PMC9843530"
GGCGCTACCTGTATCAATGG,GCCGTAGAAGCGCCGATAGGC,PMF1-BGLAP,PMF1-BGLAP,"BGLAP (22), OCN (19), Osteocalcin (7), Ocn (3), hsa-OCN-forward (3), human (3), hOCN (2), 110 (1), 5BGLAP (1), ALP (1), BGLAP-F (1), BGLAP-Forward (1), Homo (1), Human (1), NM_199173.5 (1), NM_199173.6 (1), OC (1), OGN (1), OSC (1), Osteocalcin-F (1), Osteogenesis (1), The (1), VEGF (1)","Osteocalcin (7), GAPDH (2), BGLAP (1), Col-1 (1), Gene (1), Glyceraldehyde-3 (1), OC (1), OC-R (1)",0.004,0.001,90,36,"PMC10160763, PMC10379034, PMC10441659, PMC10444653, PMC10643473, PMC10878834, PMC10976750, PMC11259626, PMC11269795, PMC11301355, PMC11332729, PMC11559230, PMC11595442, PMC11762233, PMC11763229, PMC11818253, PMC11823243, PMC11892751, PMC11944977, PMC12080316, PMC12087957, PMC12091229, PMC2646266, PMC3799771, PMC3805512, PMC4178031, PMC4201491, PMC4329829, PMC4404686, PMC4836087, PMC4879177, PMC4886818, PMC5057179, PMC5072612, PMC5164906, PMC5297792, PMC5322661, PMC5490090, PMC5493527, PMC5513456, PMC5583332, PMC5658998, PMC5668416, PMC5680323, PMC5704576, PMC5780081, PMC5800449, PMC6092836, PMC6172397, PMC6265790, PMC6323209, PMC6685704, PMC6861671, PMC6920280, PMC7266346, PMC7294393, PMC7315279, PMC7378902, PMC7475978, PMC7897289, PMC7920808, PMC8353646, PMC8395443, PMC8508916, PMC8520689, PMC8525028, PMC8554986, PMC8670285, PMC8722308, PMC8818240, PMC8868595, PMC9097555, PMC9175016, PMC9233575, PMC9354009, PMC9355958, PMC9477632, PMC9564153, PMC9570360, PMC9796874, PMC9821985, PMC9843530, PMC9963438, PMC9964429, PMC9993741","PMC10621931, PMC1079906, PMC11986050, PMC1794501, PMC2575631, PMC2950392, PMC3252365, PMC3353470, PMC3365132, PMC3430211, PMC3580562, PMC3613821, PMC3903490, PMC4055077, PMC4247692, PMC4369894, PMC4450897, PMC4516509, PMC4538412, PMC4729148, PMC4730281, PMC5055347, PMC5460492, PMC5531028, PMC5552222, PMC5615990, PMC5647033, PMC5811493, PMC5895002, PMC6058739, PMC6579983, PMC6720366, PMC7086144, PMC9147460",59.13,66.41,55.0,66.7,1773,539,85,34,677,802,696,822,forward,reverse_complement,4,4,6,"PMC10160763,PMC10379034,PMC10441659,PMC10444653,PMC10643473,PMC10878834,PMC10976750,PMC11259626,PMC11269795,PMC11301355,PMC11332729,PMC11559230,PMC11595442,PMC11762233,PMC11763229,PMC11818253,PMC11823243,PMC11892751,PMC11944977,PMC12080316,PMC12087957,PMC12091229,PMC2646266,PMC3799771,PMC3805512,PMC4178031,PMC4201491,PMC4329829,PMC4404686,PMC4836087,PMC4879177,PMC4886818,PMC5057179,PMC5072612,PMC5164906,PMC5297792,PMC5322661,PMC5490090,PMC5493527,PMC5513456,PMC5583332,PMC5658998,PMC5668416,PMC5680323,PMC5704576,PMC5780081,PMC5800449,PMC6092836,PMC6172397,PMC6265790,PMC6323209,PMC6685704,PMC6861671,PMC6920280,PMC7266346,PMC7294393,PMC7315279,PMC7378902,PMC7475978,PMC7897289,PMC7920808,PMC8353646,PMC8395443,PMC8508916,PMC8520689,PMC8525028,PMC8554986,PMC8670285,PMC8722308,PMC8818240,PMC8868595,PMC9097555,PMC9175016,PMC9233575,PMC9354009,PMC9355958,PMC9477632,PMC9564153,PMC9570360,PMC9796874,PMC9821985,PMC9843530,PMC9963438,PMC9964429,PMC9993741",,"PMC10621931,PMC1079906,PMC11986050,PMC1794501,PMC2575631,PMC2950392,PMC3252365,PMC3353470,PMC3365132,PMC3430211,PMC3580562,PMC3613821,PMC3903490,PMC4055077,PMC4247692,PMC4369894,PMC4450897,PMC4516509,PMC4538412,PMC4729148,PMC4730281,PMC5055347,PMC5460492,PMC5531028,PMC5552222,PMC5615990,PMC5647033,PMC5811493,PMC5895002,PMC6058739,PMC6579983,PMC6720366,PMC7086144,PMC9147460",,0,85,34,0,0,0.0,0.0,0.0,0.0,
GGCGCTACCTGTATCAATGG,CTCCTGAAAGCCGATGTGGTCA,PMF1-BGLAP,PMF1-BGLAP,"BGLAP (22), OCN (19), Osteocalcin (7), Ocn (3), hsa-OCN-forward (3), human (3), hOCN (2), 110 (1), 5BGLAP (1), ALP (1), BGLAP-F (1), BGLAP-Forward (1), Homo (1), Human (1), NM_199173.5 (1), NM_199173.6 (1), OC (1), OGN (1), OSC (1), Osteocalcin-F (1), Osteogenesis (1), The (1), VEGF (1)","BGLAP (4), Osteocalcin (3), Direction (2), ALPL (1), BGLAP-R (1), Bglap (1), Bglap2 (1), DSPP (1), Gene (1), OC (1), OCN (1), Osteocalin-Reverse (1), VEGF (1), hOCN-R (1)",0.004,0.000345,90,32,"PMC10160763, PMC10379034, PMC10441659, PMC10444653, PMC10643473, PMC10878834, PMC10976750, PMC11259626, PMC11269795, PMC11301355, PMC11332729, PMC11559230, PMC11595442, PMC11762233, PMC11763229, PMC11818253, PMC11823243, PMC11892751, PMC11944977, PMC12080316, PMC12087957, PMC12091229, PMC2646266, PMC3799771, PMC3805512, PMC4178031, PMC4201491, PMC4329829, PMC4404686, PMC4836087, PMC4879177, PMC4886818, PMC5057179, PMC5072612, PMC5164906, PMC5297792, PMC5322661, PMC5490090, PMC5493527, PMC5513456, PMC5583332, PMC5658998, PMC5668416, PMC5680323, PMC5704576, PMC5780081, PMC5800449, PMC6092836, PMC6172397, PMC6265790, PMC6323209, PMC6685704, PMC6861671, PMC6920280, PMC7266346, PMC7294393, PMC7315279, PMC7378902, PMC7475978, PMC7897289, PMC7920808, PMC8353646, PMC8395443, PMC8508916, PMC8520689, PMC8525028, PMC8554986, PMC8670285, PMC8722308, PMC8818240, PMC8868595, PMC9097555, PMC9175016, PMC9233575, PMC9354009, PMC9355958, PMC9477632, PMC9564153, PMC9570360, PMC9796874, PMC9821985, PMC9843530, PMC9963438, PMC9964429, PMC9993741","PMC10222618, PMC10387216, PMC10407617, PMC10454939, PMC10779481, PMC10809007, PMC10903013, PMC11118509, PMC11129143, PMC11197745, PMC11330066, PMC11361852, PMC11439940, PMC11561506, PMC11744864, PMC11755084, PMC11817755, PMC11867901, PMC12085028, PMC3788782, PMC6151224, PMC7300400, PMC7407412, PMC7504673, PMC7746460, PMC7817818, PMC7885459, PMC8411547, PMC8963903, PMC9617701, PMC9750767, PMC9953662",59.13,63.23,55.0,54.5,1773,137,85,32,677,780,696,801,forward,reverse_complement,4,3,3,"PMC10160763,PMC10379034,PMC10441659,PMC10444653,PMC10643473,PMC10878834,PMC10976750,PMC11259626,PMC11269795,PMC11301355,PMC11332729,PMC11559230,PMC11595442,PMC11762233,PMC11763229,PMC11818253,PMC11823243,PMC11892751,PMC11944977,PMC12080316,PMC12087957,PMC12091229,PMC2646266,PMC3799771,PMC3805512,PMC4178031,PMC4201491,PMC4329829,PMC4404686,PMC4836087,PMC4879177,PMC4886818,PMC5057179,PMC5072612,PMC5164906,PMC5297792,PMC5322661,PMC5490090,PMC5493527,PMC5513456,PMC5583332,PMC5658998,PMC5668416,PMC5680323,PMC5704576,PMC5780081,PMC5800449,PMC6092836,PMC6172397,PMC6265790,PMC6323209,PMC6685704,PMC6861671,PMC6920280,PMC7266346,PMC7294393,PMC7315279,PMC7378902,PMC7475978,PMC7897289,PMC7920808,PMC8353646,PMC8395443,PMC8508916,PMC8520689,PMC8525028,PMC8554986,PMC8670285,PMC8722308,PMC8818240,PMC8868595,PMC9097555,PMC9175016,PMC9233575,PMC9354009,PMC9355958,PMC9477632,PMC9564153,PMC9570360,PMC9796874,PMC9821985,PMC9843530,PMC9963438,PMC9964429,PMC9993741",,"PMC10222618,PMC10387216,PMC10407617,PMC10454939,PMC10779481,PMC10809007,PMC10903013,PMC11118509,PMC11129143,PMC11197745,PMC11330066,PMC11361852,PMC11439940,PMC11561506,PMC11744864,PMC11755084,PMC11817755,PMC11867901,PMC12085028,PMC3788782,PMC6151224,PMC7300400,PMC7407412,PMC7504673,PMC7746460,PMC7817818,PMC7885459,PMC8411547,PMC8963903,PMC9617701,PMC9750767,PMC9953662",,0,85,32,0,0,0.7504385363644591,0.7722222222222226,0.0,60.68859348488963,
GGCGCTACCTGTATCAATGG,TCAGCCAACTCGTCACAGTC,PMF1-BGLAP,PMF1-BGLAP,"BGLAP (22), OCN (19), Osteocalcin (7), Ocn (3), hsa-OCN-forward (3), human (3), hOCN (2), 110 (1), 5BGLAP (1), ALP (1), BGLAP-F (1), BGLAP-Forward (1), Homo (1), Human (1), NM_199173.5 (1), NM_199173.6 (1), OC (1), OGN (1), OSC (1), Osteocalcin-F (1), Osteogenesis (1), The (1), VEGF (1)","BGLAP (18), Osteocalcin (18), OCN (13), Gene (7), Human (3), human (3), GAPDH (2), NM_199173.5 (2), The (2), ALP (1), BGLAP-R (1), Bone (1), CAGTC (1), CxCr4 (1), Direction (1), FGF23 (1), Genes (1), H-OCN-R1 (1), MasterMix (1), NM_199173 (1), NM_199173.3 (1), OC (1), OC-R (1), OCN- (1), OCN-F (1), OSTEOCALCIN (1), OTC (1), Osteocalcin-R (1), Osteogenesis (1), TGF- (1), hum_OCN_5/3 (1)",0.004,0.004,90,141,"PMC10160763, PMC10379034, PMC10441659, PMC10444653, PMC10643473, PMC10878834, PMC10976750, PMC11259626, PMC11269795, PMC11301355, PMC11332729, PMC11559230, PMC11595442, PMC11762233, PMC11763229, PMC11818253, PMC11823243, PMC11892751, PMC11944977, PMC12080316, PMC12087957, PMC12091229, PMC2646266, PMC3799771, PMC3805512, PMC4178031, PMC4201491, PMC4329829, PMC4404686, PMC4836087, PMC4879177, PMC4886818, PMC5057179, PMC5072612, PMC5164906, PMC5297792, PMC5322661, PMC5490090, PMC5493527, PMC5513456, PMC5583332, PMC5658998, PMC5668416, PMC5680323, PMC5704576, PMC5780081, PMC5800449, PMC6092836, PMC6172397, PMC6265790, PMC6323209, PMC6685704, PMC6861671, PMC6920280, PMC7266346, PMC7294393, PMC7315279, PMC7378902, PMC7475978, PMC7897289, PMC7920808, PMC8353646, PMC8395443, PMC8508916, PMC8520689, PMC8525028, PMC8554986, PMC8670285, PMC8722308, PMC8818240, PMC8868595, PMC9097555, PMC9175016, PMC9233575, PMC9354009, PMC9355958, PMC9477632, PMC9564153, PMC9570360, PMC9796874, PMC9821985, PMC9843530, PMC9963438, PMC9964429, PMC9993741","PMC10034518, PMC10379034, PMC10406694, PMC10552899, PMC10618393, PMC10743052, PMC10858363, PMC10878834, PMC10889793, PMC10976750, PMC11122527, PMC11259626, PMC11269795, PMC11499919, PMC11559138, PMC11562309, PMC11578294, PMC11591890, PMC11595442, PMC11762233, PMC11794764, PMC11839199, PMC11918522, PMC12072047, PMC12080316, PMC12091229, PMC12107957, PMC2646266, PMC3136101, PMC3170288, PMC3446456, PMC3471036, PMC3706764, PMC3799771, PMC3805512, PMC3849435, PMC3907683, PMC3914586, PMC4055119, PMC4077650, PMC4081551, PMC4087006, PMC4178031, PMC4201491, PMC4227163, PMC4298333, PMC4404686, PMC4416238, PMC4451686, PMC4500612, PMC4539932, PMC4559195, PMC4562352, PMC4674106, PMC4676112, PMC4707328, PMC4813262, PMC4880889, PMC4899037, PMC4932130, PMC5072612, PMC5099844, PMC5164905, PMC5322661, PMC5358692, PMC5360390, PMC5493527, PMC5551777, PMC5552848, PMC5573935, PMC5658998, PMC5667471, PMC5690675, PMC5733904, PMC5746324, PMC5895940, PMC5997644, PMC6008747, PMC6073779, PMC6092836, PMC6095197, PMC6163325, PMC6172397, PMC6263063, PMC6323209, PMC6371545, PMC6434481, PMC6494860, PMC6538993, PMC6594112, PMC6743420, PMC6918167, PMC7191235, PMC7266346, PMC7315279, PMC7334395, PMC7352200, PMC7378902, PMC7545469, PMC7555878, PMC7564340, PMC7653780, PMC7691854, PMC7736623, PMC7751477, PMC7848378, PMC7897289, PMC8027176, PMC8063876, PMC8257615, PMC8353646, PMC8395443, PMC8399135, PMC8508916, PMC8520689, PMC8525028, PMC8554986, PMC8717537, PMC8758693, PMC8805820, PMC8868595, PMC8897656, PMC8949995, PMC8998418, PMC9097555, PMC9161927, PMC9406723, PMC9663507, PMC9778583, PMC9796874, PMC9857206, PMC9869574, PMC9934467, PMC9949900, PMC9963438, PMC9964429, PMC9993741",59.13,60.61,55.0,55.0,1773,2507,85,137,677,763,696,782,forward,reverse_complement,4,3,4,"PMC10160763,PMC10379034,PMC10441659,PMC10444653,PMC10643473,PMC10878834,PMC10976750,PMC11259626,PMC11269795,PMC11301355,PMC11332729,PMC11559230,PMC11595442,PMC11762233,PMC11763229,PMC11818253,PMC11823243,PMC11892751,PMC11944977,PMC12080316,PMC12087957,PMC12091229,PMC2646266,PMC3799771,PMC3805512,PMC4178031,PMC4201491,PMC4329829,PMC4404686,PMC4836087,PMC4879177,PMC4886818,PMC5057179,PMC5072612,PMC5164906,PMC5297792,PMC5322661,PMC5490090,PMC5493527,PMC5513456,PMC5583332,PMC5658998,PMC5668416,PMC5680323,PMC5704576,PMC5780081,PMC5800449,PMC6092836,PMC6172397,PMC6265790,PMC6323209,PMC6685704,PMC6861671,PMC6920280,PMC7266346,PMC7294393,PMC7315279,PMC7378902,PMC7475978,PMC7897289,PMC7920808,PMC8353646,PMC8395443,PMC8508916,PMC8520689,PMC8525028,PMC8554986,PMC8670285,PMC8722308,PMC8818240,PMC8868595,PMC9097555,PMC9175016,PMC9233575,PMC9354009,PMC9355958,PMC9477632,PMC9564153,PMC9570360,PMC9796874,PMC9821985,PMC9843530,PMC9963438,PMC9964429,PMC9993741",,"PMC10034518,PMC10379034,PMC10552899,PMC10618393,PMC10858363,PMC10878834,PMC10889793,PMC10976750,PMC11122527,PMC11259626,PMC11269795,PMC11559138,PMC11578294,PMC11591890,PMC11595442,PMC11762233,PMC11794764,PMC11839199,PMC11918522,PMC12080316,PMC12091229,PMC2646266,PMC3136101,PMC3446456,PMC3799771,PMC3805512,PMC3849435,PMC3907683,PMC3914586,PMC4055119,PMC4077650,PMC4081551,PMC4087006,PMC4178031,PMC4201491,PMC4227163,PMC4298333,PMC4404686,PMC4539932,PMC4562352,PMC4674106,PMC4676112,PMC4707328,PMC4880889,PMC4899037,PMC4932130,PMC5072612,PMC5099844,PMC5164905,PMC5322661,PMC5358692,PMC5360390,PMC5493527,PMC5551777,PMC5573935,PMC5658998,PMC5690675,PMC5733904,PMC5746324,PMC5895940,PMC5997644,PMC6073779,PMC6092836,PMC6095197,PMC6172397,PMC6263063,PMC6323209,PMC6371545,PMC6434481,PMC6743420,PMC7191235,PMC7266346,PMC7315279,PMC7378902,PMC7555878,PMC7564340,PMC7653780,PMC7736623,PMC7751477,PMC7897289,PMC8027176,PMC8063876,PMC8257615,PMC8353646,PMC8395443,PMC8399135,PMC8508916,PMC8520689,PMC8525028,PMC8554986,PMC8717537,PMC8758693,PMC8805820,PMC8868595,PMC8949995,PMC9097555,PMC9161927,PMC9406723,PMC9663507,PMC9778583,PMC9796874,PMC9857206,PMC9869574,PMC9949900,PMC9963438,PMC9964429,PMC9993741","PMC10406694,PMC10743052,PMC11499919,PMC11562309,PMC12072047,PMC12107957,PMC3170288,PMC3471036,PMC3706764,PMC4416238,PMC4451686,PMC4500612,PMC4559195,PMC4813262,PMC5552848,PMC5667471,PMC6008747,PMC6163325,PMC6494860,PMC6538993,PMC6594112,PMC6918167,PMC7334395,PMC7352200,PMC7545469,PMC7691854,PMC7848378,PMC8897656,PMC8998418,PMC9934467",38,85,107,0,30,1.0,0.9177777777777778,0.5066666666666677,87.66666666666669,"PMC10379034,PMC10878834,PMC10976750,PMC11259626,PMC11269795,PMC11595442,PMC11762233,PMC12080316,PMC12091229,PMC2646266,PMC3799771,PMC3805512,PMC4178031,PMC4201491,PMC4404686,PMC5072612,PMC5322661,PMC5493527,PMC5658998,PMC6092836,PMC6172397,PMC6323209,PMC7266346,PMC7315279,PMC7378902,PMC7897289,PMC8353646,PMC8395443,PMC8508916,PMC8520689,PMC8525028,PMC8554986,PMC8868595,PMC9097555,PMC9796874,PMC9963438,PMC9964429,PMC9993741"
GGCGCTACCTGTATCAATGG,GGTCAGCCAACTCGTCACAGTC,PMF1-BGLAP,PMF1-BGLAP,"BGLAP (22), OCN (19), Osteocalcin (7), Ocn (3), hsa-OCN-forward (3), human (3), hOCN (2), 110 (1), 5BGLAP (1), ALP (1), BGLAP-F (1), BGLAP-Forward (1), Homo (1), Human (1), NM_199173.5 (1), NM_199173.6 (1), OC (1), OGN (1), OSC (1), Osteocalcin-F (1), Osteogenesis (1), The (1), VEGF (1)","OCN (9), BGLAP (2), 50 (1), Actin (1), Antibodies (1), COL (1), COLI (1), Fn1 (1), G6PDH (1), Gene (1), NM000711 (1), Osteocalcin (1), RUNX2 (1), Runx2 (1), TCF-4 (1), h-OCN-R (1), h-Ocn (1), h-Ocn-R (1)",0.004,0.000345,90,54,"PMC10160763, PMC10379034, PMC10441659, PMC10444653, PMC10643473, PMC10878834, PMC10976750, PMC11259626, PMC11269795, PMC11301355, PMC11332729, PMC11559230, PMC11595442, PMC11762233, PMC11763229, PMC11818253, PMC11823243, PMC11892751, PMC11944977, PMC12080316, PMC12087957, PMC12091229, PMC2646266, PMC3799771, PMC3805512, PMC4178031, PMC4201491, PMC4329829, PMC4404686, PMC4836087, PMC4879177, PMC4886818, PMC5057179, PMC5072612, PMC5164906, PMC5297792, PMC5322661, PMC5490090, PMC5493527, PMC5513456, PMC5583332, PMC5658998, PMC5668416, PMC5680323, PMC5704576, PMC5780081, PMC5800449, PMC6092836, PMC6172397, PMC6265790, PMC6323209, PMC6685704, PMC6861671, PMC6920280, PMC7266346, PMC7294393, PMC7315279, PMC7378902, PMC7475978, PMC7897289, PMC7920808, PMC8353646, PMC8395443, PMC8508916, PMC8520689, PMC8525028, PMC8554986, PMC8670285, PMC8722308, PMC8818240, PMC8868595, PMC9097555, PMC9175016, PMC9233575, PMC9354009, PMC9355958, PMC9477632, PMC9564153, PMC9570360, PMC9796874, PMC9821985, PMC9843530, PMC9963438, PMC9964429, PMC9993741","PMC10002049, PMC10154459, PMC10282952, PMC10294445, PMC10337197, PMC10813297, PMC10878154, PMC11010622, PMC11067224, PMC11471398, PMC11476683, PMC11797752, PMC12097015, PMC12098891, PMC3869757, PMC4012947, PMC4200022, PMC4264207, PMC4270765, PMC4464659, PMC4630184, PMC4914939, PMC5109898, PMC5268458, PMC5439454, PMC5653327, PMC5695137, PMC5762292, PMC5780180, PMC5835706, PMC5852880, PMC6072152, PMC6097469, PMC6325129, PMC6722737, PMC6818209, PMC6896396, PMC6921428, PMC7028870, PMC7073499, PMC7102919, PMC7395790, PMC7581448, PMC7946453, PMC8051722, PMC8076131, PMC8961311, PMC8973756, PMC9117959, PMC9276041, PMC9284897, PMC9346378, PMC9571456",59.13,63.99,55.0,59.1,1773,698,85,53,677,763,696,784,forward,reverse_complement,4,3,4,"PMC10160763,PMC10379034,PMC10441659,PMC10444653,PMC10643473,PMC10878834,PMC10976750,PMC11259626,PMC11269795,PMC11301355,PMC11332729,PMC11559230,PMC11595442,PMC11762233,PMC11763229,PMC11818253,PMC11823243,PMC11892751,PMC11944977,PMC12080316,PMC12087957,PMC12091229,PMC2646266,PMC3799771,PMC3805512,PMC4178031,PMC4201491,PMC4329829,PMC4404686,PMC4836087,PMC4879177,PMC4886818,PMC5057179,PMC5072612,PMC5164906,PMC5297792,PMC5322661,PMC5490090,PMC5493527,PMC5513456,PMC5583332,PMC5658998,PMC5668416,PMC5680323,PMC5704576,PMC5780081,PMC5800449,PMC6092836,PMC6172397,PMC6265790,PMC6323209,PMC6685704,PMC6861671,PMC6920280,PMC7266346,PMC7294393,PMC7315279,PMC7378902,PMC7475978,PMC7897289,PMC7920808,PMC8353646,PMC8395443,PMC8508916,PMC8520689,PMC8525028,PMC8554986,PMC8670285,PMC8722308,PMC8818240,PMC8868595,PMC9097555,PMC9175016,PMC9233575,PMC9354009,PMC9355958,PMC9477632,PMC9564153,PMC9570360,PMC9796874,PMC9821985,PMC9843530,PMC9963438,PMC9964429,PMC9993741",,"PMC10002049,PMC10154459,PMC10282952,PMC10294445,PMC10337197,PMC10813297,PMC10878154,PMC11010622,PMC11067224,PMC11471398,PMC11476683,PMC11797752,PMC12097015,PMC12098891,PMC3869757,PMC4012947,PMC4200022,PMC4264207,PMC4270765,PMC4464659,PMC4630184,PMC4914939,PMC5109898,PMC5268458,PMC5439454,PMC5653327,PMC5695137,PMC5762292,PMC5780180,PMC5835706,PMC5852880,PMC6072152,PMC6097469,PMC6325129,PMC6722737,PMC6818209,PMC6896396,PMC6921428,PMC7028870,PMC7073499,PMC7102919,PMC7395790,PMC7581448,PMC7946453,PMC8051722,PMC8076131,PMC8961311,PMC8973756,PMC9117959,PMC9276041,PMC9284897,PMC9346378,PMC9571456",,0,85,53,0,0,0.7969207498225328,0.7155555555555557,0.0,61.312704157793306,
GGCGCTACCTGTATCAATGG,CTGGAGAGGAGCAGAACTGG,PMF1-BGLAP,PMF1-BGLAP,"BGLAP (22), OCN (19), Osteocalcin (7), Ocn (3), hsa-OCN-forward (3), human (3), hOCN (2), 110 (1), 5BGLAP (1), ALP (1), BGLAP-F (1), BGLAP-Forward (1), Homo (1), Human (1), NM_199173.5 (1), NM_199173.6 (1), OC (1), OGN (1), OSC (1), Osteocalcin-F (1), Osteogenesis (1), The (1), VEGF (1)","Gene (3), OCN (3), BGLAP (2), Human (2), Osteocalcin (2), GAPDH (1), OCN--R (1), OCN-R (1), OTC (1), Primers (1), Shengong (1)",0.004,0.004,90,34,"PMC10160763, PMC10379034, PMC10441659, PMC10444653, PMC10643473, PMC10878834, PMC10976750, PMC11259626, PMC11269795, PMC11301355, PMC11332729, PMC11559230, PMC11595442, PMC11762233, PMC11763229, PMC11818253, PMC11823243, PMC11892751, PMC11944977, PMC12080316, PMC12087957, PMC12091229, PMC2646266, PMC3799771, PMC3805512, PMC4178031, PMC4201491, PMC4329829, PMC4404686, PMC4836087, PMC4879177, PMC4886818, PMC5057179, PMC5072612, PMC5164906, PMC5297792, PMC5322661, PMC5490090, PMC5493527, PMC5513456, PMC5583332, PMC5658998, PMC5668416, PMC5680323, PMC5704576, PMC5780081, PMC5800449, PMC6092836, PMC6172397, PMC6265790, PMC6323209, PMC6685704, PMC6861671, PMC6920280, PMC7266346, PMC7294393, PMC7315279, PMC7378902, PMC7475978, PMC7897289, PMC7920808, PMC8353646, PMC8395443, PMC8508916, PMC8520689, PMC8525028, PMC8554986, PMC8670285, PMC8722308, PMC8818240, PMC8868595, PMC9097555, PMC9175016, PMC9233575, PMC9354009, PMC9355958, PMC9477632, PMC9564153, PMC9570360, PMC9796874, PMC9821985, PMC9843530, PMC9963438, PMC9964429, PMC9993741","PMC10658208, PMC11499919, PMC11562309, PMC11706895, PMC12013848, PMC12107957, PMC3170288, PMC3215189, PMC3692432, PMC3722850, PMC3854245, PMC4135228, PMC4190335, PMC4497709, PMC4500612, PMC4559195, PMC4813262, PMC5018325, PMC5151109, PMC5213995, PMC5214565, PMC5552848, PMC5769534, PMC6008747, PMC6163325, PMC6494860, PMC6594112, PMC6868153, PMC6990577, PMC7334395, PMC7545469, PMC7673024, PMC8262658, PMC9882893",59.13,60.12,55.0,60.0,1773,671,85,34,677,862,696,881,forward,reverse_complement,4,3,3,"PMC10160763,PMC10379034,PMC10441659,PMC10444653,PMC10643473,PMC10878834,PMC10976750,PMC11259626,PMC11269795,PMC11301355,PMC11332729,PMC11559230,PMC11595442,PMC11762233,PMC11763229,PMC11818253,PMC11823243,PMC11892751,PMC11944977,PMC12080316,PMC12087957,PMC12091229,PMC2646266,PMC3799771,PMC3805512,PMC4178031,PMC4201491,PMC4329829,PMC4404686,PMC4836087,PMC4879177,PMC4886818,PMC5057179,PMC5072612,PMC5164906,PMC5297792,PMC5322661,PMC5490090,PMC5493527,PMC5513456,PMC5583332,PMC5658998,PMC5668416,PMC5680323,PMC5704576,PMC5780081,PMC5800449,PMC6092836,PMC6172397,PMC6265790,PMC6323209,PMC6685704,PMC6861671,PMC6920280,PMC7266346,PMC7294393,PMC7315279,PMC7378902,PMC7475978,PMC7897289,PMC7920808,PMC8353646,PMC8395443,PMC8508916,PMC8520689,PMC8525028,PMC8554986,PMC8670285,PMC8722308,PMC8818240,PMC8868595,PMC9097555,PMC9175016,PMC9233575,PMC9354009,PMC9355958,PMC9477632,PMC9564153,PMC9570360,PMC9796874,PMC9821985,PMC9843530,PMC9963438,PMC9964429,PMC9993741",,"PMC10658208,PMC11499919,PMC11562309,PMC11706895,PMC12013848,PMC12107957,PMC3170288,PMC3215189,PMC3692432,PMC3722850,PMC3854245,PMC4135228,PMC4190335,PMC4497709,PMC4500612,PMC4559195,PMC4813262,PMC5018325,PMC5151109,PMC5213995,PMC5214565,PMC5552848,PMC5769534,PMC6008747,PMC6163325,PMC6494860,PMC6594112,PMC6868153,PMC6990577,PMC7334395,PMC7545469,PMC7673024,PMC8262658,PMC9882893",,0,85,34,0,0,0.7559921755021789,0.8611111111111112,0.6700000000000017,77.03294210844231,
GGCGCTACCTGTATCAATGG,CCTGAAAGCCGATGTGGT,PMF1-BGLAP,PMF1-BGLAP,"BGLAP (22), OCN (19), Osteocalcin (7), Ocn (3), hsa-OCN-forward (3), human (3), hOCN (2), 110 (1), 5BGLAP (1), ALP (1), BGLAP-F (1), BGLAP-Forward (1), Homo (1), Human (1), NM_199173.5 (1), NM_199173.6 (1), OC (1), OGN (1), OSC (1), Osteocalcin-F (1), Osteogenesis (1), The (1), VEGF (1)","OCN (6), BSP-R (2), Gene (2), OCN-R (2), ALP (1), CCTGA (1), OC (1), OCN6 (1), Osteocalcin (1), hsa-OCN-R (1)",0.004,0.028,90,26,"PMC10160763, PMC10379034, PMC10441659, PMC10444653, PMC10643473, PMC10878834, PMC10976750, PMC11259626, PMC11269795, PMC11301355, PMC11332729, PMC11559230, PMC11595442, PMC11762233, PMC11763229, PMC11818253, PMC11823243, PMC11892751, PMC11944977, PMC12080316, PMC12087957, PMC12091229, PMC2646266, PMC3799771, PMC3805512, PMC4178031, PMC4201491, PMC4329829, PMC4404686, PMC4836087, PMC4879177, PMC4886818, PMC5057179, PMC5072612, PMC5164906, PMC5297792, PMC5322661, PMC5490090, PMC5493527, PMC5513456, PMC5583332, PMC5658998, PMC5668416, PMC5680323, PMC5704576, PMC5780081, PMC5800449, PMC6092836, PMC6172397, PMC6265790, PMC6323209, PMC6685704, PMC6861671, PMC6920280, PMC7266346, PMC7294393, PMC7315279, PMC7378902, PMC7475978, PMC7897289, PMC7920808, PMC8353646, PMC8395443, PMC8508916, PMC8520689, PMC8525028, PMC8554986, PMC8670285, PMC8722308, PMC8818240, PMC8868595, PMC9097555, PMC9175016, PMC9233575, PMC9354009, PMC9355958, PMC9477632, PMC9564153, PMC9570360, PMC9796874, PMC9821985, PMC9843530, PMC9963438, PMC9964429, PMC9993741","PMC10070041, PMC10222704, PMC10285757, PMC3763164, PMC4655957, PMC5472052, PMC5702518, PMC5774528, PMC5837092, PMC6029428, PMC6080583, PMC6248998, PMC6333395, PMC6484321, PMC6756869, PMC6811559, PMC6812411, PMC7579890, PMC8273062, PMC8290518, PMC8570085, PMC8678408, PMC8800246, PMC8865099",59.13,57.92,55.0,55.6,1773,362,85,24,677,782,696,799,forward,reverse_complement,4,2,3,"PMC10160763,PMC10379034,PMC10441659,PMC10444653,PMC10643473,PMC10878834,PMC10976750,PMC11259626,PMC11269795,PMC11301355,PMC11332729,PMC11559230,PMC11595442,PMC11762233,PMC11763229,PMC11818253,PMC11823243,PMC11892751,PMC11944977,PMC12080316,PMC12087957,PMC12091229,PMC2646266,PMC3799771,PMC3805512,PMC4178031,PMC4201491,PMC4329829,PMC4404686,PMC4836087,PMC4879177,PMC4886818,PMC5057179,PMC5072612,PMC5164906,PMC5297792,PMC5322661,PMC5490090,PMC5493527,PMC5513456,PMC5583332,PMC5658998,PMC5668416,PMC5680323,PMC5704576,PMC5780081,PMC5800449,PMC6092836,PMC6172397,PMC6265790,PMC6323209,PMC6685704,PMC6861671,PMC6920280,PMC7266346,PMC7294393,PMC7315279,PMC7378902,PMC7475978,PMC7897289,PMC7920808,PMC8353646,PMC8395443,PMC8508916,PMC8520689,PMC8525028,PMC8554986,PMC8670285,PMC8722308,PMC8818240,PMC8868595,PMC9097555,PMC9175016,PMC9233575,PMC9354009,PMC9355958,PMC9477632,PMC9564153,PMC9570360,PMC9796874,PMC9821985,PMC9843530,PMC9963438,PMC9964429,PMC9993741",,"PMC10070041,PMC10222704,PMC10285757,PMC3763164,PMC4655957,PMC5472052,PMC5702518,PMC5774528,PMC5837092,PMC6029428,PMC6080583,PMC6248998,PMC6333395,PMC6756869,PMC6811559,PMC6812411,PMC7579890,PMC8273062,PMC8570085,PMC8800246,PMC8865099","PMC6484321,PMC8290518,PMC8678408",0,85,21,0,3,0.7173096622832495,0.7055555555555557,0.5966666666666665,68.96548311416247,
GGCGCTACCTGTATCAATGG,GATGTGGTCAGCCAACTC,PMF1-BGLAP,PMF1-BGLAP,"BGLAP (22), OCN (19), Osteocalcin (7), Ocn (3), hsa-OCN-forward (3), human (3), hOCN (2), 110 (1), 5BGLAP (1), ALP (1), BGLAP-F (1), BGLAP-Forward (1), Homo (1), Human (1), NM_199173.5 (1), NM_199173.6 (1), OC (1), OGN (1), OSC (1), Osteocalcin-F (1), Osteogenesis (1), The (1), VEGF (1)","Osteocalcin (7), GAPDH (2), BGLAP (1), Genes (1), OCN-R (1), OSTEOCALCIN (1), OSTERIX (1), RUNX-2-forward (1), RUNX2 (1), The (1), Type (1)",0.004,0.028,90,21,"PMC10160763, PMC10379034, PMC10441659, PMC10444653, PMC10643473, PMC10878834, PMC10976750, PMC11259626, PMC11269795, PMC11301355, PMC11332729, PMC11559230, PMC11595442, PMC11762233, PMC11763229, PMC11818253, PMC11823243, PMC11892751, PMC11944977, PMC12080316, PMC12087957, PMC12091229, PMC2646266, PMC3799771, PMC3805512, PMC4178031, PMC4201491, PMC4329829, PMC4404686, PMC4836087, PMC4879177, PMC4886818, PMC5057179, PMC5072612, PMC5164906, PMC5297792, PMC5322661, PMC5490090, PMC5493527, PMC5513456, PMC5583332, PMC5658998, PMC5668416, PMC5680323, PMC5704576, PMC5780081, PMC5800449, PMC6092836, PMC6172397, PMC6265790, PMC6323209, PMC6685704, PMC6861671, PMC6920280, PMC7266346, PMC7294393, PMC7315279, PMC7378902, PMC7475978, PMC7897289, PMC7920808, PMC8353646, PMC8395443, PMC8508916, PMC8520689, PMC8525028, PMC8554986, PMC8670285, PMC8722308, PMC8818240, PMC8868595, PMC9097555, PMC9175016, PMC9233575, PMC9354009, PMC9355958, PMC9477632, PMC9564153, PMC9570360, PMC9796874, PMC9821985, PMC9843530, PMC9963438, PMC9964429, PMC9993741","PMC10209287, PMC10218682, PMC4556843, PMC4673191, PMC4699026, PMC4750003, PMC4837802, PMC4929892, PMC4961106, PMC5009659, PMC5763659, PMC5809617, PMC5833785, PMC6311247, PMC7539403, PMC8134029, PMC8245033, PMC8467999, PMC9024451, PMC9747886",59.13,55.99,55.0,55.6,1773,252,85,20,677,772,696,789,forward,reverse_complement,4,3,3,"PMC10160763,PMC10379034,PMC10441659,PMC10444653,PMC10643473,PMC10878834,PMC10976750,PMC11259626,PMC11269795,PMC11301355,PMC11332729,PMC11559230,PMC11595442,PMC11762233,PMC11763229,PMC11818253,PMC11823243,PMC11892751,PMC11944977,PMC12080316,PMC12087957,PMC12091229,PMC2646266,PMC3799771,PMC3805512,PMC4178031,PMC4201491,PMC4329829,PMC4404686,PMC4836087,PMC4879177,PMC4886818,PMC5057179,PMC5072612,PMC5164906,PMC5297792,PMC5322661,PMC5490090,PMC5493527,PMC5513456,PMC5583332,PMC5658998,PMC5668416,PMC5680323,PMC5704576,PMC5780081,PMC5800449,PMC6092836,PMC6172397,PMC6265790,PMC6323209,PMC6685704,PMC6861671,PMC6920280,PMC7266346,PMC7294393,PMC7315279,PMC7378902,PMC7475978,PMC7897289,PMC7920808,PMC8353646,PMC8395443,PMC8508916,PMC8520689,PMC8525028,PMC8554986,PMC8670285,PMC8722308,PMC8818240,PMC8868595,PMC9097555,PMC9175016,PMC9233575,PMC9354009,PMC9355958,PMC9477632,PMC9564153,PMC9570360,PMC9796874,PMC9821985,PMC9843530,PMC9963438,PMC9964429,PMC9993741",,"PMC10209287,PMC10218682,PMC4556843,PMC4673191,PMC4699026,PMC4750003,PMC4837802,PMC4929892,PMC4961106,PMC5009659,PMC5763659,PMC5809617,PMC5833785,PMC6311247,PMC7539403,PMC8134029,PMC8245033,PMC8467999,PMC9024451,PMC9747886",,0,85,20,0,0,0.7077780852821569,0.6822222222222223,0.0,55.85557093077451,
GGCGCTACCTGTATCAATGG,CTCACACACCTCCCTCCTG,PMF1-BGLAP,PMF1-BGLAP,"BGLAP (22), OCN (19), Osteocalcin (7), Ocn (3), hsa-OCN-forward (3), human (3), hOCN (2), 110 (1), 5BGLAP (1), ALP (1), BGLAP-F (1), BGLAP-Forward (1), Homo (1), Human (1), NM_199173.5 (1), NM_199173.6 (1), OC (1), OGN (1), OSC (1), Osteocalcin-F (1), Osteogenesis (1), The (1), VEGF (1)","Gene (2), Osteocalcin (2), Direction (1)",0.004,0.011,90,17,"PMC10160763, PMC10379034, PMC10441659, PMC10444653, PMC10643473, PMC10878834, PMC10976750, PMC11259626, PMC11269795, PMC11301355, PMC11332729, PMC11559230, PMC11595442, PMC11762233, PMC11763229, PMC11818253, PMC11823243, PMC11892751, PMC11944977, PMC12080316, PMC12087957, PMC12091229, PMC2646266, PMC3799771, PMC3805512, PMC4178031, PMC4201491, PMC4329829, PMC4404686, PMC4836087, PMC4879177, PMC4886818, PMC5057179, PMC5072612, PMC5164906, PMC5297792, PMC5322661, PMC5490090, PMC5493527, PMC5513456, PMC5583332, PMC5658998, PMC5668416, PMC5680323, PMC5704576, PMC5780081, PMC5800449, PMC6092836, PMC6172397, PMC6265790, PMC6323209, PMC6685704, PMC6861671, PMC6920280, PMC7266346, PMC7294393, PMC7315279, PMC7378902, PMC7475978, PMC7897289, PMC7920808, PMC8353646, PMC8395443, PMC8508916, PMC8520689, PMC8525028, PMC8554986, PMC8670285, PMC8722308, PMC8818240, PMC8868595, PMC9097555, PMC9175016, PMC9233575, PMC9354009, PMC9355958, PMC9477632, PMC9564153, PMC9570360, PMC9796874, PMC9821985, PMC9843530, PMC9963438, PMC9964429, PMC9993741","PMC10069154, PMC10139012, PMC11456876, PMC12109992, PMC5589808, PMC5832166, PMC6066508, PMC6428815, PMC6934613, PMC7462980, PMC7541626, PMC7866227, PMC8236553, PMC8665165, PMC8684200, PMC8739256, PMC9821315",59.13,59.68,55.0,63.2,1773,147,85,17,677,735,696,753,forward,reverse_complement,4,2,3,"PMC10160763,PMC10379034,PMC10441659,PMC10444653,PMC10643473,PMC10878834,PMC10976750,PMC11259626,PMC11269795,PMC11301355,PMC11332729,PMC11559230,PMC11595442,PMC11762233,PMC11763229,PMC11818253,PMC11823243,PMC11892751,PMC11944977,PMC12080316,PMC12087957,PMC12091229,PMC2646266,PMC3799771,PMC3805512,PMC4178031,PMC4201491,PMC4329829,PMC4404686,PMC4836087,PMC4879177,PMC4886818,PMC5057179,PMC5072612,PMC5164906,PMC5297792,PMC5322661,PMC5490090,PMC5493527,PMC5513456,PMC5583332,PMC5658998,PMC5668416,PMC5680323,PMC5704576,PMC5780081,PMC5800449,PMC6092836,PMC6172397,PMC6265790,PMC6323209,PMC6685704,PMC6861671,PMC6920280,PMC7266346,PMC7294393,PMC7315279,PMC7378902,PMC7475978,PMC7897289,PMC7920808,PMC8353646,PMC8395443,PMC8508916,PMC8520689,PMC8525028,PMC8554986,PMC8670285,PMC8722308,PMC8818240,PMC8868595,PMC9097555,PMC9175016,PMC9233575,PMC9354009,PMC9355958,PMC9477632,PMC9564153,PMC9570360,PMC9796874,PMC9821985,PMC9843530,PMC9963438,PMC9964429,PMC9993741",,"PMC10069154,PMC10139012,PMC11456876,PMC12109992,PMC5589808,PMC5832166,PMC6066508,PMC6428815,PMC6934613,PMC7462980,PMC7541626,PMC7866227,PMC8236553,PMC8665165,PMC8739256,PMC9821315",PMC8684200,0,85,16,0,1,0.6901323716579628,0.8166666666666667,0.8166666666666677,75.3399519162315,
GGCAGCGAGGTAGTGAAGAG,CCCTCCTGCTTGGACACAAAG,PMF1-BGLAP,PMF1-BGLAP,"OCN (25), Osteocalcin (18), BGLAP (11), OC (5), Human (4), 102 (1), Bglap (1), Gene (1), Homo (1), Human_OCN_F (1), OCN--F (1), OSC (1), OSTEOCALCIN (1), Ocn (1), REAGENT (1), RUNX2 (1), human (1)","Gene (13), BGLAP (8), OCN (8), Osteocalcin (4), GAPDH (2), OPN (2), human (2), 632 (1), Bglap (1), C-3 (1), CCC (1), CDK6 (1), COL1a1 (1), CYR61 (1), CircLPAR1 (1), Data (1), Direction (1), FGFR1 (1), H- (1), Human (1), LSD1 (1), NM_199173.6 (1), OC-R (1), OCN--R (1), OCN-Reverse (1), OSTEOCALCIN (1), Osteocalcin-R (1), P2RX4 (1), Runx2 (1), h-OCN (1), hsa-OCN-Reverse (1)",0.004,0.001,83,117,"PMC10044883, PMC10045574, PMC10069154, PMC10074101, PMC10139012, PMC10167365, PMC10215148, PMC10523602, PMC10604799, PMC10682137, PMC10731655, PMC11217565, PMC11344390, PMC11456876, PMC11506632, PMC11654009, PMC11765816, PMC11978159, PMC12038241, PMC12109992, PMC3184765, PMC3584459, PMC3722850, PMC3749798, PMC3854245, PMC4135228, PMC4190335, PMC4227236, PMC4491576, PMC4497709, PMC4578555, PMC4794180, PMC4981914, PMC5018325, PMC5151109, PMC5214565, PMC5399588, PMC5489417, PMC5570405, PMC5589808, PMC5769534, PMC5796442, PMC5832166, PMC6033301, PMC6066508, PMC6073246, PMC6108882, PMC6428815, PMC6429482, PMC6581741, PMC6868153, PMC7085835, PMC7462980, PMC7533455, PMC7541626, PMC7590053, PMC7673024, PMC7673321, PMC7730800, PMC7866227, PMC7876270, PMC8016856, PMC8080634, PMC8236553, PMC8262658, PMC8379477, PMC8444612, PMC8514386, PMC8665165, PMC8739256, PMC8806239, PMC9034958, PMC9202102, PMC9225241, PMC9645149, PMC9708540, PMC9740717, PMC9821315, PMC9847547, PMC9882893","PMC10142914, PMC10212705, PMC10266046, PMC10478283, PMC10659042, PMC10800782, PMC10849785, PMC10929792, PMC10936096, PMC11001392, PMC11084186, PMC11330132, PMC11391719, PMC11562097, PMC11565289, PMC11590406, PMC11633500, PMC11896475, PMC11947814, PMC11977094, PMC12001474, PMC12024643, PMC12073084, PMC12074812, PMC3569421, PMC3880843, PMC4028224, PMC4203828, PMC4317596, PMC4375934, PMC4388628, PMC4738707, PMC4767937, PMC4773240, PMC4948698, PMC5030629, PMC5192052, PMC5239543, PMC5355733, PMC5548928, PMC5776773, PMC5951430, PMC5970187, PMC5996090, PMC6002551, PMC6029469, PMC6120750, PMC6134938, PMC6154708, PMC6241358, PMC6391470, PMC6410690, PMC6533502, PMC6561377, PMC6594288, PMC6811605, PMC6889321, PMC6916635, PMC6964093, PMC6996099, PMC7011343, PMC7012241, PMC7033235, PMC7073820, PMC7165343, PMC7193115, PMC7233608, PMC7435717, PMC7446217, PMC7488079, PMC7539105, PMC7576269, PMC7583167, PMC7609060, PMC7610338, PMC7645323, PMC7676202, PMC7694436, PMC7807199, PMC7811365, PMC7814734, PMC7893805, PMC7904523, PMC8040480, PMC8076414, PMC8097863, PMC8187992, PMC8261971, PMC8294092, PMC8309475, PMC8366957, PMC8381068, PMC8382950, PMC8441126, PMC8647299, PMC8665342, PMC8919664, PMC8962127, PMC8971384, PMC9080063, PMC9206573, PMC9236897, PMC9275886, PMC9320112, PMC9339598, PMC9561255, PMC9726269, PMC9782440, PMC9854827, PMC9856031, PMC9909214, PMC9925051, PMC9945756, PMC9991042",60.82,61.82,60.0,57.1,960,1461,80,114,652,633,671,653,forward,reverse_complement,2,3,4,"PMC10044883,PMC10045574,PMC10069154,PMC10074101,PMC10139012,PMC10167365,PMC10215148,PMC10523602,PMC10604799,PMC10682137,PMC11217565,PMC11344390,PMC11456876,PMC11506632,PMC11654009,PMC11765816,PMC12038241,PMC12109992,PMC3184765,PMC3584459,PMC3722850,PMC3749798,PMC3854245,PMC4135228,PMC4190335,PMC4227236,PMC4491576,PMC4497709,PMC4578555,PMC4794180,PMC4981914,PMC5018325,PMC5151109,PMC5214565,PMC5399588,PMC5489417,PMC5570405,PMC5589808,PMC5769534,PMC5796442,PMC5832166,PMC6033301,PMC6066508,PMC6073246,PMC6108882,PMC6428815,PMC6429482,PMC6581741,PMC6868153,PMC7085835,PMC7462980,PMC7533455,PMC7541626,PMC7590053,PMC7673024,PMC7673321,PMC7730800,PMC7866227,PMC7876270,PMC8016856,PMC8080634,PMC8236553,PMC8262658,PMC8379477,PMC8444612,PMC8514386,PMC8665165,PMC8739256,PMC9202102,PMC9645149,PMC9708540,PMC9821315,PMC9847547,PMC9882893","PMC10731655,PMC11978159,PMC8806239,PMC9034958,PMC9225241,PMC9740717","PMC10142914,PMC10212705,PMC10266046,PMC10478283,PMC10659042,PMC10800782,PMC10849785,PMC10929792,PMC10936096,PMC11001392,PMC11084186,PMC11330132,PMC11391719,PMC11562097,PMC11565289,PMC11590406,PMC11633500,PMC11896475,PMC11947814,PMC11977094,PMC12001474,PMC12024643,PMC12073084,PMC12074812,PMC3569421,PMC3880843,PMC4028224,PMC4203828,PMC4317596,PMC4375934,PMC4388628,PMC4738707,PMC4767937,PMC4773240,PMC4948698,PMC5030629,PMC5192052,PMC5239543,PMC5355733,PMC5548928,PMC5776773,PMC5951430,PMC5970187,PMC5996090,PMC6002551,PMC6029469,PMC6120750,PMC6134938,PMC6154708,PMC6241358,PMC6391470,PMC6410690,PMC6533502,PMC6561377,PMC6594288,PMC6811605,PMC6889321,PMC6916635,PMC6964093,PMC6996099,PMC7011343,PMC7012241,PMC7033235,PMC7073820,PMC7165343,PMC7193115,PMC7233608,PMC7435717,PMC7446217,PMC7488079,PMC7539105,PMC7576269,PMC7583167,PMC7609060,PMC7610338,PMC7645323,PMC7676202,PMC7694436,PMC7807199,PMC7811365,PMC7814734,PMC7893805,PMC7904523,PMC8040480,PMC8076414,PMC8097863,PMC8187992,PMC8261971,PMC8294092,PMC8309475,PMC8366957,PMC8381068,PMC8382950,PMC8441126,PMC8647299,PMC8665342,PMC8919664,PMC8962127,PMC8971384,PMC9080063,PMC9206573,PMC9236897,PMC9275886,PMC9320112,PMC9339598,PMC9561255,PMC9726269,PMC9782440,PMC9854827,PMC9856031,PMC9909214,PMC9925051,PMC9945756,PMC9991042",,0,74,114,6,0,0.8514163433277131,0.8255555555555555,0.6666666666666667,80.67081716638565,
GGCAGCGAGGTAGTGAAGAG,CCATTGATACAGGTAGCGCC,PMF1-BGLAP,PMF1-BGLAP,"OCN (25), Osteocalcin (18), BGLAP (11), OC (5), Human (4), 102 (1), Bglap (1), Gene (1), Homo (1), Human_OCN_F (1), OCN--F (1), OSC (1), OSTEOCALCIN (1), Ocn (1), REAGENT (1), RUNX2 (1), human (1)","BGLAP (22), OCN (19), Osteocalcin (7), Ocn (3), hsa-OCN-forward (3), human (3), hOCN (2), 110 (1), 5BGLAP (1), ALP (1), BGLAP-F (1), BGLAP-Forward (1), Homo (1), Human (1), NM_199173.5 (1), NM_199173.6 (1), OC (1), OGN (1), OSC (1), Osteocalcin-F (1), Osteogenesis (1), The (1), VEGF (1)",0.004,0.004,83,90,"PMC10044883, PMC10045574, PMC10069154, PMC10074101, PMC10139012, PMC10167365, PMC10215148, PMC10523602, PMC10604799, PMC10682137, PMC10731655, PMC11217565, PMC11344390, PMC11456876, PMC11506632, PMC11654009, PMC11765816, PMC11978159, PMC12038241, PMC12109992, PMC3184765, PMC3584459, PMC3722850, PMC3749798, PMC3854245, PMC4135228, PMC4190335, PMC4227236, PMC4491576, PMC4497709, PMC4578555, PMC4794180, PMC4981914, PMC5018325, PMC5151109, PMC5214565, PMC5399588, PMC5489417, PMC5570405, PMC5589808, PMC5769534, PMC5796442, PMC5832166, PMC6033301, PMC6066508, PMC6073246, PMC6108882, PMC6428815, PMC6429482, PMC6581741, PMC6868153, PMC7085835, PMC7462980, PMC7533455, PMC7541626, PMC7590053, PMC7673024, PMC7673321, PMC7730800, PMC7866227, PMC7876270, PMC8016856, PMC8080634, PMC8236553, PMC8262658, PMC8379477, PMC8444612, PMC8514386, PMC8665165, PMC8739256, PMC8806239, PMC9034958, PMC9202102, PMC9225241, PMC9645149, PMC9708540, PMC9740717, PMC9821315, PMC9847547, PMC9882893","PMC10160763, PMC10379034, PMC10441659, PMC10444653, PMC10643473, PMC10878834, PMC10976750, PMC11259626, PMC11269795, PMC11301355, PMC11332729, PMC11559230, PMC11595442, PMC11762233, PMC11763229, PMC11818253, PMC11823243, PMC11892751, PMC11944977, PMC12080316, PMC12087957, PMC12091229, PMC2646266, PMC3799771, PMC3805512, PMC4178031, PMC4201491, PMC4329829, PMC4404686, PMC4836087, PMC4879177, PMC4886818, PMC5057179, PMC5072612, PMC5164906, PMC5297792, PMC5322661, PMC5490090, PMC5493527, PMC5513456, PMC5583332, PMC5658998, PMC5668416, PMC5680323, PMC5704576, PMC5780081, PMC5800449, PMC6092836, PMC6172397, PMC6265790, PMC6323209, PMC6685704, PMC6861671, PMC6920280, PMC7266346, PMC7294393, PMC7315279, PMC7378902, PMC7475978, PMC7897289, PMC7920808, PMC8353646, PMC8395443, PMC8508916, PMC8520689, PMC8525028, PMC8554986, PMC8670285, PMC8722308, PMC8818240, PMC8868595, PMC9097555, PMC9175016, PMC9233575, PMC9354009, PMC9355958, PMC9477632, PMC9564153, PMC9570360, PMC9796874, PMC9821985, PMC9843530, PMC9963438, PMC9964429, PMC9993741",60.82,59.13,60.0,55.0,960,1773,80,85,652,677,671,696,forward,reverse_complement,2,4,3,"PMC10044883,PMC10045574,PMC10069154,PMC10074101,PMC10139012,PMC10167365,PMC10215148,PMC10523602,PMC10604799,PMC10682137,PMC11217565,PMC11344390,PMC11456876,PMC11506632,PMC11654009,PMC11765816,PMC12038241,PMC12109992,PMC3184765,PMC3584459,PMC3722850,PMC3749798,PMC3854245,PMC4135228,PMC4190335,PMC4227236,PMC4491576,PMC4497709,PMC4578555,PMC4794180,PMC4981914,PMC5018325,PMC5151109,PMC5214565,PMC5399588,PMC5489417,PMC5570405,PMC5589808,PMC5769534,PMC5796442,PMC5832166,PMC6033301,PMC6066508,PMC6073246,PMC6108882,PMC6428815,PMC6429482,PMC6581741,PMC6868153,PMC7085835,PMC7462980,PMC7533455,PMC7541626,PMC7590053,PMC7673024,PMC7673321,PMC7730800,PMC7866227,PMC7876270,PMC8016856,PMC8080634,PMC8236553,PMC8262658,PMC8379477,PMC8444612,PMC8514386,PMC8665165,PMC8739256,PMC9202102,PMC9645149,PMC9708540,PMC9821315,PMC9847547,PMC9882893","PMC10731655,PMC11978159,PMC8806239,PMC9034958,PMC9225241,PMC9740717",,"PMC10160763,PMC10379034,PMC10441659,PMC10444653,PMC10643473,PMC10878834,PMC10976750,PMC11259626,PMC11269795,PMC11301355,PMC11332729,PMC11559230,PMC11595442,PMC11762233,PMC11763229,PMC11818253,PMC11823243,PMC11892751,PMC11944977,PMC12080316,PMC12087957,PMC12091229,PMC2646266,PMC3799771,PMC3805512,PMC4178031,PMC4201491,PMC4329829,PMC4404686,PMC4836087,PMC4879177,PMC4886818,PMC5057179,PMC5072612,PMC5164906,PMC5297792,PMC5322661,PMC5490090,PMC5493527,PMC5513456,PMC5583332,PMC5658998,PMC5668416,PMC5680323,PMC5704576,PMC5780081,PMC5800449,PMC6092836,PMC6172397,PMC6265790,PMC6323209,PMC6685704,PMC6861671,PMC6920280,PMC7266346,PMC7294393,PMC7315279,PMC7378902,PMC7475978,PMC7897289,PMC7920808,PMC8353646,PMC8395443,PMC8508916,PMC8520689,PMC8525028,PMC8554986,PMC8670285,PMC8722308,PMC8818240,PMC8868595,PMC9097555,PMC9175016,PMC9233575,PMC9354009,PMC9355958,PMC9477632,PMC9564153,PMC9570360,PMC9796874,PMC9821985,PMC9843530,PMC9963438,PMC9964429,PMC9993741",0,74,0,6,85,0.5897305123700853,0.8644444444444446,0.4366666666666674,64.15319228517096,
GGCAGCGAGGTAGTGAAGAG,GTGGTCAGCCAACTCGTCA,PMF1-BGLAP,PMF1-BGLAP,"OCN (25), Osteocalcin (18), BGLAP (11), OC (5), Human (4), 102 (1), Bglap (1), Gene (1), Homo (1), Human_OCN_F (1), OCN--F (1), OSC (1), OSTEOCALCIN (1), Ocn (1), REAGENT (1), RUNX2 (1), human (1)","BGLAP (5), hsa-OCN-reverse (3), Gene (2), 5BGLAP (1), BGLAP-Reverse (1), COL1a1 (1), Direction (1), NM_001173531.1 (1), OCN (1), OCT4 (1), OSC (1), Orientation (1), Osteocalcin (1), Osterix (1), Target (1)",0.004,0.011,83,38,"PMC10044883, PMC10045574, PMC10069154, PMC10074101, PMC10139012, PMC10167365, PMC10215148, PMC10523602, PMC10604799, PMC10682137, PMC10731655, PMC11217565, PMC11344390, PMC11456876, PMC11506632, PMC11654009, PMC11765816, PMC11978159, PMC12038241, PMC12109992, PMC3184765, PMC3584459, PMC3722850, PMC3749798, PMC3854245, PMC4135228, PMC4190335, PMC4227236, PMC4491576, PMC4497709, PMC4578555, PMC4794180, PMC4981914, PMC5018325, PMC5151109, PMC5214565, PMC5399588, PMC5489417, PMC5570405, PMC5589808, PMC5769534, PMC5796442, PMC5832166, PMC6033301, PMC6066508, PMC6073246, PMC6108882, PMC6428815, PMC6429482, PMC6581741, PMC6868153, PMC7085835, PMC7462980, PMC7533455, PMC7541626, PMC7590053, PMC7673024, PMC7673321, PMC7730800, PMC7866227, PMC7876270, PMC8016856, PMC8080634, PMC8236553, PMC8262658, PMC8379477, PMC8444612, PMC8514386, PMC8665165, PMC8739256, PMC8806239, PMC9034958, PMC9202102, PMC9225241, PMC9645149, PMC9708540, PMC9740717, PMC9821315, PMC9847547, PMC9882893","PMC10441659, PMC10444653, PMC10643473, PMC11301355, PMC11332729, PMC11488691, PMC11818253, PMC11892751, PMC11944977, PMC12087957, PMC4329829, PMC4879177, PMC4886818, PMC5057179, PMC5164906, PMC5583332, PMC5780081, PMC5800449, PMC6265790, PMC6383392, PMC6685704, PMC6861671, PMC6920280, PMC7475978, PMC7920808, PMC8670285, PMC8722308, PMC8818240, PMC9175016, PMC9233575, PMC9354009, PMC9355958, PMC9477632, PMC9564153, PMC9570360, PMC9843530",60.82,60.58,60.0,57.9,960,710,80,36,652,768,671,786,forward,reverse_complement,2,3,4,"PMC10044883,PMC10045574,PMC10069154,PMC10074101,PMC10139012,PMC10167365,PMC10215148,PMC10523602,PMC10604799,PMC10682137,PMC11217565,PMC11344390,PMC11456876,PMC11506632,PMC11654009,PMC11765816,PMC12038241,PMC12109992,PMC3184765,PMC3584459,PMC3722850,PMC3749798,PMC3854245,PMC4135228,PMC4190335,PMC4227236,PMC4491576,PMC4497709,PMC4578555,PMC4794180,PMC4981914,PMC5018325,PMC5151109,PMC5214565,PMC5399588,PMC5489417,PMC5570405,PMC5589808,PMC5769534,PMC5796442,PMC5832166,PMC6033301,PMC6066508,PMC6073246,PMC6108882,PMC6428815,PMC6429482,PMC6581741,PMC6868153,PMC7085835,PMC7462980,PMC7533455,PMC7541626,PMC7590053,PMC7673024,PMC7673321,PMC7730800,PMC7866227,PMC7876270,PMC8016856,PMC8080634,PMC8236553,PMC8262658,PMC8379477,PMC8444612,PMC8514386,PMC8665165,PMC8739256,PMC9202102,PMC9645149,PMC9708540,PMC9821315,PMC9847547,PMC9882893","PMC10731655,PMC11978159,PMC8806239,PMC9034958,PMC9225241,PMC9740717","PMC10441659,PMC10444653,PMC10643473,PMC11301355,PMC11332729,PMC11488691,PMC11818253,PMC11892751,PMC11944977,PMC12087957,PMC4329829,PMC4879177,PMC4886818,PMC5057179,PMC5164906,PMC5583332,PMC5780081,PMC5800449,PMC6265790,PMC6383392,PMC6685704,PMC6861671,PMC6920280,PMC7475978,PMC7920808,PMC8670285,PMC8722308,PMC8818240,PMC9175016,PMC9233575,PMC9354009,PMC9355958,PMC9477632,PMC9564153,PMC9570360,PMC9843530",,0,74,36,6,0,0.7514146897735069,0.8944444444444446,0.9199999999999994,82.80406782200866,
GGCAGCGAGGTAGTGAAGAG,GCCGTAGAAGCGCCGATAGGC,PMF1-BGLAP,PMF1-BGLAP,"OCN (25), Osteocalcin (18), BGLAP (11), OC (5), Human (4), 102 (1), Bglap (1), Gene (1), Homo (1), Human_OCN_F (1), OCN--F (1), OSC (1), OSTEOCALCIN (1), Ocn (1), REAGENT (1), RUNX2 (1), human (1)","Osteocalcin (7), GAPDH (2), BGLAP (1), Col-1 (1), Gene (1), Glyceraldehyde-3 (1), OC (1), OC-R (1)",0.004,0.001,83,36,"PMC10044883, PMC10045574, PMC10069154, PMC10074101, PMC10139012, PMC10167365, PMC10215148, PMC10523602, PMC10604799, PMC10682137, PMC10731655, PMC11217565, PMC11344390, PMC11456876, PMC11506632, PMC11654009, PMC11765816, PMC11978159, PMC12038241, PMC12109992, PMC3184765, PMC3584459, PMC3722850, PMC3749798, PMC3854245, PMC4135228, PMC4190335, PMC4227236, PMC4491576, PMC4497709, PMC4578555, PMC4794180, PMC4981914, PMC5018325, PMC5151109, PMC5214565, PMC5399588, PMC5489417, PMC5570405, PMC5589808, PMC5769534, PMC5796442, PMC5832166, PMC6033301, PMC6066508, PMC6073246, PMC6108882, PMC6428815, PMC6429482, PMC6581741, PMC6868153, PMC7085835, PMC7462980, PMC7533455, PMC7541626, PMC7590053, PMC7673024, PMC7673321, PMC7730800, PMC7866227, PMC7876270, PMC8016856, PMC8080634, PMC8236553, PMC8262658, PMC8379477, PMC8444612, PMC8514386, PMC8665165, PMC8739256, PMC8806239, PMC9034958, PMC9202102, PMC9225241, PMC9645149, PMC9708540, PMC9740717, PMC9821315, PMC9847547, PMC9882893","PMC10621931, PMC1079906, PMC11986050, PMC1794501, PMC2575631, PMC2950392, PMC3252365, PMC3353470, PMC3365132, PMC3430211, PMC3580562, PMC3613821, PMC3903490, PMC4055077, PMC4247692, PMC4369894, PMC4450897, PMC4516509, PMC4538412, PMC4729148, PMC4730281, PMC5055347, PMC5460492, PMC5531028, PMC5552222, PMC5615990, PMC5647033, PMC5811493, PMC5895002, PMC6058739, PMC6579983, PMC6720366, PMC7086144, PMC9147460",60.82,66.41,60.0,66.7,960,539,80,34,652,802,671,822,forward,reverse_complement,2,4,3,"PMC10044883,PMC10045574,PMC10069154,PMC10074101,PMC10139012,PMC10167365,PMC10215148,PMC10523602,PMC10604799,PMC10682137,PMC11217565,PMC11344390,PMC11456876,PMC11506632,PMC11654009,PMC11765816,PMC12038241,PMC12109992,PMC3184765,PMC3584459,PMC3722850,PMC3749798,PMC3854245,PMC4135228,PMC4190335,PMC4227236,PMC4491576,PMC4497709,PMC4578555,PMC4794180,PMC4981914,PMC5018325,PMC5151109,PMC5214565,PMC5399588,PMC5489417,PMC5570405,PMC5589808,PMC5769534,PMC5796442,PMC5832166,PMC6033301,PMC6066508,PMC6073246,PMC6108882,PMC6428815,PMC6429482,PMC6581741,PMC6868153,PMC7085835,PMC7462980,PMC7533455,PMC7541626,PMC7590053,PMC7673024,PMC7673321,PMC7730800,PMC7866227,PMC7876270,PMC8016856,PMC8080634,PMC8236553,PMC8262658,PMC8379477,PMC8444612,PMC8514386,PMC8665165,PMC8739256,PMC9202102,PMC9645149,PMC9708540,PMC9821315,PMC9847547,PMC9882893","PMC10731655,PMC11978159,PMC8806239,PMC9034958,PMC9225241,PMC9740717","PMC10621931,PMC1079906,PMC11986050,PMC1794501,PMC2575631,PMC2950392,PMC3252365,PMC3353470,PMC3365132,PMC3430211,PMC3580562,PMC3613821,PMC3903490,PMC4055077,PMC4247692,PMC4369894,PMC4450897,PMC4516509,PMC4538412,PMC4729148,PMC4730281,PMC5055347,PMC5460492,PMC5531028,PMC5552222,PMC5615990,PMC5647033,PMC5811493,PMC5895002,PMC6058739,PMC6579983,PMC6720366,PMC7086144,PMC9147460",,0,74,34,6,0,0.7461697496365207,0.6903472222222222,0.0,58.0189041484927,
GGCAGCGAGGTAGTGAAGAG,CCAGCCATTGATACAGGTAGCG,PMF1-BGLAP,PMF1-BGLAP,"OCN (25), Osteocalcin (18), BGLAP (11), OC (5), Human (4), 102 (1), Bglap (1), Gene (1), Homo (1), Human_OCN_F (1), OCN--F (1), OSC (1), OSTEOCALCIN (1), Ocn (1), REAGENT (1), RUNX2 (1), human (1)","OCN (8), BGLAP (5), Osteocalcin (4), A-3 (1), BGLAP-F (1), Bglap (1), Human (1), NM_199173 (1), Oct (1), Osteocalin-Forward (1), hOCN-F (1)",0.004,0.000345,83,33,"PMC10044883, PMC10045574, PMC10069154, PMC10074101, PMC10139012, PMC10167365, PMC10215148, PMC10523602, PMC10604799, PMC10682137, PMC10731655, PMC11217565, PMC11344390, PMC11456876, PMC11506632, PMC11654009, PMC11765816, PMC11978159, PMC12038241, PMC12109992, PMC3184765, PMC3584459, PMC3722850, PMC3749798, PMC3854245, PMC4135228, PMC4190335, PMC4227236, PMC4491576, PMC4497709, PMC4578555, PMC4794180, PMC4981914, PMC5018325, PMC5151109, PMC5214565, PMC5399588, PMC5489417, PMC5570405, PMC5589808, PMC5769534, PMC5796442, PMC5832166, PMC6033301, PMC6066508, PMC6073246, PMC6108882, PMC6428815, PMC6429482, PMC6581741, PMC6868153, PMC7085835, PMC7462980, PMC7533455, PMC7541626, PMC7590053, PMC7673024, PMC7673321, PMC7730800, PMC7866227, PMC7876270, PMC8016856, PMC8080634, PMC8236553, PMC8262658, PMC8379477, PMC8444612, PMC8514386, PMC8665165, PMC8739256, PMC8806239, PMC9034958, PMC9202102, PMC9225241, PMC9645149, PMC9708540, PMC9740717, PMC9821315, PMC9847547, PMC9882893","PMC10222618, PMC10387216, PMC10407617, PMC10454939, PMC10779481, PMC10809007, PMC10903013, PMC11118509, PMC11129143, PMC11197745, PMC11330066, PMC11361852, PMC11439940, PMC11561506, PMC11744864, PMC11755084, PMC11817755, PMC11867901, PMC12085028, PMC3788782, PMC6151224, PMC7300400, PMC7504673, PMC7746460, PMC7817818, PMC7885459, PMC7893692, PMC8411547, PMC8806437, PMC8963903, PMC9358836, PMC9750767, PMC9953662",60.82,61.78,60.0,54.5,960,158,80,33,652,679,671,700,forward,reverse_complement,2,3,3,"PMC10044883,PMC10045574,PMC10069154,PMC10074101,PMC10139012,PMC10167365,PMC10215148,PMC10523602,PMC10604799,PMC10682137,PMC11217565,PMC11344390,PMC11456876,PMC11506632,PMC11654009,PMC11765816,PMC12038241,PMC12109992,PMC3184765,PMC3584459,PMC3722850,PMC3749798,PMC3854245,PMC4135228,PMC4190335,PMC4227236,PMC4491576,PMC4497709,PMC4578555,PMC4794180,PMC4981914,PMC5018325,PMC5151109,PMC5214565,PMC5399588,PMC5489417,PMC5570405,PMC5589808,PMC5769534,PMC5796442,PMC5832166,PMC6033301,PMC6066508,PMC6073246,PMC6108882,PMC6428815,PMC6429482,PMC6581741,PMC6868153,PMC7085835,PMC7462980,PMC7533455,PMC7541626,PMC7590053,PMC7673024,PMC7673321,PMC7730800,PMC7866227,PMC7876270,PMC8016856,PMC8080634,PMC8236553,PMC8262658,PMC8379477,PMC8444612,PMC8514386,PMC8665165,PMC8739256,PMC9202102,PMC9645149,PMC9708540,PMC9821315,PMC9847547,PMC9882893","PMC10731655,PMC11978159,PMC8806239,PMC9034958,PMC9225241,PMC9740717",,"PMC10222618,PMC10387216,PMC10407617,PMC10454939,PMC10779481,PMC10809007,PMC10903013,PMC11118509,PMC11129143,PMC11197745,PMC11330066,PMC11361852,PMC11439940,PMC11561506,PMC11744864,PMC11755084,PMC11817755,PMC11867901,PMC12085028,PMC3788782,PMC6151224,PMC7300400,PMC7504673,PMC7746460,PMC7817818,PMC7885459,PMC7893692,PMC8411547,PMC8806437,PMC8963903,PMC9358836,PMC9750767,PMC9953662",0,74,0,6,33,0.5524116459119305,0.8694444444444445,0.6799999999999997,67.30391562892986,
GGCAGCGAGGTAGTGAAGAG,CTCCTGAAAGCCGATGTGGTCA,PMF1-BGLAP,PMF1-BGLAP,"OCN (25), Osteocalcin (18), BGLAP (11), OC (5), Human (4), 102 (1), Bglap (1), Gene (1), Homo (1), Human_OCN_F (1), OCN--F (1), OSC (1), OSTEOCALCIN (1), Ocn (1), REAGENT (1), RUNX2 (1), human (1)","BGLAP (4), Osteocalcin (3), Direction (2), ALPL (1), BGLAP-R (1), Bglap (1), Bglap2 (1), DSPP (1), Gene (1), OC (1), OCN (1), Osteocalin-Reverse (1), VEGF (1), hOCN-R (1)",0.004,0.000345,83,32,"PMC10044883, PMC10045574, PMC10069154, PMC10074101, PMC10139012, PMC10167365, PMC10215148, PMC10523602, PMC10604799, PMC10682137, PMC10731655, PMC11217565, PMC11344390, PMC11456876, PMC11506632, PMC11654009, PMC11765816, PMC11978159, PMC12038241, PMC12109992, PMC3184765, PMC3584459, PMC3722850, PMC3749798, PMC3854245, PMC4135228, PMC4190335, PMC4227236, PMC4491576, PMC4497709, PMC4578555, PMC4794180, PMC4981914, PMC5018325, PMC5151109, PMC5214565, PMC5399588, PMC5489417, PMC5570405, PMC5589808, PMC5769534, PMC5796442, PMC5832166, PMC6033301, PMC6066508, PMC6073246, PMC6108882, PMC6428815, PMC6429482, PMC6581741, PMC6868153, PMC7085835, PMC7462980, PMC7533455, PMC7541626, PMC7590053, PMC7673024, PMC7673321, PMC7730800, PMC7866227, PMC7876270, PMC8016856, PMC8080634, PMC8236553, PMC8262658, PMC8379477, PMC8444612, PMC8514386, PMC8665165, PMC8739256, PMC8806239, PMC9034958, PMC9202102, PMC9225241, PMC9645149, PMC9708540, PMC9740717, PMC9821315, PMC9847547, PMC9882893","PMC10222618, PMC10387216, PMC10407617, PMC10454939, PMC10779481, PMC10809007, PMC10903013, PMC11118509, PMC11129143, PMC11197745, PMC11330066, PMC11361852, PMC11439940, PMC11561506, PMC11744864, PMC11755084, PMC11817755, PMC11867901, PMC12085028, PMC3788782, PMC6151224, PMC7300400, PMC7407412, PMC7504673, PMC7746460, PMC7817818, PMC7885459, PMC8411547, PMC8963903, PMC9617701, PMC9750767, PMC9953662",60.82,63.23,60.0,54.5,960,137,80,32,652,780,671,801,forward,reverse_complement,2,3,3,"PMC10044883,PMC10045574,PMC10069154,PMC10074101,PMC10139012,PMC10167365,PMC10215148,PMC10523602,PMC10604799,PMC10682137,PMC11217565,PMC11344390,PMC11456876,PMC11506632,PMC11654009,PMC11765816,PMC12038241,PMC12109992,PMC3184765,PMC3584459,PMC3722850,PMC3749798,PMC3854245,PMC4135228,PMC4190335,PMC4227236,PMC4491576,PMC4497709,PMC4578555,PMC4794180,PMC4981914,PMC5018325,PMC5151109,PMC5214565,PMC5399588,PMC5489417,PMC5570405,PMC5589808,PMC5769534,PMC5796442,PMC5832166,PMC6033301,PMC6066508,PMC6073246,PMC6108882,PMC6428815,PMC6429482,PMC6581741,PMC6868153,PMC7085835,PMC7462980,PMC7533455,PMC7541626,PMC7590053,PMC7673024,PMC7673321,PMC7730800,PMC7866227,PMC7876270,PMC8016856,PMC8080634,PMC8236553,PMC8262658,PMC8379477,PMC8444612,PMC8514386,PMC8665165,PMC8739256,PMC9202102,PMC9645149,PMC9708540,PMC9821315,PMC9847547,PMC9882893","PMC10731655,PMC11978159,PMC8806239,PMC9034958,PMC9225241,PMC9740717","PMC10222618,PMC10387216,PMC10407617,PMC10454939,PMC10779481,PMC10809007,PMC10903013,PMC11118509,PMC11129143,PMC11197745,PMC11330066,PMC11361852,PMC11439940,PMC11561506,PMC11744864,PMC11755084,PMC11817755,PMC11867901,PMC12085028,PMC3788782,PMC6151224,PMC7300400,PMC7407412,PMC7504673,PMC7746460,PMC7817818,PMC7885459,PMC8411547,PMC8963903,PMC9617701,PMC9750767,PMC9953662",,0,74,32,6,0,0.7406161104988009,0.7888888888888891,0.19666666666666777,64.63080552494007,
GGCAGCGAGGTAGTGAAGAG,TCAGCCAACTCGTCACAGTC,PMF1-BGLAP,PMF1-BGLAP,"OCN (25), Osteocalcin (18), BGLAP (11), OC (5), Human (4), 102 (1), Bglap (1), Gene (1), Homo (1), Human_OCN_F (1), OCN--F (1), OSC (1), OSTEOCALCIN (1), Ocn (1), REAGENT (1), RUNX2 (1), human (1)","BGLAP (18), Osteocalcin (18), OCN (13), Gene (7), Human (3), human (3), GAPDH (2), NM_199173.5 (2), The (2), ALP (1), BGLAP-R (1), Bone (1), CAGTC (1), CxCr4 (1), Direction (1), FGF23 (1), Genes (1), H-OCN-R1 (1), MasterMix (1), NM_199173 (1), NM_199173.3 (1), OC (1), OC-R (1), OCN- (1), OCN-F (1), OSTEOCALCIN (1), OTC (1), Osteocalcin-R (1), Osteogenesis (1), TGF- (1), hum_OCN_5/3 (1)",0.004,0.004,83,141,"PMC10044883, PMC10045574, PMC10069154, PMC10074101, PMC10139012, PMC10167365, PMC10215148, PMC10523602, PMC10604799, PMC10682137, PMC10731655, PMC11217565, PMC11344390, PMC11456876, PMC11506632, PMC11654009, PMC11765816, PMC11978159, PMC12038241, PMC12109992, PMC3184765, PMC3584459, PMC3722850, PMC3749798, PMC3854245, PMC4135228, PMC4190335, PMC4227236, PMC4491576, PMC4497709, PMC4578555, PMC4794180, PMC4981914, PMC5018325, PMC5151109, PMC5214565, PMC5399588, PMC5489417, PMC5570405, PMC5589808, PMC5769534, PMC5796442, PMC5832166, PMC6033301, PMC6066508, PMC6073246, PMC6108882, PMC6428815, PMC6429482, PMC6581741, PMC6868153, PMC7085835, PMC7462980, PMC7533455, PMC7541626, PMC7590053, PMC7673024, PMC7673321, PMC7730800, PMC7866227, PMC7876270, PMC8016856, PMC8080634, PMC8236553, PMC8262658, PMC8379477, PMC8444612, PMC8514386, PMC8665165, PMC8739256, PMC8806239, PMC9034958, PMC9202102, PMC9225241, PMC9645149, PMC9708540, PMC9740717, PMC9821315, PMC9847547, PMC9882893","PMC10034518, PMC10379034, PMC10406694, PMC10552899, PMC10618393, PMC10743052, PMC10858363, PMC10878834, PMC10889793, PMC10976750, PMC11122527, PMC11259626, PMC11269795, PMC11499919, PMC11559138, PMC11562309, PMC11578294, PMC11591890, PMC11595442, PMC11762233, PMC11794764, PMC11839199, PMC11918522, PMC12072047, PMC12080316, PMC12091229, PMC12107957, PMC2646266, PMC3136101, PMC3170288, PMC3446456, PMC3471036, PMC3706764, PMC3799771, PMC3805512, PMC3849435, PMC3907683, PMC3914586, PMC4055119, PMC4077650, PMC4081551, PMC4087006, PMC4178031, PMC4201491, PMC4227163, PMC4298333, PMC4404686, PMC4416238, PMC4451686, PMC4500612, PMC4539932, PMC4559195, PMC4562352, PMC4674106, PMC4676112, PMC4707328, PMC4813262, PMC4880889, PMC4899037, PMC4932130, PMC5072612, PMC5099844, PMC5164905, PMC5322661, PMC5358692, PMC5360390, PMC5493527, PMC5551777, PMC5552848, PMC5573935, PMC5658998, PMC5667471, PMC5690675, PMC5733904, PMC5746324, PMC5895940, PMC5997644, PMC6008747, PMC6073779, PMC6092836, PMC6095197, PMC6163325, PMC6172397, PMC6263063, PMC6323209, PMC6371545, PMC6434481, PMC6494860, PMC6538993, PMC6594112, PMC6743420, PMC6918167, PMC7191235, PMC7266346, PMC7315279, PMC7334395, PMC7352200, PMC7378902, PMC7545469, PMC7555878, PMC7564340, PMC7653780, PMC7691854, PMC7736623, PMC7751477, PMC7848378, PMC7897289, PMC8027176, PMC8063876, PMC8257615, PMC8353646, PMC8395443, PMC8399135, PMC8508916, PMC8520689, PMC8525028, PMC8554986, PMC8717537, PMC8758693, PMC8805820, PMC8868595, PMC8897656, PMC8949995, PMC8998418, PMC9097555, PMC9161927, PMC9406723, PMC9663507, PMC9778583, PMC9796874, PMC9857206, PMC9869574, PMC9934467, PMC9949900, PMC9963438, PMC9964429, PMC9993741",60.82,60.61,60.0,55.0,960,2507,80,137,652,763,671,782,forward,reverse_complement,2,3,4,"PMC10044883,PMC10045574,PMC10069154,PMC10074101,PMC10139012,PMC10167365,PMC10215148,PMC10523602,PMC10604799,PMC10682137,PMC11217565,PMC11344390,PMC11456876,PMC11506632,PMC11654009,PMC11765816,PMC12038241,PMC12109992,PMC3184765,PMC3584459,PMC3722850,PMC3749798,PMC3854245,PMC4135228,PMC4190335,PMC4227236,PMC4491576,PMC4497709,PMC4578555,PMC4794180,PMC4981914,PMC5018325,PMC5151109,PMC5214565,PMC5399588,PMC5489417,PMC5570405,PMC5589808,PMC5769534,PMC5796442,PMC5832166,PMC6033301,PMC6066508,PMC6073246,PMC6108882,PMC6428815,PMC6429482,PMC6581741,PMC6868153,PMC7085835,PMC7462980,PMC7533455,PMC7541626,PMC7590053,PMC7673024,PMC7673321,PMC7730800,PMC7866227,PMC7876270,PMC8016856,PMC8080634,PMC8236553,PMC8262658,PMC8379477,PMC8444612,PMC8514386,PMC8665165,PMC8739256,PMC9202102,PMC9645149,PMC9708540,PMC9821315,PMC9847547,PMC9882893","PMC10731655,PMC11978159,PMC8806239,PMC9034958,PMC9225241,PMC9740717","PMC10034518,PMC10379034,PMC10552899,PMC10618393,PMC10858363,PMC10878834,PMC10889793,PMC10976750,PMC11122527,PMC11259626,PMC11269795,PMC11559138,PMC11578294,PMC11591890,PMC11595442,PMC11762233,PMC11794764,PMC11839199,PMC11918522,PMC12080316,PMC12091229,PMC2646266,PMC3136101,PMC3446456,PMC3799771,PMC3805512,PMC3849435,PMC3907683,PMC3914586,PMC4055119,PMC4077650,PMC4081551,PMC4087006,PMC4178031,PMC4201491,PMC4227163,PMC4298333,PMC4404686,PMC4539932,PMC4562352,PMC4674106,PMC4676112,PMC4707328,PMC4880889,PMC4899037,PMC4932130,PMC5072612,PMC5099844,PMC5164905,PMC5322661,PMC5358692,PMC5360390,PMC5493527,PMC5551777,PMC5573935,PMC5658998,PMC5690675,PMC5733904,PMC5746324,PMC5895940,PMC5997644,PMC6073779,PMC6092836,PMC6095197,PMC6172397,PMC6263063,PMC6323209,PMC6371545,PMC6434481,PMC6743420,PMC7191235,PMC7266346,PMC7315279,PMC7378902,PMC7555878,PMC7564340,PMC7653780,PMC7736623,PMC7751477,PMC7897289,PMC8027176,PMC8063876,PMC8257615,PMC8353646,PMC8395443,PMC8399135,PMC8508916,PMC8520689,PMC8525028,PMC8554986,PMC8717537,PMC8758693,PMC8805820,PMC8868595,PMC8949995,PMC9097555,PMC9161927,PMC9406723,PMC9663507,PMC9778583,PMC9796874,PMC9857206,PMC9869574,PMC9949900,PMC9963438,PMC9964429,PMC9993741","PMC10406694,PMC10743052,PMC11499919,PMC11562309,PMC12072047,PMC12107957,PMC3170288,PMC3471036,PMC3706764,PMC4416238,PMC4451686,PMC4500612,PMC4559195,PMC4813262,PMC5552848,PMC5667471,PMC6008747,PMC6163325,PMC6494860,PMC6538993,PMC6594112,PMC6918167,PMC7334395,PMC7352200,PMC7545469,PMC7691854,PMC7848378,PMC8897656,PMC8998418,PMC9934467",0,74,107,6,30,0.8587483808506526,0.9344444444444444,0.9299999999999997,89.57075237586596,
GGCAGCGAGGTAGTGAAGAG,GGTCAGCCAACTCGTCACAGTC,PMF1-BGLAP,PMF1-BGLAP,"OCN (25), Osteocalcin (18), BGLAP (11), OC (5), Human (4), 102 (1), Bglap (1), Gene (1), Homo (1), Human_OCN_F (1), OCN--F (1), OSC (1), OSTEOCALCIN (1), Ocn (1), REAGENT (1), RUNX2 (1), human (1)","OCN (9), BGLAP (2), 50 (1), Actin (1), Antibodies (1), COL (1), COLI (1), Fn1 (1), G6PDH (1), Gene (1), NM000711 (1), Osteocalcin (1), RUNX2 (1), Runx2 (1), TCF-4 (1), h-OCN-R (1), h-Ocn (1), h-Ocn-R (1)",0.004,0.000345,83,54,"PMC10044883, PMC10045574, PMC10069154, PMC10074101, PMC10139012, PMC10167365, PMC10215148, PMC10523602, PMC10604799, PMC10682137, PMC10731655, PMC11217565, PMC11344390, PMC11456876, PMC11506632, PMC11654009, PMC11765816, PMC11978159, PMC12038241, PMC12109992, PMC3184765, PMC3584459, PMC3722850, PMC3749798, PMC3854245, PMC4135228, PMC4190335, PMC4227236, PMC4491576, PMC4497709, PMC4578555, PMC4794180, PMC4981914, PMC5018325, PMC5151109, PMC5214565, PMC5399588, PMC5489417, PMC5570405, PMC5589808, PMC5769534, PMC5796442, PMC5832166, PMC6033301, PMC6066508, PMC6073246, PMC6108882, PMC6428815, PMC6429482, PMC6581741, PMC6868153, PMC7085835, PMC7462980, PMC7533455, PMC7541626, PMC7590053, PMC7673024, PMC7673321, PMC7730800, PMC7866227, PMC7876270, PMC8016856, PMC8080634, PMC8236553, PMC8262658, PMC8379477, PMC8444612, PMC8514386, PMC8665165, PMC8739256, PMC8806239, PMC9034958, PMC9202102, PMC9225241, PMC9645149, PMC9708540, PMC9740717, PMC9821315, PMC9847547, PMC9882893","PMC10002049, PMC10154459, PMC10282952, PMC10294445, PMC10337197, PMC10813297, PMC10878154, PMC11010622, PMC11067224, PMC11471398, PMC11476683, PMC11797752, PMC12097015, PMC12098891, PMC3869757, PMC4012947, PMC4200022, PMC4264207, PMC4270765, PMC4464659, PMC4630184, PMC4914939, PMC5109898, PMC5268458, PMC5439454, PMC5653327, PMC5695137, PMC5762292, PMC5780180, PMC5835706, PMC5852880, PMC6072152, PMC6097469, PMC6325129, PMC6722737, PMC6818209, PMC6896396, PMC6921428, PMC7028870, PMC7073499, PMC7102919, PMC7395790, PMC7581448, PMC7946453, PMC8051722, PMC8076131, PMC8961311, PMC8973756, PMC9117959, PMC9276041, PMC9284897, PMC9346378, PMC9571456",60.82,63.99,60.0,59.1,960,698,80,53,652,763,671,784,forward,reverse_complement,2,3,4,"PMC10044883,PMC10045574,PMC10069154,PMC10074101,PMC10139012,PMC10167365,PMC10215148,PMC10523602,PMC10604799,PMC10682137,PMC11217565,PMC11344390,PMC11456876,PMC11506632,PMC11654009,PMC11765816,PMC12038241,PMC12109992,PMC3184765,PMC3584459,PMC3722850,PMC3749798,PMC3854245,PMC4135228,PMC4190335,PMC4227236,PMC4491576,PMC4497709,PMC4578555,PMC4794180,PMC4981914,PMC5018325,PMC5151109,PMC5214565,PMC5399588,PMC5489417,PMC5570405,PMC5589808,PMC5769534,PMC5796442,PMC5832166,PMC6033301,PMC6066508,PMC6073246,PMC6108882,PMC6428815,PMC6429482,PMC6581741,PMC6868153,PMC7085835,PMC7462980,PMC7533455,PMC7541626,PMC7590053,PMC7673024,PMC7673321,PMC7730800,PMC7866227,PMC7876270,PMC8016856,PMC8080634,PMC8236553,PMC8262658,PMC8379477,PMC8444612,PMC8514386,PMC8665165,PMC8739256,PMC9202102,PMC9645149,PMC9708540,PMC9821315,PMC9847547,PMC9882893","PMC10731655,PMC11978159,PMC8806239,PMC9034958,PMC9225241,PMC9740717","PMC10002049,PMC10154459,PMC10282952,PMC10294445,PMC10337197,PMC10813297,PMC10878154,PMC11010622,PMC11067224,PMC11471398,PMC11476683,PMC11797752,PMC12097015,PMC12098891,PMC3869757,PMC4012947,PMC4200022,PMC4264207,PMC4270765,PMC4464659,PMC4630184,PMC4914939,PMC5109898,PMC5268458,PMC5439454,PMC5653327,PMC5695137,PMC5762292,PMC5780180,PMC5835706,PMC5852880,PMC6072152,PMC6097469,PMC6325129,PMC6722737,PMC6818209,PMC6896396,PMC6921428,PMC7028870,PMC7073499,PMC7102919,PMC7395790,PMC7581448,PMC7946453,PMC8051722,PMC8076131,PMC8961311,PMC8973756,PMC9117959,PMC9276041,PMC9284897,PMC9346378,PMC9571456",,0,74,53,6,0,0.7870983239568745,0.7322222222222222,0.0,61.32158286451039,
GGCAGCGAGGTAGTGAAGAG,TTGATACAGGTAGCGCCTGGG,PMF1-BGLAP,PMF1-BGLAP,"OCN (25), Osteocalcin (18), BGLAP (11), OC (5), Human (4), 102 (1), Bglap (1), Gene (1), Homo (1), Human_OCN_F (1), OCN--F (1), OSC (1), OSTEOCALCIN (1), Ocn (1), REAGENT (1), RUNX2 (1), human (1)","OCN (23), Osteocalcin (3), 632 (1), Antibodies (1), BGLAP (1), COLI (1), Fn1 (1), NM000711 (1), OC (1), h-OCN-F (1), h-Ocn (1), h-Ocn-F (1)",0.004,0.001,83,40,"PMC10044883, PMC10045574, PMC10069154, PMC10074101, PMC10139012, PMC10167365, PMC10215148, PMC10523602, PMC10604799, PMC10682137, PMC10731655, PMC11217565, PMC11344390, PMC11456876, PMC11506632, PMC11654009, PMC11765816, PMC11978159, PMC12038241, PMC12109992, PMC3184765, PMC3584459, PMC3722850, PMC3749798, PMC3854245, PMC4135228, PMC4190335, PMC4227236, PMC4491576, PMC4497709, PMC4578555, PMC4794180, PMC4981914, PMC5018325, PMC5151109, PMC5214565, PMC5399588, PMC5489417, PMC5570405, PMC5589808, PMC5769534, PMC5796442, PMC5832166, PMC6033301, PMC6066508, PMC6073246, PMC6108882, PMC6428815, PMC6429482, PMC6581741, PMC6868153, PMC7085835, PMC7462980, PMC7533455, PMC7541626, PMC7590053, PMC7673024, PMC7673321, PMC7730800, PMC7866227, PMC7876270, PMC8016856, PMC8080634, PMC8236553, PMC8262658, PMC8379477, PMC8444612, PMC8514386, PMC8665165, PMC8739256, PMC8806239, PMC9034958, PMC9202102, PMC9225241, PMC9645149, PMC9708540, PMC9740717, PMC9821315, PMC9847547, PMC9882893","PMC10154459, PMC10282952, PMC10337197, PMC10878154, PMC11471398, PMC11797752, PMC12097015, PMC12098891, PMC3692432, PMC3869757, PMC4200022, PMC4264207, PMC4464659, PMC4630184, PMC4793227, PMC4914939, PMC5109898, PMC5213995, PMC5268458, PMC5439454, PMC5653327, PMC5762292, PMC5780180, PMC5809428, PMC5852880, PMC6072152, PMC6267832, PMC6325129, PMC6896396, PMC7028870, PMC7073499, PMC7102919, PMC7395790, PMC7581448, PMC7946453, PMC8961311, PMC8973756, PMC9117959, PMC9284897, PMC9346378",60.82,62.58,60.0,57.1,960,538,80,40,652,673,671,693,forward,reverse_complement,2,4,3,"PMC10044883,PMC10045574,PMC10069154,PMC10074101,PMC10139012,PMC10167365,PMC10215148,PMC10523602,PMC10604799,PMC10682137,PMC11217565,PMC11344390,PMC11456876,PMC11506632,PMC11654009,PMC11765816,PMC12038241,PMC12109992,PMC3184765,PMC3584459,PMC3722850,PMC3749798,PMC3854245,PMC4135228,PMC4190335,PMC4227236,PMC4491576,PMC4497709,PMC4578555,PMC4794180,PMC4981914,PMC5018325,PMC5151109,PMC5214565,PMC5399588,PMC5489417,PMC5570405,PMC5589808,PMC5769534,PMC5796442,PMC5832166,PMC6033301,PMC6066508,PMC6073246,PMC6108882,PMC6428815,PMC6429482,PMC6581741,PMC6868153,PMC7085835,PMC7462980,PMC7533455,PMC7541626,PMC7590053,PMC7673024,PMC7673321,PMC7730800,PMC7866227,PMC7876270,PMC8016856,PMC8080634,PMC8236553,PMC8262658,PMC8379477,PMC8444612,PMC8514386,PMC8665165,PMC8739256,PMC9202102,PMC9645149,PMC9708540,PMC9821315,PMC9847547,PMC9882893","PMC10731655,PMC11978159,PMC8806239,PMC9034958,PMC9225241,PMC9740717",,"PMC10154459,PMC10282952,PMC10337197,PMC10878154,PMC11471398,PMC11797752,PMC12097015,PMC12098891,PMC3692432,PMC3869757,PMC4200022,PMC4264207,PMC4464659,PMC4630184,PMC4793227,PMC4914939,PMC5109898,PMC5213995,PMC5268458,PMC5439454,PMC5653327,PMC5762292,PMC5780180,PMC5809428,PMC5852880,PMC6072152,PMC6267832,PMC6325129,PMC6896396,PMC7028870,PMC7073499,PMC7102919,PMC7395790,PMC7581448,PMC7946453,PMC8961311,PMC8973756,PMC9117959,PMC9284897,PMC9346378",0,74,0,6,40,0.5599403335529037,0.7833333333333334,0.413333333333334,59.76368334431187,
GGCAGCGAGGTAGTGAAGAG,CTGGAGAGGAGCAGAACTGG,PMF1-BGLAP,PMF1-BGLAP,"OCN (25), Osteocalcin (18), BGLAP (11), OC (5), Human (4), 102 (1), Bglap (1), Gene (1), Homo (1), Human_OCN_F (1), OCN--F (1), OSC (1), OSTEOCALCIN (1), Ocn (1), REAGENT (1), RUNX2 (1), human (1)","Gene (3), OCN (3), BGLAP (2), Human (2), Osteocalcin (2), GAPDH (1), OCN--R (1), OCN-R (1), OTC (1), Primers (1), Shengong (1)",0.004,0.004,83,34,"PMC10044883, PMC10045574, PMC10069154, PMC10074101, PMC10139012, PMC10167365, PMC10215148, PMC10523602, PMC10604799, PMC10682137, PMC10731655, PMC11217565, PMC11344390, PMC11456876, PMC11506632, PMC11654009, PMC11765816, PMC11978159, PMC12038241, PMC12109992, PMC3184765, PMC3584459, PMC3722850, PMC3749798, PMC3854245, PMC4135228, PMC4190335, PMC4227236, PMC4491576, PMC4497709, PMC4578555, PMC4794180, PMC4981914, PMC5018325, PMC5151109, PMC5214565, PMC5399588, PMC5489417, PMC5570405, PMC5589808, PMC5769534, PMC5796442, PMC5832166, PMC6033301, PMC6066508, PMC6073246, PMC6108882, PMC6428815, PMC6429482, PMC6581741, PMC6868153, PMC7085835, PMC7462980, PMC7533455, PMC7541626, PMC7590053, PMC7673024, PMC7673321, PMC7730800, PMC7866227, PMC7876270, PMC8016856, PMC8080634, PMC8236553, PMC8262658, PMC8379477, PMC8444612, PMC8514386, PMC8665165, PMC8739256, PMC8806239, PMC9034958, PMC9202102, PMC9225241, PMC9645149, PMC9708540, PMC9740717, PMC9821315, PMC9847547, PMC9882893","PMC10658208, PMC11499919, PMC11562309, PMC11706895, PMC12013848, PMC12107957, PMC3170288, PMC3215189, PMC3692432, PMC3722850, PMC3854245, PMC4135228, PMC4190335, PMC4497709, PMC4500612, PMC4559195, PMC4813262, PMC5018325, PMC5151109, PMC5213995, PMC5214565, PMC5552848, PMC5769534, PMC6008747, PMC6163325, PMC6494860, PMC6594112, PMC6868153, PMC6990577, PMC7334395, PMC7545469, PMC7673024, PMC8262658, PMC9882893",60.82,60.12,60.0,60.0,960,671,80,34,652,862,671,881,forward,reverse_complement,2,3,3,"PMC10044883,PMC10045574,PMC10069154,PMC10074101,PMC10139012,PMC10167365,PMC10215148,PMC10523602,PMC10604799,PMC10682137,PMC11217565,PMC11344390,PMC11456876,PMC11506632,PMC11654009,PMC11765816,PMC12038241,PMC12109992,PMC3184765,PMC3584459,PMC3722850,PMC3749798,PMC3854245,PMC4135228,PMC4190335,PMC4227236,PMC4491576,PMC4497709,PMC4578555,PMC4794180,PMC4981914,PMC5018325,PMC5151109,PMC5214565,PMC5399588,PMC5489417,PMC5570405,PMC5589808,PMC5769534,PMC5796442,PMC5832166,PMC6033301,PMC6066508,PMC6073246,PMC6108882,PMC6428815,PMC6429482,PMC6581741,PMC6868153,PMC7085835,PMC7462980,PMC7533455,PMC7541626,PMC7590053,PMC7673024,PMC7673321,PMC7730800,PMC7866227,PMC7876270,PMC8016856,PMC8080634,PMC8236553,PMC8262658,PMC8379477,PMC8444612,PMC8514386,PMC8665165,PMC8739256,PMC9202102,PMC9645149,PMC9708540,PMC9821315,PMC9847547,PMC9882893","PMC10731655,PMC11978159,PMC8806239,PMC9034958,PMC9225241,PMC9740717","PMC10658208,PMC11499919,PMC11562309,PMC11706895,PMC12013848,PMC12107957,PMC3170288,PMC3215189,PMC3692432,PMC3722850,PMC3854245,PMC4135228,PMC4190335,PMC4497709,PMC4500612,PMC4559195,PMC4813262,PMC5018325,PMC5151109,PMC5213995,PMC5214565,PMC5552848,PMC5769534,PMC6008747,PMC6163325,PMC6494860,PMC6594112,PMC6868153,PMC6990577,PMC7334395,PMC7545469,PMC7673024,PMC8262658,PMC9882893",,13,74,34,6,0,1.0,0.8777777777777777,0.7666666666666657,91.66666666666666,"PMC3722850,PMC3854245,PMC4135228,PMC4190335,PMC4497709,PMC5018325,PMC5151109,PMC5214565,PMC5769534,PMC6868153,PMC7673024,PMC8262658,PMC9882893"
GGCAGCGAGGTAGTGAAGAG,CCTGAAAGCCGATGTGGT,PMF1-BGLAP,PMF1-BGLAP,"OCN (25), Osteocalcin (18), BGLAP (11), OC (5), Human (4), 102 (1), Bglap (1), Gene (1), Homo (1), Human_OCN_F (1), OCN--F (1), OSC (1), OSTEOCALCIN (1), Ocn (1), REAGENT (1), RUNX2 (1), human (1)","OCN (6), BSP-R (2), Gene (2), OCN-R (2), ALP (1), CCTGA (1), OC (1), OCN6 (1), Osteocalcin (1), hsa-OCN-R (1)",0.004,0.028,83,26,"PMC10044883, PMC10045574, PMC10069154, PMC10074101, PMC10139012, PMC10167365, PMC10215148, PMC10523602, PMC10604799, PMC10682137, PMC10731655, PMC11217565, PMC11344390, PMC11456876, PMC11506632, PMC11654009, PMC11765816, PMC11978159, PMC12038241, PMC12109992, PMC3184765, PMC3584459, PMC3722850, PMC3749798, PMC3854245, PMC4135228, PMC4190335, PMC4227236, PMC4491576, PMC4497709, PMC4578555, PMC4794180, PMC4981914, PMC5018325, PMC5151109, PMC5214565, PMC5399588, PMC5489417, PMC5570405, PMC5589808, PMC5769534, PMC5796442, PMC5832166, PMC6033301, PMC6066508, PMC6073246, PMC6108882, PMC6428815, PMC6429482, PMC6581741, PMC6868153, PMC7085835, PMC7462980, PMC7533455, PMC7541626, PMC7590053, PMC7673024, PMC7673321, PMC7730800, PMC7866227, PMC7876270, PMC8016856, PMC8080634, PMC8236553, PMC8262658, PMC8379477, PMC8444612, PMC8514386, PMC8665165, PMC8739256, PMC8806239, PMC9034958, PMC9202102, PMC9225241, PMC9645149, PMC9708540, PMC9740717, PMC9821315, PMC9847547, PMC9882893","PMC10070041, PMC10222704, PMC10285757, PMC3763164, PMC4655957, PMC5472052, PMC5702518, PMC5774528, PMC5837092, PMC6029428, PMC6080583, PMC6248998, PMC6333395, PMC6484321, PMC6756869, PMC6811559, PMC6812411, PMC7579890, PMC8273062, PMC8290518, PMC8570085, PMC8678408, PMC8800246, PMC8865099",60.82,57.92,60.0,55.6,960,362,80,24,652,782,671,799,forward,reverse_complement,2,2,3,"PMC10044883,PMC10045574,PMC10069154,PMC10074101,PMC10139012,PMC10167365,PMC10215148,PMC10523602,PMC10604799,PMC10682137,PMC11217565,PMC11344390,PMC11456876,PMC11506632,PMC11654009,PMC11765816,PMC12038241,PMC12109992,PMC3184765,PMC3584459,PMC3722850,PMC3749798,PMC3854245,PMC4135228,PMC4190335,PMC4227236,PMC4491576,PMC4497709,PMC4578555,PMC4794180,PMC4981914,PMC5018325,PMC5151109,PMC5214565,PMC5399588,PMC5489417,PMC5570405,PMC5589808,PMC5769534,PMC5796442,PMC5832166,PMC6033301,PMC6066508,PMC6073246,PMC6108882,PMC6428815,PMC6429482,PMC6581741,PMC6868153,PMC7085835,PMC7462980,PMC7533455,PMC7541626,PMC7590053,PMC7673024,PMC7673321,PMC7730800,PMC7866227,PMC7876270,PMC8016856,PMC8080634,PMC8236553,PMC8262658,PMC8379477,PMC8444612,PMC8514386,PMC8665165,PMC8739256,PMC9202102,PMC9645149,PMC9708540,PMC9821315,PMC9847547,PMC9882893","PMC10731655,PMC11978159,PMC8806239,PMC9034958,PMC9225241,PMC9740717","PMC10070041,PMC10222704,PMC10285757,PMC3763164,PMC4655957,PMC5472052,PMC5702518,PMC5774528,PMC5837092,PMC6029428,PMC6080583,PMC6248998,PMC6333395,PMC6756869,PMC6811559,PMC6812411,PMC7579890,PMC8273062,PMC8570085,PMC8800246,PMC8865099","PMC6484321,PMC8290518,PMC8678408",0,74,21,6,3,0.7074872364175915,0.7222222222222223,0.03333333333333377,57.707695154212914,
GGCAGCGAGGTAGTGAAGAG,GATGTGGTCAGCCAACTC,PMF1-BGLAP,PMF1-BGLAP,"OCN (25), Osteocalcin (18), BGLAP (11), OC (5), Human (4), 102 (1), Bglap (1), Gene (1), Homo (1), Human_OCN_F (1), OCN--F (1), OSC (1), OSTEOCALCIN (1), Ocn (1), REAGENT (1), RUNX2 (1), human (1)","Osteocalcin (7), GAPDH (2), BGLAP (1), Genes (1), OCN-R (1), OSTEOCALCIN (1), OSTERIX (1), RUNX-2-forward (1), RUNX2 (1), The (1), Type (1)",0.004,0.028,83,21,"PMC10044883, PMC10045574, PMC10069154, PMC10074101, PMC10139012, PMC10167365, PMC10215148, PMC10523602, PMC10604799, PMC10682137, PMC10731655, PMC11217565, PMC11344390, PMC11456876, PMC11506632, PMC11654009, PMC11765816, PMC11978159, PMC12038241, PMC12109992, PMC3184765, PMC3584459, PMC3722850, PMC3749798, PMC3854245, PMC4135228, PMC4190335, PMC4227236, PMC4491576, PMC4497709, PMC4578555, PMC4794180, PMC4981914, PMC5018325, PMC5151109, PMC5214565, PMC5399588, PMC5489417, PMC5570405, PMC5589808, PMC5769534, PMC5796442, PMC5832166, PMC6033301, PMC6066508, PMC6073246, PMC6108882, PMC6428815, PMC6429482, PMC6581741, PMC6868153, PMC7085835, PMC7462980, PMC7533455, PMC7541626, PMC7590053, PMC7673024, PMC7673321, PMC7730800, PMC7866227, PMC7876270, PMC8016856, PMC8080634, PMC8236553, PMC8262658, PMC8379477, PMC8444612, PMC8514386, PMC8665165, PMC8739256, PMC8806239, PMC9034958, PMC9202102, PMC9225241, PMC9645149, PMC9708540, PMC9740717, PMC9821315, PMC9847547, PMC9882893","PMC10209287, PMC10218682, PMC4556843, PMC4673191, PMC4699026, PMC4750003, PMC4837802, PMC4929892, PMC4961106, PMC5009659, PMC5763659, PMC5809617, PMC5833785, PMC6311247, PMC7539403, PMC8134029, PMC8245033, PMC8467999, PMC9024451, PMC9747886",60.82,55.99,60.0,55.6,960,252,80,20,652,772,671,789,forward,reverse_complement,2,3,3,"PMC10044883,PMC10045574,PMC10069154,PMC10074101,PMC10139012,PMC10167365,PMC10215148,PMC10523602,PMC10604799,PMC10682137,PMC11217565,PMC11344390,PMC11456876,PMC11506632,PMC11654009,PMC11765816,PMC12038241,PMC12109992,PMC3184765,PMC3584459,PMC3722850,PMC3749798,PMC3854245,PMC4135228,PMC4190335,PMC4227236,PMC4491576,PMC4497709,PMC4578555,PMC4794180,PMC4981914,PMC5018325,PMC5151109,PMC5214565,PMC5399588,PMC5489417,PMC5570405,PMC5589808,PMC5769534,PMC5796442,PMC5832166,PMC6033301,PMC6066508,PMC6073246,PMC6108882,PMC6428815,PMC6429482,PMC6581741,PMC6868153,PMC7085835,PMC7462980,PMC7533455,PMC7541626,PMC7590053,PMC7673024,PMC7673321,PMC7730800,PMC7866227,PMC7876270,PMC8016856,PMC8080634,PMC8236553,PMC8262658,PMC8379477,PMC8444612,PMC8514386,PMC8665165,PMC8739256,PMC9202102,PMC9645149,PMC9708540,PMC9821315,PMC9847547,PMC9882893","PMC10731655,PMC11978159,PMC8806239,PMC9034958,PMC9225241,PMC9740717","PMC10209287,PMC10218682,PMC4556843,PMC4673191,PMC4699026,PMC4750003,PMC4837802,PMC4929892,PMC4961106,PMC5009659,PMC5763659,PMC5809617,PMC5833785,PMC6311247,PMC7539403,PMC8134029,PMC8245033,PMC8467999,PMC9024451,PMC9747886",,0,74,20,6,0,0.6979556594164986,0.6988888888888889,0.0,55.864449637491596,
GGCAGCGAGGTAGTGAAGAG,GGCTCCCAGCCATTGATACAG,PMF1-BGLAP,PMF1-BGLAP,"OCN (25), Osteocalcin (18), BGLAP (11), OC (5), Human (4), 102 (1), Bglap (1), Gene (1), Homo (1), Human_OCN_F (1), OCN--F (1), OSC (1), OSTEOCALCIN (1), Ocn (1), REAGENT (1), RUNX2 (1), human (1)","Osteocalcin (4), OCN (3), Gene (2), BGLAP (1), Genes (1), Homo (1), OCN-R (1), gene (1)",0.004,0.001,83,19,"PMC10044883, PMC10045574, PMC10069154, PMC10074101, PMC10139012, PMC10167365, PMC10215148, PMC10523602, PMC10604799, PMC10682137, PMC10731655, PMC11217565, PMC11344390, PMC11456876, PMC11506632, PMC11654009, PMC11765816, PMC11978159, PMC12038241, PMC12109992, PMC3184765, PMC3584459, PMC3722850, PMC3749798, PMC3854245, PMC4135228, PMC4190335, PMC4227236, PMC4491576, PMC4497709, PMC4578555, PMC4794180, PMC4981914, PMC5018325, PMC5151109, PMC5214565, PMC5399588, PMC5489417, PMC5570405, PMC5589808, PMC5769534, PMC5796442, PMC5832166, PMC6033301, PMC6066508, PMC6073246, PMC6108882, PMC6428815, PMC6429482, PMC6581741, PMC6868153, PMC7085835, PMC7462980, PMC7533455, PMC7541626, PMC7590053, PMC7673024, PMC7673321, PMC7730800, PMC7866227, PMC7876270, PMC8016856, PMC8080634, PMC8236553, PMC8262658, PMC8379477, PMC8444612, PMC8514386, PMC8665165, PMC8739256, PMC8806239, PMC9034958, PMC9202102, PMC9225241, PMC9645149, PMC9708540, PMC9740717, PMC9821315, PMC9847547, PMC9882893","PMC10288420, PMC10703823, PMC12108652, PMC3829770, PMC3926498, PMC4204190, PMC5373515, PMC5455643, PMC6136473, PMC6781330, PMC7528055, PMC7925396, PMC8010662, PMC8047219, PMC8184675, PMC8306468, PMC8707254, PMC8717387, PMC9251783",60.82,61.48,60.0,57.1,960,222,80,19,652,685,671,705,forward,reverse_complement,2,4,3,"PMC10044883,PMC10045574,PMC10069154,PMC10074101,PMC10139012,PMC10167365,PMC10215148,PMC10523602,PMC10604799,PMC10682137,PMC11217565,PMC11344390,PMC11456876,PMC11506632,PMC11654009,PMC11765816,PMC12038241,PMC12109992,PMC3184765,PMC3584459,PMC3722850,PMC3749798,PMC3854245,PMC4135228,PMC4190335,PMC4227236,PMC4491576,PMC4497709,PMC4578555,PMC4794180,PMC4981914,PMC5018325,PMC5151109,PMC5214565,PMC5399588,PMC5489417,PMC5570405,PMC5589808,PMC5769534,PMC5796442,PMC5832166,PMC6033301,PMC6066508,PMC6073246,PMC6108882,PMC6428815,PMC6429482,PMC6581741,PMC6868153,PMC7085835,PMC7462980,PMC7533455,PMC7541626,PMC7590053,PMC7673024,PMC7673321,PMC7730800,PMC7866227,PMC7876270,PMC8016856,PMC8080634,PMC8236553,PMC8262658,PMC8379477,PMC8444612,PMC8514386,PMC8665165,PMC8739256,PMC9202102,PMC9645149,PMC9708540,PMC9821315,PMC9847547,PMC9882893","PMC10731655,PMC11978159,PMC8806239,PMC9034958,PMC9225241,PMC9740717","PMC10288420,PMC10703823,PMC12108652,PMC3829770,PMC3926498,PMC4204190,PMC5373515,PMC5455643,PMC6136473,PMC6781330,PMC7528055,PMC7925396,PMC8010662,PMC8047219,PMC8184675,PMC8306468,PMC8707254,PMC8717387,PMC9251783",,0,74,19,6,0,0.6933506175633275,0.8444444444444447,0.7800000000000011,75.60086421149974,
GGCAGCGAGGTAGTGAAGAG,CTCACACACCTCCCTCCTG,PMF1-BGLAP,PMF1-BGLAP,"OCN (25), Osteocalcin (18), BGLAP (11), OC (5), Human (4), 102 (1), Bglap (1), Gene (1), Homo (1), Human_OCN_F (1), OCN--F (1), OSC (1), OSTEOCALCIN (1), Ocn (1), REAGENT (1), RUNX2 (1), human (1)","Gene (2), Osteocalcin (2), Direction (1)",0.004,0.011,83,17,"PMC10044883, PMC10045574, PMC10069154, PMC10074101, PMC10139012, PMC10167365, PMC10215148, PMC10523602, PMC10604799, PMC10682137, PMC10731655, PMC11217565, PMC11344390, PMC11456876, PMC11506632, PMC11654009, PMC11765816, PMC11978159, PMC12038241, PMC12109992, PMC3184765, PMC3584459, PMC3722850, PMC3749798, PMC3854245, PMC4135228, PMC4190335, PMC4227236, PMC4491576, PMC4497709, PMC4578555, PMC4794180, PMC4981914, PMC5018325, PMC5151109, PMC5214565, PMC5399588, PMC5489417, PMC5570405, PMC5589808, PMC5769534, PMC5796442, PMC5832166, PMC6033301, PMC6066508, PMC6073246, PMC6108882, PMC6428815, PMC6429482, PMC6581741, PMC6868153, PMC7085835, PMC7462980, PMC7533455, PMC7541626, PMC7590053, PMC7673024, PMC7673321, PMC7730800, PMC7866227, PMC7876270, PMC8016856, PMC8080634, PMC8236553, PMC8262658, PMC8379477, PMC8444612, PMC8514386, PMC8665165, PMC8739256, PMC8806239, PMC9034958, PMC9202102, PMC9225241, PMC9645149, PMC9708540, PMC9740717, PMC9821315, PMC9847547, PMC9882893","PMC10069154, PMC10139012, PMC11456876, PMC12109992, PMC5589808, PMC5832166, PMC6066508, PMC6428815, PMC6934613, PMC7462980, PMC7541626, PMC7866227, PMC8236553, PMC8665165, PMC8684200, PMC8739256, PMC9821315",60.82,59.68,60.0,63.2,960,147,80,17,652,735,671,753,forward,reverse_complement,2,2,5,"PMC10044883,PMC10045574,PMC10069154,PMC10074101,PMC10139012,PMC10167365,PMC10215148,PMC10523602,PMC10604799,PMC10682137,PMC11217565,PMC11344390,PMC11456876,PMC11506632,PMC11654009,PMC11765816,PMC12038241,PMC12109992,PMC3184765,PMC3584459,PMC3722850,PMC3749798,PMC3854245,PMC4135228,PMC4190335,PMC4227236,PMC4491576,PMC4497709,PMC4578555,PMC4794180,PMC4981914,PMC5018325,PMC5151109,PMC5214565,PMC5399588,PMC5489417,PMC5570405,PMC5589808,PMC5769534,PMC5796442,PMC5832166,PMC6033301,PMC6066508,PMC6073246,PMC6108882,PMC6428815,PMC6429482,PMC6581741,PMC6868153,PMC7085835,PMC7462980,PMC7533455,PMC7541626,PMC7590053,PMC7673024,PMC7673321,PMC7730800,PMC7866227,PMC7876270,PMC8016856,PMC8080634,PMC8236553,PMC8262658,PMC8379477,PMC8444612,PMC8514386,PMC8665165,PMC8739256,PMC9202102,PMC9645149,PMC9708540,PMC9821315,PMC9847547,PMC9882893","PMC10731655,PMC11978159,PMC8806239,PMC9034958,PMC9225241,PMC9740717","PMC10069154,PMC10139012,PMC11456876,PMC12109992,PMC5589808,PMC5832166,PMC6066508,PMC6428815,PMC6934613,PMC7462980,PMC7541626,PMC7866227,PMC8236553,PMC8665165,PMC8739256,PMC9821315",PMC8684200,15,74,16,6,1,1.0,0.8333333333333333,0.6199999999999999,87.4,"PMC10069154,PMC10139012,PMC11456876,PMC12109992,PMC5589808,PMC5832166,PMC6066508,PMC6428815,PMC7462980,PMC7541626,PMC7866227,PMC8236553,PMC8665165,PMC8739256,PMC9821315"
AGCAAAGGTGCAGCCTTTGT,CCCTCCTGCTTGGACACAAAG,PMF1-BGLAP,PMF1-BGLAP,"OCN (33), Osteocalcin (11), BGLAP (4), OSTEOCALCIN (3), NM_001199662.1 (2), hOCN (2), Bglap (1), Human (1), Murine (1), NM_199173 (1), OCN-F (1), OSX (1), OTC (1), Ocn (1), T-3 (1), The (1)","Gene (13), BGLAP (8), OCN (8), Osteocalcin (4), GAPDH (2), OPN (2), human (2), 632 (1), Bglap (1), C-3 (1), CCC (1), CDK6 (1), COL1a1 (1), CYR61 (1), CircLPAR1 (1), Data (1), Direction (1), FGFR1 (1), H- (1), Human (1), LSD1 (1), NM_199173.6 (1), OC-R (1), OCN--R (1), OCN-Reverse (1), OSTEOCALCIN (1), Osteocalcin-R (1), P2RX4 (1), Runx2 (1), h-OCN (1), hsa-OCN-Reverse (1)",0.004,0.001,76,117,"PMC10068215, PMC10114309, PMC10136252, PMC10142416, PMC10425714, PMC10649997, PMC11269806, PMC11345904, PMC11678880, PMC2752141, PMC3540691, PMC3706769, PMC3871528, PMC3994545, PMC4017825, PMC4065368, PMC4090480, PMC4159424, PMC4285026, PMC4446088, PMC4564090, PMC5153594, PMC5153597, PMC5240222, PMC5314335, PMC5457736, PMC5484033, PMC5551874, PMC5557518, PMC5558561, PMC5845373, PMC5884793, PMC5938007, PMC6112657, PMC6115405, PMC6171664, PMC6199241, PMC6235898, PMC6372621, PMC6375160, PMC6444228, PMC6476152, PMC6507233, PMC6636314, PMC6798413, PMC6815369, PMC6817489, PMC7042551, PMC7072478, PMC7161540, PMC7169364, PMC7288803, PMC7329510, PMC7345324, PMC7346082, PMC7404054, PMC7472722, PMC7584591, PMC7684978, PMC7699612, PMC7791649, PMC7928941, PMC7933275, PMC8041482, PMC8371653, PMC8371914, PMC8380916, PMC8706974, PMC8977954, PMC9288680, PMC9375426, PMC9656268, PMC9699338, PMC9783915, PMC9851786","PMC10142914, PMC10212705, PMC10266046, PMC10478283, PMC10659042, PMC10800782, PMC10849785, PMC10929792, PMC10936096, PMC11001392, PMC11084186, PMC11330132, PMC11391719, PMC11562097, PMC11565289, PMC11590406, PMC11633500, PMC11896475, PMC11947814, PMC11977094, PMC12001474, PMC12024643, PMC12073084, PMC12074812, PMC3569421, PMC3880843, PMC4028224, PMC4203828, PMC4317596, PMC4375934, PMC4388628, PMC4738707, PMC4767937, PMC4773240, PMC4948698, PMC5030629, PMC5192052, PMC5239543, PMC5355733, PMC5548928, PMC5776773, PMC5951430, PMC5970187, PMC5996090, PMC6002551, PMC6029469, PMC6120750, PMC6134938, PMC6154708, PMC6241358, PMC6391470, PMC6410690, PMC6533502, PMC6561377, PMC6594288, PMC6811605, PMC6889321, PMC6916635, PMC6964093, PMC6996099, PMC7011343, PMC7012241, PMC7033235, PMC7073820, PMC7165343, PMC7193115, PMC7233608, PMC7435717, PMC7446217, PMC7488079, PMC7539105, PMC7576269, PMC7583167, PMC7609060, PMC7610338, PMC7645323, PMC7676202, PMC7694436, PMC7807199, PMC7811365, PMC7814734, PMC7893805, PMC7904523, PMC8040480, PMC8076414, PMC8097863, PMC8187992, PMC8261971, PMC8294092, PMC8309475, PMC8366957, PMC8381068, PMC8382950, PMC8441126, PMC8647299, PMC8665342, PMC8919664, PMC8962127, PMC8971384, PMC9080063, PMC9206573, PMC9236897, PMC9275886, PMC9320112, PMC9339598, PMC9561255, PMC9726269, PMC9782440, PMC9854827, PMC9856031, PMC9909214, PMC9925051, PMC9945756, PMC9991042",61.71,61.82,50.0,57.1,1552,1461,75,114,619,633,638,653,forward,reverse_complement,6,3,6,"PMC10068215,PMC10114309,PMC10136252,PMC10142416,PMC10425714,PMC10649997,PMC11269806,PMC11345904,PMC11678880,PMC2752141,PMC3540691,PMC3706769,PMC3871528,PMC3994545,PMC4017825,PMC4065368,PMC4090480,PMC4159424,PMC4285026,PMC4446088,PMC4564090,PMC5153594,PMC5153597,PMC5240222,PMC5314335,PMC5457736,PMC5484033,PMC5551874,PMC5557518,PMC5558561,PMC5845373,PMC5884793,PMC5938007,PMC6112657,PMC6115405,PMC6171664,PMC6199241,PMC6235898,PMC6372621,PMC6375160,PMC6444228,PMC6476152,PMC6507233,PMC6636314,PMC6798413,PMC6815369,PMC6817489,PMC7042551,PMC7072478,PMC7161540,PMC7169364,PMC7288803,PMC7329510,PMC7345324,PMC7346082,PMC7404054,PMC7472722,PMC7584591,PMC7684978,PMC7699612,PMC7791649,PMC7928941,PMC7933275,PMC8041482,PMC8371653,PMC8371914,PMC8380916,PMC8706974,PMC8977954,PMC9288680,PMC9375426,PMC9656268,PMC9699338,PMC9783915,PMC9851786",,"PMC10142914,PMC10212705,PMC10266046,PMC10478283,PMC10659042,PMC10800782,PMC10849785,PMC10929792,PMC10936096,PMC11001392,PMC11084186,PMC11330132,PMC11391719,PMC11562097,PMC11565289,PMC11590406,PMC11633500,PMC11896475,PMC11947814,PMC11977094,PMC12001474,PMC12024643,PMC12073084,PMC12074812,PMC3569421,PMC3880843,PMC4028224,PMC4203828,PMC4317596,PMC4375934,PMC4388628,PMC4738707,PMC4767937,PMC4773240,PMC4948698,PMC5030629,PMC5192052,PMC5239543,PMC5355733,PMC5548928,PMC5776773,PMC5951430,PMC5970187,PMC5996090,PMC6002551,PMC6029469,PMC6120750,PMC6134938,PMC6154708,PMC6241358,PMC6391470,PMC6410690,PMC6533502,PMC6561377,PMC6594288,PMC6811605,PMC6889321,PMC6916635,PMC6964093,PMC6996099,PMC7011343,PMC7012241,PMC7033235,PMC7073820,PMC7165343,PMC7193115,PMC7233608,PMC7435717,PMC7446217,PMC7488079,PMC7539105,PMC7576269,PMC7583167,PMC7609060,PMC7610338,PMC7645323,PMC7676202,PMC7694436,PMC7807199,PMC7811365,PMC7814734,PMC7893805,PMC7904523,PMC8040480,PMC8076414,PMC8097863,PMC8187992,PMC8261971,PMC8294092,PMC8309475,PMC8366957,PMC8381068,PMC8382950,PMC8441126,PMC8647299,PMC8665342,PMC8919664,PMC8962127,PMC8971384,PMC9080063,PMC9206573,PMC9236897,PMC9275886,PMC9320112,PMC9339598,PMC9561255,PMC9726269,PMC9782440,PMC9854827,PMC9856031,PMC9909214,PMC9925051,PMC9945756,PMC9991042",,0,75,114,0,0,0.0,0.0,0.0,0.0,
AGCAAAGGTGCAGCCTTTGT,CCATTGATACAGGTAGCGCC,PMF1-BGLAP,PMF1-BGLAP,"OCN (33), Osteocalcin (11), BGLAP (4), OSTEOCALCIN (3), NM_001199662.1 (2), hOCN (2), Bglap (1), Human (1), Murine (1), NM_199173 (1), OCN-F (1), OSX (1), OTC (1), Ocn (1), T-3 (1), The (1)","BGLAP (22), OCN (19), Osteocalcin (7), Ocn (3), hsa-OCN-forward (3), human (3), hOCN (2), 110 (1), 5BGLAP (1), ALP (1), BGLAP-F (1), BGLAP-Forward (1), Homo (1), Human (1), NM_199173.5 (1), NM_199173.6 (1), OC (1), OGN (1), OSC (1), Osteocalcin-F (1), Osteogenesis (1), The (1), VEGF (1)",0.004,0.004,76,90,"PMC10068215, PMC10114309, PMC10136252, PMC10142416, PMC10425714, PMC10649997, PMC11269806, PMC11345904, PMC11678880, PMC2752141, PMC3540691, PMC3706769, PMC3871528, PMC3994545, PMC4017825, PMC4065368, PMC4090480, PMC4159424, PMC4285026, PMC4446088, PMC4564090, PMC5153594, PMC5153597, PMC5240222, PMC5314335, PMC5457736, PMC5484033, PMC5551874, PMC5557518, PMC5558561, PMC5845373, PMC5884793, PMC5938007, PMC6112657, PMC6115405, PMC6171664, PMC6199241, PMC6235898, PMC6372621, PMC6375160, PMC6444228, PMC6476152, PMC6507233, PMC6636314, PMC6798413, PMC6815369, PMC6817489, PMC7042551, PMC7072478, PMC7161540, PMC7169364, PMC7288803, PMC7329510, PMC7345324, PMC7346082, PMC7404054, PMC7472722, PMC7584591, PMC7684978, PMC7699612, PMC7791649, PMC7928941, PMC7933275, PMC8041482, PMC8371653, PMC8371914, PMC8380916, PMC8706974, PMC8977954, PMC9288680, PMC9375426, PMC9656268, PMC9699338, PMC9783915, PMC9851786","PMC10160763, PMC10379034, PMC10441659, PMC10444653, PMC10643473, PMC10878834, PMC10976750, PMC11259626, PMC11269795, PMC11301355, PMC11332729, PMC11559230, PMC11595442, PMC11762233, PMC11763229, PMC11818253, PMC11823243, PMC11892751, PMC11944977, PMC12080316, PMC12087957, PMC12091229, PMC2646266, PMC3799771, PMC3805512, PMC4178031, PMC4201491, PMC4329829, PMC4404686, PMC4836087, PMC4879177, PMC4886818, PMC5057179, PMC5072612, PMC5164906, PMC5297792, PMC5322661, PMC5490090, PMC5493527, PMC5513456, PMC5583332, PMC5658998, PMC5668416, PMC5680323, PMC5704576, PMC5780081, PMC5800449, PMC6092836, PMC6172397, PMC6265790, PMC6323209, PMC6685704, PMC6861671, PMC6920280, PMC7266346, PMC7294393, PMC7315279, PMC7378902, PMC7475978, PMC7897289, PMC7920808, PMC8353646, PMC8395443, PMC8508916, PMC8520689, PMC8525028, PMC8554986, PMC8670285, PMC8722308, PMC8818240, PMC8868595, PMC9097555, PMC9175016, PMC9233575, PMC9354009, PMC9355958, PMC9477632, PMC9564153, PMC9570360, PMC9796874, PMC9821985, PMC9843530, PMC9963438, PMC9964429, PMC9993741",61.71,59.13,50.0,55.0,1552,1773,75,85,619,677,638,696,forward,reverse_complement,6,4,3,"PMC10068215,PMC10114309,PMC10136252,PMC10142416,PMC10425714,PMC10649997,PMC11269806,PMC11345904,PMC11678880,PMC2752141,PMC3540691,PMC3706769,PMC3871528,PMC3994545,PMC4017825,PMC4065368,PMC4090480,PMC4159424,PMC4285026,PMC4446088,PMC4564090,PMC5153594,PMC5153597,PMC5240222,PMC5314335,PMC5457736,PMC5484033,PMC5551874,PMC5557518,PMC5558561,PMC5845373,PMC5884793,PMC5938007,PMC6112657,PMC6115405,PMC6171664,PMC6199241,PMC6235898,PMC6372621,PMC6375160,PMC6444228,PMC6476152,PMC6507233,PMC6636314,PMC6798413,PMC6815369,PMC6817489,PMC7042551,PMC7072478,PMC7161540,PMC7169364,PMC7288803,PMC7329510,PMC7345324,PMC7346082,PMC7404054,PMC7472722,PMC7584591,PMC7684978,PMC7699612,PMC7791649,PMC7928941,PMC7933275,PMC8041482,PMC8371653,PMC8371914,PMC8380916,PMC8706974,PMC8977954,PMC9288680,PMC9375426,PMC9656268,PMC9699338,PMC9783915,PMC9851786",,,"PMC10160763,PMC10379034,PMC10441659,PMC10444653,PMC10643473,PMC10878834,PMC10976750,PMC11259626,PMC11269795,PMC11301355,PMC11332729,PMC11559230,PMC11595442,PMC11762233,PMC11763229,PMC11818253,PMC11823243,PMC11892751,PMC11944977,PMC12080316,PMC12087957,PMC12091229,PMC2646266,PMC3799771,PMC3805512,PMC4178031,PMC4201491,PMC4329829,PMC4404686,PMC4836087,PMC4879177,PMC4886818,PMC5057179,PMC5072612,PMC5164906,PMC5297792,PMC5322661,PMC5490090,PMC5493527,PMC5513456,PMC5583332,PMC5658998,PMC5668416,PMC5680323,PMC5704576,PMC5780081,PMC5800449,PMC6092836,PMC6172397,PMC6265790,PMC6323209,PMC6685704,PMC6861671,PMC6920280,PMC7266346,PMC7294393,PMC7315279,PMC7378902,PMC7475978,PMC7897289,PMC7920808,PMC8353646,PMC8395443,PMC8508916,PMC8520689,PMC8525028,PMC8554986,PMC8670285,PMC8722308,PMC8818240,PMC8868595,PMC9097555,PMC9175016,PMC9233575,PMC9354009,PMC9355958,PMC9477632,PMC9564153,PMC9570360,PMC9796874,PMC9821985,PMC9843530,PMC9963438,PMC9964429,PMC9993741",0,75,0,0,85,0.5878856800791998,0.8566666666666667,0.14000000000000057,57.89428400396,
AGCAAAGGTGCAGCCTTTGT,CTCTTCACTACCTCGCTGCC,PMF1-BGLAP,PMF1-BGLAP,"OCN (33), Osteocalcin (11), BGLAP (4), OSTEOCALCIN (3), NM_001199662.1 (2), hOCN (2), Bglap (1), Human (1), Murine (1), NM_199173 (1), OCN-F (1), OSX (1), OTC (1), Ocn (1), T-3 (1), The (1)","OCN (25), Osteocalcin (18), BGLAP (11), OC (5), Human (4), 102 (1), Bglap (1), Gene (1), Homo (1), Human_OCN_F (1), OCN--F (1), OSC (1), OSTEOCALCIN (1), Ocn (1), REAGENT (1), RUNX2 (1), human (1)",0.004,0.004,76,83,"PMC10068215, PMC10114309, PMC10136252, PMC10142416, PMC10425714, PMC10649997, PMC11269806, PMC11345904, PMC11678880, PMC2752141, PMC3540691, PMC3706769, PMC3871528, PMC3994545, PMC4017825, PMC4065368, PMC4090480, PMC4159424, PMC4285026, PMC4446088, PMC4564090, PMC5153594, PMC5153597, PMC5240222, PMC5314335, PMC5457736, PMC5484033, PMC5551874, PMC5557518, PMC5558561, PMC5845373, PMC5884793, PMC5938007, PMC6112657, PMC6115405, PMC6171664, PMC6199241, PMC6235898, PMC6372621, PMC6375160, PMC6444228, PMC6476152, PMC6507233, PMC6636314, PMC6798413, PMC6815369, PMC6817489, PMC7042551, PMC7072478, PMC7161540, PMC7169364, PMC7288803, PMC7329510, PMC7345324, PMC7346082, PMC7404054, PMC7472722, PMC7584591, PMC7684978, PMC7699612, PMC7791649, PMC7928941, PMC7933275, PMC8041482, PMC8371653, PMC8371914, PMC8380916, PMC8706974, PMC8977954, PMC9288680, PMC9375426, PMC9656268, PMC9699338, PMC9783915, PMC9851786","PMC10044883, PMC10045574, PMC10069154, PMC10074101, PMC10139012, PMC10167365, PMC10215148, PMC10523602, PMC10604799, PMC10682137, PMC10731655, PMC11217565, PMC11344390, PMC11456876, PMC11506632, PMC11654009, PMC11765816, PMC11978159, PMC12038241, PMC12109992, PMC3184765, PMC3584459, PMC3722850, PMC3749798, PMC3854245, PMC4135228, PMC4190335, PMC4227236, PMC4491576, PMC4497709, PMC4578555, PMC4794180, PMC4981914, PMC5018325, PMC5151109, PMC5214565, PMC5399588, PMC5489417, PMC5570405, PMC5589808, PMC5769534, PMC5796442, PMC5832166, PMC6033301, PMC6066508, PMC6073246, PMC6108882, PMC6428815, PMC6429482, PMC6581741, PMC6868153, PMC7085835, PMC7462980, PMC7533455, PMC7541626, PMC7590053, PMC7673024, PMC7673321, PMC7730800, PMC7866227, PMC7876270, PMC8016856, PMC8080634, PMC8236553, PMC8262658, PMC8379477, PMC8444612, PMC8514386, PMC8665165, PMC8739256, PMC8806239, PMC9034958, PMC9202102, PMC9225241, PMC9645149, PMC9708540, PMC9740717, PMC9821315, PMC9847547, PMC9882893",61.71,60.82,50.0,60.0,1552,960,75,80,619,652,638,671,forward,reverse_complement,6,2,5,"PMC10068215,PMC10114309,PMC10136252,PMC10142416,PMC10425714,PMC10649997,PMC11269806,PMC11345904,PMC11678880,PMC2752141,PMC3540691,PMC3706769,PMC3871528,PMC3994545,PMC4017825,PMC4065368,PMC4090480,PMC4159424,PMC4285026,PMC4446088,PMC4564090,PMC5153594,PMC5153597,PMC5240222,PMC5314335,PMC5457736,PMC5484033,PMC5551874,PMC5557518,PMC5558561,PMC5845373,PMC5884793,PMC5938007,PMC6112657,PMC6115405,PMC6171664,PMC6199241,PMC6235898,PMC6372621,PMC6375160,PMC6444228,PMC6476152,PMC6507233,PMC6636314,PMC6798413,PMC6815369,PMC6817489,PMC7042551,PMC7072478,PMC7161540,PMC7169364,PMC7288803,PMC7329510,PMC7345324,PMC7346082,PMC7404054,PMC7472722,PMC7584591,PMC7684978,PMC7699612,PMC7791649,PMC7928941,PMC7933275,PMC8041482,PMC8371653,PMC8371914,PMC8380916,PMC8706974,PMC8977954,PMC9288680,PMC9375426,PMC9656268,PMC9699338,PMC9783915,PMC9851786",,"PMC10731655,PMC11978159,PMC8806239,PMC9034958,PMC9225241,PMC9740717","PMC10044883,PMC10045574,PMC10069154,PMC10074101,PMC10139012,PMC10167365,PMC10215148,PMC10523602,PMC10604799,PMC10682137,PMC11217565,PMC11344390,PMC11456876,PMC11506632,PMC11654009,PMC11765816,PMC12038241,PMC12109992,PMC3184765,PMC3584459,PMC3722850,PMC3749798,PMC3854245,PMC4135228,PMC4190335,PMC4227236,PMC4491576,PMC4497709,PMC4578555,PMC4794180,PMC4981914,PMC5018325,PMC5151109,PMC5214565,PMC5399588,PMC5489417,PMC5570405,PMC5589808,PMC5769534,PMC5796442,PMC5832166,PMC6033301,PMC6066508,PMC6073246,PMC6108882,PMC6428815,PMC6429482,PMC6581741,PMC6868153,PMC7085835,PMC7462980,PMC7533455,PMC7541626,PMC7590053,PMC7673024,PMC7673321,PMC7730800,PMC7866227,PMC7876270,PMC8016856,PMC8080634,PMC8236553,PMC8262658,PMC8379477,PMC8444612,PMC8514386,PMC8665165,PMC8739256,PMC9202102,PMC9645149,PMC9708540,PMC9821315,PMC9847547,PMC9882893",0,75,6,0,74,0.690886382243036,0.8733333333333333,0.7033333333333331,74.81098577881845,
AGCAAAGGTGCAGCCTTTGT,CGCCTGGGTCTCTTCACTAC,PMF1-BGLAP,PMF1-BGLAP,"OCN (33), Osteocalcin (11), BGLAP (4), OSTEOCALCIN (3), NM_001199662.1 (2), hOCN (2), Bglap (1), Human (1), Murine (1), NM_199173 (1), OCN-F (1), OSX (1), OTC (1), Ocn (1), T-3 (1), The (1)","Osteocalcin (5), RUNX2 (3), BGLAP (2), Bglap (2), Gene (2), Genes (2), Human (2), OC (2), OCN (2), C-3 (1), GAPDH (1), OCN-F (1), Osteogenic (1), Target (1)",0.004,0.004,76,45,"PMC10068215, PMC10114309, PMC10136252, PMC10142416, PMC10425714, PMC10649997, PMC11269806, PMC11345904, PMC11678880, PMC2752141, PMC3540691, PMC3706769, PMC3871528, PMC3994545, PMC4017825, PMC4065368, PMC4090480, PMC4159424, PMC4285026, PMC4446088, PMC4564090, PMC5153594, PMC5153597, PMC5240222, PMC5314335, PMC5457736, PMC5484033, PMC5551874, PMC5557518, PMC5558561, PMC5845373, PMC5884793, PMC5938007, PMC6112657, PMC6115405, PMC6171664, PMC6199241, PMC6235898, PMC6372621, PMC6375160, PMC6444228, PMC6476152, PMC6507233, PMC6636314, PMC6798413, PMC6815369, PMC6817489, PMC7042551, PMC7072478, PMC7161540, PMC7169364, PMC7288803, PMC7329510, PMC7345324, PMC7346082, PMC7404054, PMC7472722, PMC7584591, PMC7684978, PMC7699612, PMC7791649, PMC7928941, PMC7933275, PMC8041482, PMC8371653, PMC8371914, PMC8380916, PMC8706974, PMC8977954, PMC9288680, PMC9375426, PMC9656268, PMC9699338, PMC9783915, PMC9851786","PMC10142914, PMC10815924, PMC10953090, PMC11071322, PMC11251957, PMC11413851, PMC11468810, PMC11523078, PMC11657990, PMC11895669, PMC11941504, PMC11941925, PMC12104865, PMC2212719, PMC2582889, PMC4055128, PMC4223691, PMC4718960, PMC4790631, PMC5003369, PMC5122164, PMC5292195, PMC5987610, PMC6009779, PMC6124053, PMC6145055, PMC6202397, PMC6525797, PMC6776644, PMC6833923, PMC6883626, PMC7023766, PMC7285613, PMC7351982, PMC7500044, PMC7503232, PMC7644787, PMC7884435, PMC8057913, PMC8170469, PMC8312462, PMC9014318, PMC9337630, PMC9500064, PMC9676210",61.71,60.47,50.0,60.0,1552,1049,75,45,619,661,638,680,forward,reverse_complement,6,2,3,"PMC10068215,PMC10114309,PMC10136252,PMC10142416,PMC10425714,PMC10649997,PMC11269806,PMC11345904,PMC11678880,PMC2752141,PMC3540691,PMC3706769,PMC3871528,PMC3994545,PMC4017825,PMC4065368,PMC4090480,PMC4159424,PMC4285026,PMC4446088,PMC4564090,PMC5153594,PMC5153597,PMC5240222,PMC5314335,PMC5457736,PMC5484033,PMC5551874,PMC5557518,PMC5558561,PMC5845373,PMC5884793,PMC5938007,PMC6112657,PMC6115405,PMC6171664,PMC6199241,PMC6235898,PMC6372621,PMC6375160,PMC6444228,PMC6476152,PMC6507233,PMC6636314,PMC6798413,PMC6815369,PMC6817489,PMC7042551,PMC7072478,PMC7161540,PMC7169364,PMC7288803,PMC7329510,PMC7345324,PMC7346082,PMC7404054,PMC7472722,PMC7584591,PMC7684978,PMC7699612,PMC7791649,PMC7928941,PMC7933275,PMC8041482,PMC8371653,PMC8371914,PMC8380916,PMC8706974,PMC8977954,PMC9288680,PMC9375426,PMC9656268,PMC9699338,PMC9783915,PMC9851786",,"PMC10142914,PMC10815924,PMC10953090,PMC11071322,PMC11251957,PMC11413851,PMC11468810,PMC11523078,PMC11657990,PMC11895669,PMC11941504,PMC11941925,PMC12104865,PMC2582889,PMC4055128,PMC4223691,PMC4718960,PMC4790631,PMC5003369,PMC5122164,PMC5987610,PMC6009779,PMC6124053,PMC6145055,PMC6202397,PMC6525797,PMC6776644,PMC6833923,PMC6883626,PMC7023766,PMC7285613,PMC7351982,PMC7500044,PMC7503232,PMC7644787,PMC7884435,PMC8057913,PMC8170469,PMC8312462,PMC9014318,PMC9337630,PMC9500064,PMC9676210","PMC2212719,PMC5292195",0,75,43,0,2,0.7677116675180606,0.8894444444444444,0.586666666666666,76.80225004256968,
AGCAAAGGTGCAGCCTTTGT,GTGGTCAGCCAACTCGTCA,PMF1-BGLAP,PMF1-BGLAP,"OCN (33), Osteocalcin (11), BGLAP (4), OSTEOCALCIN (3), NM_001199662.1 (2), hOCN (2), Bglap (1), Human (1), Murine (1), NM_199173 (1), OCN-F (1), OSX (1), OTC (1), Ocn (1), T-3 (1), The (1)","BGLAP (5), hsa-OCN-reverse (3), Gene (2), 5BGLAP (1), BGLAP-Reverse (1), COL1a1 (1), Direction (1), NM_001173531.1 (1), OCN (1), OCT4 (1), OSC (1), Orientation (1), Osteocalcin (1), Osterix (1), Target (1)",0.004,0.011,76,38,"PMC10068215, PMC10114309, PMC10136252, PMC10142416, PMC10425714, PMC10649997, PMC11269806, PMC11345904, PMC11678880, PMC2752141, PMC3540691, PMC3706769, PMC3871528, PMC3994545, PMC4017825, PMC4065368, PMC4090480, PMC4159424, PMC4285026, PMC4446088, PMC4564090, PMC5153594, PMC5153597, PMC5240222, PMC5314335, PMC5457736, PMC5484033, PMC5551874, PMC5557518, PMC5558561, PMC5845373, PMC5884793, PMC5938007, PMC6112657, PMC6115405, PMC6171664, PMC6199241, PMC6235898, PMC6372621, PMC6375160, PMC6444228, PMC6476152, PMC6507233, PMC6636314, PMC6798413, PMC6815369, PMC6817489, PMC7042551, PMC7072478, PMC7161540, PMC7169364, PMC7288803, PMC7329510, PMC7345324, PMC7346082, PMC7404054, PMC7472722, PMC7584591, PMC7684978, PMC7699612, PMC7791649, PMC7928941, PMC7933275, PMC8041482, PMC8371653, PMC8371914, PMC8380916, PMC8706974, PMC8977954, PMC9288680, PMC9375426, PMC9656268, PMC9699338, PMC9783915, PMC9851786","PMC10441659, PMC10444653, PMC10643473, PMC11301355, PMC11332729, PMC11488691, PMC11818253, PMC11892751, PMC11944977, PMC12087957, PMC4329829, PMC4879177, PMC4886818, PMC5057179, PMC5164906, PMC5583332, PMC5780081, PMC5800449, PMC6265790, PMC6383392, PMC6685704, PMC6861671, PMC6920280, PMC7475978, PMC7920808, PMC8670285, PMC8722308, PMC8818240, PMC9175016, PMC9233575, PMC9354009, PMC9355958, PMC9477632, PMC9564153, PMC9570360, PMC9843530",61.71,60.58,50.0,57.9,1552,710,75,36,619,768,638,786,forward,reverse_complement,6,3,3,"PMC10068215,PMC10114309,PMC10136252,PMC10142416,PMC10425714,PMC10649997,PMC11269806,PMC11345904,PMC11678880,PMC2752141,PMC3540691,PMC3706769,PMC3871528,PMC3994545,PMC4017825,PMC4065368,PMC4090480,PMC4159424,PMC4285026,PMC4446088,PMC4564090,PMC5153594,PMC5153597,PMC5240222,PMC5314335,PMC5457736,PMC5484033,PMC5551874,PMC5557518,PMC5558561,PMC5845373,PMC5884793,PMC5938007,PMC6112657,PMC6115405,PMC6171664,PMC6199241,PMC6235898,PMC6372621,PMC6375160,PMC6444228,PMC6476152,PMC6507233,PMC6636314,PMC6798413,PMC6815369,PMC6817489,PMC7042551,PMC7072478,PMC7161540,PMC7169364,PMC7288803,PMC7329510,PMC7345324,PMC7346082,PMC7404054,PMC7472722,PMC7584591,PMC7684978,PMC7699612,PMC7791649,PMC7928941,PMC7933275,PMC8041482,PMC8371653,PMC8371914,PMC8380916,PMC8706974,PMC8977954,PMC9288680,PMC9375426,PMC9656268,PMC9699338,PMC9783915,PMC9851786",,"PMC10441659,PMC10444653,PMC10643473,PMC11301355,PMC11332729,PMC11488691,PMC11818253,PMC11892751,PMC11944977,PMC12087957,PMC4329829,PMC4879177,PMC4886818,PMC5057179,PMC5164906,PMC5583332,PMC5780081,PMC5800449,PMC6265790,PMC6383392,PMC6685704,PMC6861671,PMC6920280,PMC7475978,PMC7920808,PMC8670285,PMC8722308,PMC8818240,PMC9175016,PMC9233575,PMC9354009,PMC9355958,PMC9477632,PMC9564153,PMC9570360,PMC9843530",,0,75,36,0,0,0.7495698574826213,0.8866666666666667,0.6233333333333324,76.54515954079771,
AGCAAAGGTGCAGCCTTTGT,GCCGTAGAAGCGCCGATAGGC,PMF1-BGLAP,PMF1-BGLAP,"OCN (33), Osteocalcin (11), BGLAP (4), OSTEOCALCIN (3), NM_001199662.1 (2), hOCN (2), Bglap (1), Human (1), Murine (1), NM_199173 (1), OCN-F (1), OSX (1), OTC (1), Ocn (1), T-3 (1), The (1)","Osteocalcin (7), GAPDH (2), BGLAP (1), Col-1 (1), Gene (1), Glyceraldehyde-3 (1), OC (1), OC-R (1)",0.004,0.001,76,36,"PMC10068215, PMC10114309, PMC10136252, PMC10142416, PMC10425714, PMC10649997, PMC11269806, PMC11345904, PMC11678880, PMC2752141, PMC3540691, PMC3706769, PMC3871528, PMC3994545, PMC4017825, PMC4065368, PMC4090480, PMC4159424, PMC4285026, PMC4446088, PMC4564090, PMC5153594, PMC5153597, PMC5240222, PMC5314335, PMC5457736, PMC5484033, PMC5551874, PMC5557518, PMC5558561, PMC5845373, PMC5884793, PMC5938007, PMC6112657, PMC6115405, PMC6171664, PMC6199241, PMC6235898, PMC6372621, PMC6375160, PMC6444228, PMC6476152, PMC6507233, PMC6636314, PMC6798413, PMC6815369, PMC6817489, PMC7042551, PMC7072478, PMC7161540, PMC7169364, PMC7288803, PMC7329510, PMC7345324, PMC7346082, PMC7404054, PMC7472722, PMC7584591, PMC7684978, PMC7699612, PMC7791649, PMC7928941, PMC7933275, PMC8041482, PMC8371653, PMC8371914, PMC8380916, PMC8706974, PMC8977954, PMC9288680, PMC9375426, PMC9656268, PMC9699338, PMC9783915, PMC9851786","PMC10621931, PMC1079906, PMC11986050, PMC1794501, PMC2575631, PMC2950392, PMC3252365, PMC3353470, PMC3365132, PMC3430211, PMC3580562, PMC3613821, PMC3903490, PMC4055077, PMC4247692, PMC4369894, PMC4450897, PMC4516509, PMC4538412, PMC4729148, PMC4730281, PMC5055347, PMC5460492, PMC5531028, PMC5552222, PMC5615990, PMC5647033, PMC5811493, PMC5895002, PMC6058739, PMC6579983, PMC6720366, PMC7086144, PMC9147460",61.71,66.41,50.0,66.7,1552,539,75,34,619,802,638,822,forward,reverse_complement,6,4,4,"PMC10068215,PMC10114309,PMC10136252,PMC10142416,PMC10425714,PMC10649997,PMC11269806,PMC11345904,PMC11678880,PMC2752141,PMC3540691,PMC3706769,PMC3871528,PMC3994545,PMC4017825,PMC4065368,PMC4090480,PMC4159424,PMC4285026,PMC4446088,PMC4564090,PMC5153594,PMC5153597,PMC5240222,PMC5314335,PMC5457736,PMC5484033,PMC5551874,PMC5557518,PMC5558561,PMC5845373,PMC5884793,PMC5938007,PMC6112657,PMC6115405,PMC6171664,PMC6199241,PMC6235898,PMC6372621,PMC6375160,PMC6444228,PMC6476152,PMC6507233,PMC6636314,PMC6798413,PMC6815369,PMC6817489,PMC7042551,PMC7072478,PMC7161540,PMC7169364,PMC7288803,PMC7329510,PMC7345324,PMC7346082,PMC7404054,PMC7472722,PMC7584591,PMC7684978,PMC7699612,PMC7791649,PMC7928941,PMC7933275,PMC8041482,PMC8371653,PMC8371914,PMC8380916,PMC8706974,PMC8977954,PMC9288680,PMC9375426,PMC9656268,PMC9699338,PMC9783915,PMC9851786",,"PMC10621931,PMC1079906,PMC11986050,PMC1794501,PMC2575631,PMC2950392,PMC3252365,PMC3353470,PMC3365132,PMC3430211,PMC3580562,PMC3613821,PMC3903490,PMC4055077,PMC4247692,PMC4369894,PMC4450897,PMC4516509,PMC4538412,PMC4729148,PMC4730281,PMC5055347,PMC5460492,PMC5531028,PMC5552222,PMC5615990,PMC5647033,PMC5811493,PMC5895002,PMC6058739,PMC6579983,PMC6720366,PMC7086144,PMC9147460",,0,75,34,0,0,0.7443249173456352,0.6825694444444443,0.0,57.693329200615096,
AGCAAAGGTGCAGCCTTTGT,CCAGCCATTGATACAGGTAGCG,PMF1-BGLAP,PMF1-BGLAP,"OCN (33), Osteocalcin (11), BGLAP (4), OSTEOCALCIN (3), NM_001199662.1 (2), hOCN (2), Bglap (1), Human (1), Murine (1), NM_199173 (1), OCN-F (1), OSX (1), OTC (1), Ocn (1), T-3 (1), The (1)","OCN (8), BGLAP (5), Osteocalcin (4), A-3 (1), BGLAP-F (1), Bglap (1), Human (1), NM_199173 (1), Oct (1), Osteocalin-Forward (1), hOCN-F (1)",0.004,0.000345,76,33,"PMC10068215, PMC10114309, PMC10136252, PMC10142416, PMC10425714, PMC10649997, PMC11269806, PMC11345904, PMC11678880, PMC2752141, PMC3540691, PMC3706769, PMC3871528, PMC3994545, PMC4017825, PMC4065368, PMC4090480, PMC4159424, PMC4285026, PMC4446088, PMC4564090, PMC5153594, PMC5153597, PMC5240222, PMC5314335, PMC5457736, PMC5484033, PMC5551874, PMC5557518, PMC5558561, PMC5845373, PMC5884793, PMC5938007, PMC6112657, PMC6115405, PMC6171664, PMC6199241, PMC6235898, PMC6372621, PMC6375160, PMC6444228, PMC6476152, PMC6507233, PMC6636314, PMC6798413, PMC6815369, PMC6817489, PMC7042551, PMC7072478, PMC7161540, PMC7169364, PMC7288803, PMC7329510, PMC7345324, PMC7346082, PMC7404054, PMC7472722, PMC7584591, PMC7684978, PMC7699612, PMC7791649, PMC7928941, PMC7933275, PMC8041482, PMC8371653, PMC8371914, PMC8380916, PMC8706974, PMC8977954, PMC9288680, PMC9375426, PMC9656268, PMC9699338, PMC9783915, PMC9851786","PMC10222618, PMC10387216, PMC10407617, PMC10454939, PMC10779481, PMC10809007, PMC10903013, PMC11118509, PMC11129143, PMC11197745, PMC11330066, PMC11361852, PMC11439940, PMC11561506, PMC11744864, PMC11755084, PMC11817755, PMC11867901, PMC12085028, PMC3788782, PMC6151224, PMC7300400, PMC7504673, PMC7746460, PMC7817818, PMC7885459, PMC7893692, PMC8411547, PMC8806437, PMC8963903, PMC9358836, PMC9750767, PMC9953662",61.71,61.78,50.0,54.5,1552,158,75,33,619,679,638,700,forward,reverse_complement,6,3,3,"PMC10068215,PMC10114309,PMC10136252,PMC10142416,PMC10425714,PMC10649997,PMC11269806,PMC11345904,PMC11678880,PMC2752141,PMC3540691,PMC3706769,PMC3871528,PMC3994545,PMC4017825,PMC4065368,PMC4090480,PMC4159424,PMC4285026,PMC4446088,PMC4564090,PMC5153594,PMC5153597,PMC5240222,PMC5314335,PMC5457736,PMC5484033,PMC5551874,PMC5557518,PMC5558561,PMC5845373,PMC5884793,PMC5938007,PMC6112657,PMC6115405,PMC6171664,PMC6199241,PMC6235898,PMC6372621,PMC6375160,PMC6444228,PMC6476152,PMC6507233,PMC6636314,PMC6798413,PMC6815369,PMC6817489,PMC7042551,PMC7072478,PMC7161540,PMC7169364,PMC7288803,PMC7329510,PMC7345324,PMC7346082,PMC7404054,PMC7472722,PMC7584591,PMC7684978,PMC7699612,PMC7791649,PMC7928941,PMC7933275,PMC8041482,PMC8371653,PMC8371914,PMC8380916,PMC8706974,PMC8977954,PMC9288680,PMC9375426,PMC9656268,PMC9699338,PMC9783915,PMC9851786",,,"PMC10222618,PMC10387216,PMC10407617,PMC10454939,PMC10779481,PMC10809007,PMC10903013,PMC11118509,PMC11129143,PMC11197745,PMC11330066,PMC11361852,PMC11439940,PMC11561506,PMC11744864,PMC11755084,PMC11817755,PMC11867901,PMC12085028,PMC3788782,PMC6151224,PMC7300400,PMC7504673,PMC7746460,PMC7817818,PMC7885459,PMC7893692,PMC8411547,PMC8806437,PMC8963903,PMC9358836,PMC9750767,PMC9953662",0,75,0,0,33,0.550566813621045,0.8616666666666666,0.9766666666666666,72.91167401438558,
AGCAAAGGTGCAGCCTTTGT,CACTACCTCGCTGCCCTCC,PMF1-BGLAP,PMF1-BGLAP,"OCN (33), Osteocalcin (11), BGLAP (4), OSTEOCALCIN (3), NM_001199662.1 (2), hOCN (2), Bglap (1), Human (1), Murine (1), NM_199173 (1), OCN-F (1), OSX (1), OTC (1), Ocn (1), T-3 (1), The (1)","Osteocalcin (7), BGLAP (4), Gene (2), BGLAP/PB-OST (1), Bglap (1), COL1A1 (1), GENE/NCBI (1), IBSP (1), NM_199173.6 (1), OCN (1), OCN-R (1), OSX (1), Wnt3a (1)",0.004,0.011,76,35,"PMC10068215, PMC10114309, PMC10136252, PMC10142416, PMC10425714, PMC10649997, PMC11269806, PMC11345904, PMC11678880, PMC2752141, PMC3540691, PMC3706769, PMC3871528, PMC3994545, PMC4017825, PMC4065368, PMC4090480, PMC4159424, PMC4285026, PMC4446088, PMC4564090, PMC5153594, PMC5153597, PMC5240222, PMC5314335, PMC5457736, PMC5484033, PMC5551874, PMC5557518, PMC5558561, PMC5845373, PMC5884793, PMC5938007, PMC6112657, PMC6115405, PMC6171664, PMC6199241, PMC6235898, PMC6372621, PMC6375160, PMC6444228, PMC6476152, PMC6507233, PMC6636314, PMC6798413, PMC6815369, PMC6817489, PMC7042551, PMC7072478, PMC7161540, PMC7169364, PMC7288803, PMC7329510, PMC7345324, PMC7346082, PMC7404054, PMC7472722, PMC7584591, PMC7684978, PMC7699612, PMC7791649, PMC7928941, PMC7933275, PMC8041482, PMC8371653, PMC8371914, PMC8380916, PMC8706974, PMC8977954, PMC9288680, PMC9375426, PMC9656268, PMC9699338, PMC9783915, PMC9851786","PMC10039520, PMC10413082, PMC10905591, PMC11057131, PMC1808058, PMC2936347, PMC3111432, PMC3488317, PMC3594746, PMC3598946, PMC3965505, PMC4076233, PMC4447443, PMC4550660, PMC4682290, PMC4917651, PMC5293776, PMC5364878, PMC545655, PMC5609535, PMC6481719, PMC6682326, PMC7239921, PMC7389809, PMC7666130, PMC7947597, PMC8120848, PMC8290398, PMC8426510, PMC8756236, PMC8882829, PMC9130678, PMC9911595",61.71,62.73,50.0,68.4,1552,443,75,33,619,648,638,666,forward,reverse_complement,6,2,5,"PMC10068215,PMC10114309,PMC10136252,PMC10142416,PMC10425714,PMC10649997,PMC11269806,PMC11345904,PMC11678880,PMC2752141,PMC3540691,PMC3706769,PMC3871528,PMC3994545,PMC4017825,PMC4065368,PMC4090480,PMC4159424,PMC4285026,PMC4446088,PMC4564090,PMC5153594,PMC5153597,PMC5240222,PMC5314335,PMC5457736,PMC5484033,PMC5551874,PMC5557518,PMC5558561,PMC5845373,PMC5884793,PMC5938007,PMC6112657,PMC6115405,PMC6171664,PMC6199241,PMC6235898,PMC6372621,PMC6375160,PMC6444228,PMC6476152,PMC6507233,PMC6636314,PMC6798413,PMC6815369,PMC6817489,PMC7042551,PMC7072478,PMC7161540,PMC7169364,PMC7288803,PMC7329510,PMC7345324,PMC7346082,PMC7404054,PMC7472722,PMC7584591,PMC7684978,PMC7699612,PMC7791649,PMC7928941,PMC7933275,PMC8041482,PMC8371653,PMC8371914,PMC8380916,PMC8706974,PMC8977954,PMC9288680,PMC9375426,PMC9656268,PMC9699338,PMC9783915,PMC9851786",,"PMC10039520,PMC10413082,PMC10905591,PMC11057131,PMC1808058,PMC2936347,PMC3111432,PMC3488317,PMC3594746,PMC3598946,PMC3965505,PMC4076233,PMC4447443,PMC4550660,PMC4682290,PMC4917651,PMC5293776,PMC5364878,PMC545655,PMC5609535,PMC6481719,PMC6682326,PMC7239921,PMC7389809,PMC7666130,PMC7947597,PMC8120848,PMC8290398,PMC8426510,PMC8756236,PMC8882829,PMC9130678,PMC9911595",,0,75,33,0,0,0.7415889392485313,0.7147222222222224,0.6600000000000013,71.72111362909325,
AGCAAAGGTGCAGCCTTTGT,CTCCTGAAAGCCGATGTGGTCA,PMF1-BGLAP,PMF1-BGLAP,"OCN (33), Osteocalcin (11), BGLAP (4), OSTEOCALCIN (3), NM_001199662.1 (2), hOCN (2), Bglap (1), Human (1), Murine (1), NM_199173 (1), OCN-F (1), OSX (1), OTC (1), Ocn (1), T-3 (1), The (1)","BGLAP (4), Osteocalcin (3), Direction (2), ALPL (1), BGLAP-R (1), Bglap (1), Bglap2 (1), DSPP (1), Gene (1), OC (1), OCN (1), Osteocalin-Reverse (1), VEGF (1), hOCN-R (1)",0.004,0.000345,76,32,"PMC10068215, PMC10114309, PMC10136252, PMC10142416, PMC10425714, PMC10649997, PMC11269806, PMC11345904, PMC11678880, PMC2752141, PMC3540691, PMC3706769, PMC3871528, PMC3994545, PMC4017825, PMC4065368, PMC4090480, PMC4159424, PMC4285026, PMC4446088, PMC4564090, PMC5153594, PMC5153597, PMC5240222, PMC5314335, PMC5457736, PMC5484033, PMC5551874, PMC5557518, PMC5558561, PMC5845373, PMC5884793, PMC5938007, PMC6112657, PMC6115405, PMC6171664, PMC6199241, PMC6235898, PMC6372621, PMC6375160, PMC6444228, PMC6476152, PMC6507233, PMC6636314, PMC6798413, PMC6815369, PMC6817489, PMC7042551, PMC7072478, PMC7161540, PMC7169364, PMC7288803, PMC7329510, PMC7345324, PMC7346082, PMC7404054, PMC7472722, PMC7584591, PMC7684978, PMC7699612, PMC7791649, PMC7928941, PMC7933275, PMC8041482, PMC8371653, PMC8371914, PMC8380916, PMC8706974, PMC8977954, PMC9288680, PMC9375426, PMC9656268, PMC9699338, PMC9783915, PMC9851786","PMC10222618, PMC10387216, PMC10407617, PMC10454939, PMC10779481, PMC10809007, PMC10903013, PMC11118509, PMC11129143, PMC11197745, PMC11330066, PMC11361852, PMC11439940, PMC11561506, PMC11744864, PMC11755084, PMC11817755, PMC11867901, PMC12085028, PMC3788782, PMC6151224, PMC7300400, PMC7407412, PMC7504673, PMC7746460, PMC7817818, PMC7885459, PMC8411547, PMC8963903, PMC9617701, PMC9750767, PMC9953662",61.71,63.23,50.0,54.5,1552,137,75,32,619,780,638,801,forward,reverse_complement,6,3,4,"PMC10068215,PMC10114309,PMC10136252,PMC10142416,PMC10425714,PMC10649997,PMC11269806,PMC11345904,PMC11678880,PMC2752141,PMC3540691,PMC3706769,PMC3871528,PMC3994545,PMC4017825,PMC4065368,PMC4090480,PMC4159424,PMC4285026,PMC4446088,PMC4564090,PMC5153594,PMC5153597,PMC5240222,PMC5314335,PMC5457736,PMC5484033,PMC5551874,PMC5557518,PMC5558561,PMC5845373,PMC5884793,PMC5938007,PMC6112657,PMC6115405,PMC6171664,PMC6199241,PMC6235898,PMC6372621,PMC6375160,PMC6444228,PMC6476152,PMC6507233,PMC6636314,PMC6798413,PMC6815369,PMC6817489,PMC7042551,PMC7072478,PMC7161540,PMC7169364,PMC7288803,PMC7329510,PMC7345324,PMC7346082,PMC7404054,PMC7472722,PMC7584591,PMC7684978,PMC7699612,PMC7791649,PMC7928941,PMC7933275,PMC8041482,PMC8371653,PMC8371914,PMC8380916,PMC8706974,PMC8977954,PMC9288680,PMC9375426,PMC9656268,PMC9699338,PMC9783915,PMC9851786",,"PMC10222618,PMC10387216,PMC10407617,PMC10454939,PMC10779481,PMC10809007,PMC10903013,PMC11118509,PMC11129143,PMC11197745,PMC11330066,PMC11361852,PMC11439940,PMC11561506,PMC11744864,PMC11755084,PMC11817755,PMC11867901,PMC12085028,PMC3788782,PMC6151224,PMC7300400,PMC7407412,PMC7504673,PMC7746460,PMC7817818,PMC7885459,PMC8411547,PMC8963903,PMC9617701,PMC9750767,PMC9953662",,0,75,32,0,0,0.7387712782079154,0.7811111111111113,0.4933333333333346,70.2385639103958,
AGCAAAGGTGCAGCCTTTGT,TCAGCCAACTCGTCACAGTC,PMF1-BGLAP,PMF1-BGLAP,"OCN (33), Osteocalcin (11), BGLAP (4), OSTEOCALCIN (3), NM_001199662.1 (2), hOCN (2), Bglap (1), Human (1), Murine (1), NM_199173 (1), OCN-F (1), OSX (1), OTC (1), Ocn (1), T-3 (1), The (1)","BGLAP (18), Osteocalcin (18), OCN (13), Gene (7), Human (3), human (3), GAPDH (2), NM_199173.5 (2), The (2), ALP (1), BGLAP-R (1), Bone (1), CAGTC (1), CxCr4 (1), Direction (1), FGF23 (1), Genes (1), H-OCN-R1 (1), MasterMix (1), NM_199173 (1), NM_199173.3 (1), OC (1), OC-R (1), OCN- (1), OCN-F (1), OSTEOCALCIN (1), OTC (1), Osteocalcin-R (1), Osteogenesis (1), TGF- (1), hum_OCN_5/3 (1)",0.004,0.004,76,141,"PMC10068215, PMC10114309, PMC10136252, PMC10142416, PMC10425714, PMC10649997, PMC11269806, PMC11345904, PMC11678880, PMC2752141, PMC3540691, PMC3706769, PMC3871528, PMC3994545, PMC4017825, PMC4065368, PMC4090480, PMC4159424, PMC4285026, PMC4446088, PMC4564090, PMC5153594, PMC5153597, PMC5240222, PMC5314335, PMC5457736, PMC5484033, PMC5551874, PMC5557518, PMC5558561, PMC5845373, PMC5884793, PMC5938007, PMC6112657, PMC6115405, PMC6171664, PMC6199241, PMC6235898, PMC6372621, PMC6375160, PMC6444228, PMC6476152, PMC6507233, PMC6636314, PMC6798413, PMC6815369, PMC6817489, PMC7042551, PMC7072478, PMC7161540, PMC7169364, PMC7288803, PMC7329510, PMC7345324, PMC7346082, PMC7404054, PMC7472722, PMC7584591, PMC7684978, PMC7699612, PMC7791649, PMC7928941, PMC7933275, PMC8041482, PMC8371653, PMC8371914, PMC8380916, PMC8706974, PMC8977954, PMC9288680, PMC9375426, PMC9656268, PMC9699338, PMC9783915, PMC9851786","PMC10034518, PMC10379034, PMC10406694, PMC10552899, PMC10618393, PMC10743052, PMC10858363, PMC10878834, PMC10889793, PMC10976750, PMC11122527, PMC11259626, PMC11269795, PMC11499919, PMC11559138, PMC11562309, PMC11578294, PMC11591890, PMC11595442, PMC11762233, PMC11794764, PMC11839199, PMC11918522, PMC12072047, PMC12080316, PMC12091229, PMC12107957, PMC2646266, PMC3136101, PMC3170288, PMC3446456, PMC3471036, PMC3706764, PMC3799771, PMC3805512, PMC3849435, PMC3907683, PMC3914586, PMC4055119, PMC4077650, PMC4081551, PMC4087006, PMC4178031, PMC4201491, PMC4227163, PMC4298333, PMC4404686, PMC4416238, PMC4451686, PMC4500612, PMC4539932, PMC4559195, PMC4562352, PMC4674106, PMC4676112, PMC4707328, PMC4813262, PMC4880889, PMC4899037, PMC4932130, PMC5072612, PMC5099844, PMC5164905, PMC5322661, PMC5358692, PMC5360390, PMC5493527, PMC5551777, PMC5552848, PMC5573935, PMC5658998, PMC5667471, PMC5690675, PMC5733904, PMC5746324, PMC5895940, PMC5997644, PMC6008747, PMC6073779, PMC6092836, PMC6095197, PMC6163325, PMC6172397, PMC6263063, PMC6323209, PMC6371545, PMC6434481, PMC6494860, PMC6538993, PMC6594112, PMC6743420, PMC6918167, PMC7191235, PMC7266346, PMC7315279, PMC7334395, PMC7352200, PMC7378902, PMC7545469, PMC7555878, PMC7564340, PMC7653780, PMC7691854, PMC7736623, PMC7751477, PMC7848378, PMC7897289, PMC8027176, PMC8063876, PMC8257615, PMC8353646, PMC8395443, PMC8399135, PMC8508916, PMC8520689, PMC8525028, PMC8554986, PMC8717537, PMC8758693, PMC8805820, PMC8868595, PMC8897656, PMC8949995, PMC8998418, PMC9097555, PMC9161927, PMC9406723, PMC9663507, PMC9778583, PMC9796874, PMC9857206, PMC9869574, PMC9934467, PMC9949900, PMC9963438, PMC9964429, PMC9993741",61.71,60.61,50.0,55.0,1552,2507,75,137,619,763,638,782,forward,reverse_complement,6,3,3,"PMC10068215,PMC10114309,PMC10136252,PMC10142416,PMC10425714,PMC10649997,PMC11269806,PMC11345904,PMC11678880,PMC2752141,PMC3540691,PMC3706769,PMC3871528,PMC3994545,PMC4017825,PMC4065368,PMC4090480,PMC4159424,PMC4285026,PMC4446088,PMC4564090,PMC5153594,PMC5153597,PMC5240222,PMC5314335,PMC5457736,PMC5484033,PMC5551874,PMC5557518,PMC5558561,PMC5845373,PMC5884793,PMC5938007,PMC6112657,PMC6115405,PMC6171664,PMC6199241,PMC6235898,PMC6372621,PMC6375160,PMC6444228,PMC6476152,PMC6507233,PMC6636314,PMC6798413,PMC6815369,PMC6817489,PMC7042551,PMC7072478,PMC7161540,PMC7169364,PMC7288803,PMC7329510,PMC7345324,PMC7346082,PMC7404054,PMC7472722,PMC7584591,PMC7684978,PMC7699612,PMC7791649,PMC7928941,PMC7933275,PMC8041482,PMC8371653,PMC8371914,PMC8380916,PMC8706974,PMC8977954,PMC9288680,PMC9375426,PMC9656268,PMC9699338,PMC9783915,PMC9851786",,"PMC10034518,PMC10379034,PMC10552899,PMC10618393,PMC10858363,PMC10878834,PMC10889793,PMC10976750,PMC11122527,PMC11259626,PMC11269795,PMC11559138,PMC11578294,PMC11591890,PMC11595442,PMC11762233,PMC11794764,PMC11839199,PMC11918522,PMC12080316,PMC12091229,PMC2646266,PMC3136101,PMC3446456,PMC3799771,PMC3805512,PMC3849435,PMC3907683,PMC3914586,PMC4055119,PMC4077650,PMC4081551,PMC4087006,PMC4178031,PMC4201491,PMC4227163,PMC4298333,PMC4404686,PMC4539932,PMC4562352,PMC4674106,PMC4676112,PMC4707328,PMC4880889,PMC4899037,PMC4932130,PMC5072612,PMC5099844,PMC5164905,PMC5322661,PMC5358692,PMC5360390,PMC5493527,PMC5551777,PMC5573935,PMC5658998,PMC5690675,PMC5733904,PMC5746324,PMC5895940,PMC5997644,PMC6073779,PMC6092836,PMC6095197,PMC6172397,PMC6263063,PMC6323209,PMC6371545,PMC6434481,PMC6743420,PMC7191235,PMC7266346,PMC7315279,PMC7378902,PMC7555878,PMC7564340,PMC7653780,PMC7736623,PMC7751477,PMC7897289,PMC8027176,PMC8063876,PMC8257615,PMC8353646,PMC8395443,PMC8399135,PMC8508916,PMC8520689,PMC8525028,PMC8554986,PMC8717537,PMC8758693,PMC8805820,PMC8868595,PMC8949995,PMC9097555,PMC9161927,PMC9406723,PMC9663507,PMC9778583,PMC9796874,PMC9857206,PMC9869574,PMC9949900,PMC9963438,PMC9964429,PMC9993741","PMC10406694,PMC10743052,PMC11499919,PMC11562309,PMC12072047,PMC12107957,PMC3170288,PMC3471036,PMC3706764,PMC4416238,PMC4451686,PMC4500612,PMC4559195,PMC4813262,PMC5552848,PMC5667471,PMC6008747,PMC6163325,PMC6494860,PMC6538993,PMC6594112,PMC6918167,PMC7334395,PMC7352200,PMC7545469,PMC7691854,PMC7848378,PMC8897656,PMC8998418,PMC9934467",0,75,107,0,30,0.8569035485597671,0.9266666666666666,0.6333333333333329,83.311844094655,
AGCAAAGGTGCAGCCTTTGT,GGTCAGCCAACTCGTCACAGTC,PMF1-BGLAP,PMF1-BGLAP,"OCN (33), Osteocalcin (11), BGLAP (4), OSTEOCALCIN (3), NM_001199662.1 (2), hOCN (2), Bglap (1), Human (1), Murine (1), NM_199173 (1), OCN-F (1), OSX (1), OTC (1), Ocn (1), T-3 (1), The (1)","OCN (9), BGLAP (2), 50 (1), Actin (1), Antibodies (1), COL (1), COLI (1), Fn1 (1), G6PDH (1), Gene (1), NM000711 (1), Osteocalcin (1), RUNX2 (1), Runx2 (1), TCF-4 (1), h-OCN-R (1), h-Ocn (1), h-Ocn-R (1)",0.004,0.000345,76,54,"PMC10068215, PMC10114309, PMC10136252, PMC10142416, PMC10425714, PMC10649997, PMC11269806, PMC11345904, PMC11678880, PMC2752141, PMC3540691, PMC3706769, PMC3871528, PMC3994545, PMC4017825, PMC4065368, PMC4090480, PMC4159424, PMC4285026, PMC4446088, PMC4564090, PMC5153594, PMC5153597, PMC5240222, PMC5314335, PMC5457736, PMC5484033, PMC5551874, PMC5557518, PMC5558561, PMC5845373, PMC5884793, PMC5938007, PMC6112657, PMC6115405, PMC6171664, PMC6199241, PMC6235898, PMC6372621, PMC6375160, PMC6444228, PMC6476152, PMC6507233, PMC6636314, PMC6798413, PMC6815369, PMC6817489, PMC7042551, PMC7072478, PMC7161540, PMC7169364, PMC7288803, PMC7329510, PMC7345324, PMC7346082, PMC7404054, PMC7472722, PMC7584591, PMC7684978, PMC7699612, PMC7791649, PMC7928941, PMC7933275, PMC8041482, PMC8371653, PMC8371914, PMC8380916, PMC8706974, PMC8977954, PMC9288680, PMC9375426, PMC9656268, PMC9699338, PMC9783915, PMC9851786","PMC10002049, PMC10154459, PMC10282952, PMC10294445, PMC10337197, PMC10813297, PMC10878154, PMC11010622, PMC11067224, PMC11471398, PMC11476683, PMC11797752, PMC12097015, PMC12098891, PMC3869757, PMC4012947, PMC4200022, PMC4264207, PMC4270765, PMC4464659, PMC4630184, PMC4914939, PMC5109898, PMC5268458, PMC5439454, PMC5653327, PMC5695137, PMC5762292, PMC5780180, PMC5835706, PMC5852880, PMC6072152, PMC6097469, PMC6325129, PMC6722737, PMC6818209, PMC6896396, PMC6921428, PMC7028870, PMC7073499, PMC7102919, PMC7395790, PMC7581448, PMC7946453, PMC8051722, PMC8076131, PMC8961311, PMC8973756, PMC9117959, PMC9276041, PMC9284897, PMC9346378, PMC9571456",61.71,63.99,50.0,59.1,1552,698,75,53,619,763,638,784,forward,reverse_complement,6,3,3,"PMC10068215,PMC10114309,PMC10136252,PMC10142416,PMC10425714,PMC10649997,PMC11269806,PMC11345904,PMC11678880,PMC2752141,PMC3540691,PMC3706769,PMC3871528,PMC3994545,PMC4017825,PMC4065368,PMC4090480,PMC4159424,PMC4285026,PMC4446088,PMC4564090,PMC5153594,PMC5153597,PMC5240222,PMC5314335,PMC5457736,PMC5484033,PMC5551874,PMC5557518,PMC5558561,PMC5845373,PMC5884793,PMC5938007,PMC6112657,PMC6115405,PMC6171664,PMC6199241,PMC6235898,PMC6372621,PMC6375160,PMC6444228,PMC6476152,PMC6507233,PMC6636314,PMC6798413,PMC6815369,PMC6817489,PMC7042551,PMC7072478,PMC7161540,PMC7169364,PMC7288803,PMC7329510,PMC7345324,PMC7346082,PMC7404054,PMC7472722,PMC7584591,PMC7684978,PMC7699612,PMC7791649,PMC7928941,PMC7933275,PMC8041482,PMC8371653,PMC8371914,PMC8380916,PMC8706974,PMC8977954,PMC9288680,PMC9375426,PMC9656268,PMC9699338,PMC9783915,PMC9851786",,"PMC10002049,PMC10154459,PMC10282952,PMC10294445,PMC10337197,PMC10813297,PMC10878154,PMC11010622,PMC11067224,PMC11471398,PMC11476683,PMC11797752,PMC12097015,PMC12098891,PMC3869757,PMC4012947,PMC4200022,PMC4264207,PMC4270765,PMC4464659,PMC4630184,PMC4914939,PMC5109898,PMC5268458,PMC5439454,PMC5653327,PMC5695137,PMC5762292,PMC5780180,PMC5835706,PMC5852880,PMC6072152,PMC6097469,PMC6325129,PMC6722737,PMC6818209,PMC6896396,PMC6921428,PMC7028870,PMC7073499,PMC7102919,PMC7395790,PMC7581448,PMC7946453,PMC8051722,PMC8076131,PMC8961311,PMC8973756,PMC9117959,PMC9276041,PMC9284897,PMC9346378,PMC9571456",,0,75,53,0,0,0.785253491665989,0.7244444444444444,0.23999999999999966,65.79600791663277,
AGCAAAGGTGCAGCCTTTGT,TTGATACAGGTAGCGCCTGGG,PMF1-BGLAP,PMF1-BGLAP,"OCN (33), Osteocalcin (11), BGLAP (4), OSTEOCALCIN (3), NM_001199662.1 (2), hOCN (2), Bglap (1), Human (1), Murine (1), NM_199173 (1), OCN-F (1), OSX (1), OTC (1), Ocn (1), T-3 (1), The (1)","OCN (23), Osteocalcin (3), 632 (1), Antibodies (1), BGLAP (1), COLI (1), Fn1 (1), NM000711 (1), OC (1), h-OCN-F (1), h-Ocn (1), h-Ocn-F (1)",0.004,0.001,76,40,"PMC10068215, PMC10114309, PMC10136252, PMC10142416, PMC10425714, PMC10649997, PMC11269806, PMC11345904, PMC11678880, PMC2752141, PMC3540691, PMC3706769, PMC3871528, PMC3994545, PMC4017825, PMC4065368, PMC4090480, PMC4159424, PMC4285026, PMC4446088, PMC4564090, PMC5153594, PMC5153597, PMC5240222, PMC5314335, PMC5457736, PMC5484033, PMC5551874, PMC5557518, PMC5558561, PMC5845373, PMC5884793, PMC5938007, PMC6112657, PMC6115405, PMC6171664, PMC6199241, PMC6235898, PMC6372621, PMC6375160, PMC6444228, PMC6476152, PMC6507233, PMC6636314, PMC6798413, PMC6815369, PMC6817489, PMC7042551, PMC7072478, PMC7161540, PMC7169364, PMC7288803, PMC7329510, PMC7345324, PMC7346082, PMC7404054, PMC7472722, PMC7584591, PMC7684978, PMC7699612, PMC7791649, PMC7928941, PMC7933275, PMC8041482, PMC8371653, PMC8371914, PMC8380916, PMC8706974, PMC8977954, PMC9288680, PMC9375426, PMC9656268, PMC9699338, PMC9783915, PMC9851786","PMC10154459, PMC10282952, PMC10337197, PMC10878154, PMC11471398, PMC11797752, PMC12097015, PMC12098891, PMC3692432, PMC3869757, PMC4200022, PMC4264207, PMC4464659, PMC4630184, PMC4793227, PMC4914939, PMC5109898, PMC5213995, PMC5268458, PMC5439454, PMC5653327, PMC5762292, PMC5780180, PMC5809428, PMC5852880, PMC6072152, PMC6267832, PMC6325129, PMC6896396, PMC7028870, PMC7073499, PMC7102919, PMC7395790, PMC7581448, PMC7946453, PMC8961311, PMC8973756, PMC9117959, PMC9284897, PMC9346378",61.71,62.58,50.0,57.1,1552,538,75,40,619,673,638,693,forward,reverse_complement,6,4,3,"PMC10068215,PMC10114309,PMC10136252,PMC10142416,PMC10425714,PMC10649997,PMC11269806,PMC11345904,PMC11678880,PMC2752141,PMC3540691,PMC3706769,PMC3871528,PMC3994545,PMC4017825,PMC4065368,PMC4090480,PMC4159424,PMC4285026,PMC4446088,PMC4564090,PMC5153594,PMC5153597,PMC5240222,PMC5314335,PMC5457736,PMC5484033,PMC5551874,PMC5557518,PMC5558561,PMC5845373,PMC5884793,PMC5938007,PMC6112657,PMC6115405,PMC6171664,PMC6199241,PMC6235898,PMC6372621,PMC6375160,PMC6444228,PMC6476152,PMC6507233,PMC6636314,PMC6798413,PMC6815369,PMC6817489,PMC7042551,PMC7072478,PMC7161540,PMC7169364,PMC7288803,PMC7329510,PMC7345324,PMC7346082,PMC7404054,PMC7472722,PMC7584591,PMC7684978,PMC7699612,PMC7791649,PMC7928941,PMC7933275,PMC8041482,PMC8371653,PMC8371914,PMC8380916,PMC8706974,PMC8977954,PMC9288680,PMC9375426,PMC9656268,PMC9699338,PMC9783915,PMC9851786",,,"PMC10154459,PMC10282952,PMC10337197,PMC10878154,PMC11471398,PMC11797752,PMC12097015,PMC12098891,PMC3692432,PMC3869757,PMC4200022,PMC4264207,PMC4464659,PMC4630184,PMC4793227,PMC4914939,PMC5109898,PMC5213995,PMC5268458,PMC5439454,PMC5653327,PMC5762292,PMC5780180,PMC5809428,PMC5852880,PMC6072152,PMC6267832,PMC6325129,PMC6896396,PMC7028870,PMC7073499,PMC7102919,PMC7395790,PMC7581448,PMC7946453,PMC8961311,PMC8973756,PMC9117959,PMC9284897,PMC9346378",0,75,0,0,40,0.5580955012620182,0.7755555555555556,0.7100000000000009,65.37144172976758,
AGCAAAGGTGCAGCCTTTGT,CTGGAGAGGAGCAGAACTGG,PMF1-BGLAP,PMF1-BGLAP,"OCN (33), Osteocalcin (11), BGLAP (4), OSTEOCALCIN (3), NM_001199662.1 (2), hOCN (2), Bglap (1), Human (1), Murine (1), NM_199173 (1), OCN-F (1), OSX (1), OTC (1), Ocn (1), T-3 (1), The (1)","Gene (3), OCN (3), BGLAP (2), Human (2), Osteocalcin (2), GAPDH (1), OCN--R (1), OCN-R (1), OTC (1), Primers (1), Shengong (1)",0.004,0.004,76,34,"PMC10068215, PMC10114309, PMC10136252, PMC10142416, PMC10425714, PMC10649997, PMC11269806, PMC11345904, PMC11678880, PMC2752141, PMC3540691, PMC3706769, PMC3871528, PMC3994545, PMC4017825, PMC4065368, PMC4090480, PMC4159424, PMC4285026, PMC4446088, PMC4564090, PMC5153594, PMC5153597, PMC5240222, PMC5314335, PMC5457736, PMC5484033, PMC5551874, PMC5557518, PMC5558561, PMC5845373, PMC5884793, PMC5938007, PMC6112657, PMC6115405, PMC6171664, PMC6199241, PMC6235898, PMC6372621, PMC6375160, PMC6444228, PMC6476152, PMC6507233, PMC6636314, PMC6798413, PMC6815369, PMC6817489, PMC7042551, PMC7072478, PMC7161540, PMC7169364, PMC7288803, PMC7329510, PMC7345324, PMC7346082, PMC7404054, PMC7472722, PMC7584591, PMC7684978, PMC7699612, PMC7791649, PMC7928941, PMC7933275, PMC8041482, PMC8371653, PMC8371914, PMC8380916, PMC8706974, PMC8977954, PMC9288680, PMC9375426, PMC9656268, PMC9699338, PMC9783915, PMC9851786","PMC10658208, PMC11499919, PMC11562309, PMC11706895, PMC12013848, PMC12107957, PMC3170288, PMC3215189, PMC3692432, PMC3722850, PMC3854245, PMC4135228, PMC4190335, PMC4497709, PMC4500612, PMC4559195, PMC4813262, PMC5018325, PMC5151109, PMC5213995, PMC5214565, PMC5552848, PMC5769534, PMC6008747, PMC6163325, PMC6494860, PMC6594112, PMC6868153, PMC6990577, PMC7334395, PMC7545469, PMC7673024, PMC8262658, PMC9882893",61.71,60.12,50.0,60.0,1552,671,75,34,619,862,638,881,forward,reverse_complement,6,3,3,"PMC10068215,PMC10114309,PMC10136252,PMC10142416,PMC10425714,PMC10649997,PMC11269806,PMC11345904,PMC11678880,PMC2752141,PMC3540691,PMC3706769,PMC3871528,PMC3994545,PMC4017825,PMC4065368,PMC4090480,PMC4159424,PMC4285026,PMC4446088,PMC4564090,PMC5153594,PMC5153597,PMC5240222,PMC5314335,PMC5457736,PMC5484033,PMC5551874,PMC5557518,PMC5558561,PMC5845373,PMC5884793,PMC5938007,PMC6112657,PMC6115405,PMC6171664,PMC6199241,PMC6235898,PMC6372621,PMC6375160,PMC6444228,PMC6476152,PMC6507233,PMC6636314,PMC6798413,PMC6815369,PMC6817489,PMC7042551,PMC7072478,PMC7161540,PMC7169364,PMC7288803,PMC7329510,PMC7345324,PMC7346082,PMC7404054,PMC7472722,PMC7584591,PMC7684978,PMC7699612,PMC7791649,PMC7928941,PMC7933275,PMC8041482,PMC8371653,PMC8371914,PMC8380916,PMC8706974,PMC8977954,PMC9288680,PMC9375426,PMC9656268,PMC9699338,PMC9783915,PMC9851786",,"PMC10658208,PMC11499919,PMC11562309,PMC11706895,PMC12013848,PMC12107957,PMC3170288,PMC3215189,PMC3692432,PMC3722850,PMC3854245,PMC4135228,PMC4190335,PMC4497709,PMC4500612,PMC4559195,PMC4813262,PMC5018325,PMC5151109,PMC5213995,PMC5214565,PMC5552848,PMC5769534,PMC6008747,PMC6163325,PMC6494860,PMC6594112,PMC6868153,PMC6990577,PMC7334395,PMC7545469,PMC7673024,PMC8262658,PMC9882893",,0,75,34,0,0,0.7443249173456352,0.8699999999999999,0.46999999999999886,72.71624586728173,
AGCAAAGGTGCAGCCTTTGT,CCTGAAAGCCGATGTGGT,PMF1-BGLAP,PMF1-BGLAP,"OCN (33), Osteocalcin (11), BGLAP (4), OSTEOCALCIN (3), NM_001199662.1 (2), hOCN (2), Bglap (1), Human (1), Murine (1), NM_199173 (1), OCN-F (1), OSX (1), OTC (1), Ocn (1), T-3 (1), The (1)","OCN (6), BSP-R (2), Gene (2), OCN-R (2), ALP (1), CCTGA (1), OC (1), OCN6 (1), Osteocalcin (1), hsa-OCN-R (1)",0.004,0.028,76,26,"PMC10068215, PMC10114309, PMC10136252, PMC10142416, PMC10425714, PMC10649997, PMC11269806, PMC11345904, PMC11678880, PMC2752141, PMC3540691, PMC3706769, PMC3871528, PMC3994545, PMC4017825, PMC4065368, PMC4090480, PMC4159424, PMC4285026, PMC4446088, PMC4564090, PMC5153594, PMC5153597, PMC5240222, PMC5314335, PMC5457736, PMC5484033, PMC5551874, PMC5557518, PMC5558561, PMC5845373, PMC5884793, PMC5938007, PMC6112657, PMC6115405, PMC6171664, PMC6199241, PMC6235898, PMC6372621, PMC6375160, PMC6444228, PMC6476152, PMC6507233, PMC6636314, PMC6798413, PMC6815369, PMC6817489, PMC7042551, PMC7072478, PMC7161540, PMC7169364, PMC7288803, PMC7329510, PMC7345324, PMC7346082, PMC7404054, PMC7472722, PMC7584591, PMC7684978, PMC7699612, PMC7791649, PMC7928941, PMC7933275, PMC8041482, PMC8371653, PMC8371914, PMC8380916, PMC8706974, PMC8977954, PMC9288680, PMC9375426, PMC9656268, PMC9699338, PMC9783915, PMC9851786","PMC10070041, PMC10222704, PMC10285757, PMC3763164, PMC4655957, PMC5472052, PMC5702518, PMC5774528, PMC5837092, PMC6029428, PMC6080583, PMC6248998, PMC6333395, PMC6484321, PMC6756869, PMC6811559, PMC6812411, PMC7579890, PMC8273062, PMC8290518, PMC8570085, PMC8678408, PMC8800246, PMC8865099",61.71,57.92,50.0,55.6,1552,362,75,24,619,782,638,799,forward,reverse_complement,6,2,4,"PMC10068215,PMC10114309,PMC10136252,PMC10142416,PMC10425714,PMC10649997,PMC11269806,PMC11345904,PMC11678880,PMC2752141,PMC3540691,PMC3706769,PMC3871528,PMC3994545,PMC4017825,PMC4065368,PMC4090480,PMC4159424,PMC4285026,PMC4446088,PMC4564090,PMC5153594,PMC5153597,PMC5240222,PMC5314335,PMC5457736,PMC5484033,PMC5551874,PMC5557518,PMC5558561,PMC5845373,PMC5884793,PMC5938007,PMC6112657,PMC6115405,PMC6171664,PMC6199241,PMC6235898,PMC6372621,PMC6375160,PMC6444228,PMC6476152,PMC6507233,PMC6636314,PMC6798413,PMC6815369,PMC6817489,PMC7042551,PMC7072478,PMC7161540,PMC7169364,PMC7288803,PMC7329510,PMC7345324,PMC7346082,PMC7404054,PMC7472722,PMC7584591,PMC7684978,PMC7699612,PMC7791649,PMC7928941,PMC7933275,PMC8041482,PMC8371653,PMC8371914,PMC8380916,PMC8706974,PMC8977954,PMC9288680,PMC9375426,PMC9656268,PMC9699338,PMC9783915,PMC9851786",,"PMC10070041,PMC10222704,PMC10285757,PMC3763164,PMC4655957,PMC5472052,PMC5702518,PMC5774528,PMC5837092,PMC6029428,PMC6080583,PMC6248998,PMC6333395,PMC6756869,PMC6811559,PMC6812411,PMC7579890,PMC8273062,PMC8570085,PMC8800246,PMC8865099","PMC6484321,PMC8290518,PMC8678408",0,75,21,0,3,0.7056424041267059,0.7144444444444445,0.0,56.71545353966862,
AGCAAAGGTGCAGCCTTTGT,GATGTGGTCAGCCAACTC,PMF1-BGLAP,PMF1-BGLAP,"OCN (33), Osteocalcin (11), BGLAP (4), OSTEOCALCIN (3), NM_001199662.1 (2), hOCN (2), Bglap (1), Human (1), Murine (1), NM_199173 (1), OCN-F (1), OSX (1), OTC (1), Ocn (1), T-3 (1), The (1)","Osteocalcin (7), GAPDH (2), BGLAP (1), Genes (1), OCN-R (1), OSTEOCALCIN (1), OSTERIX (1), RUNX-2-forward (1), RUNX2 (1), The (1), Type (1)",0.004,0.028,76,21,"PMC10068215, PMC10114309, PMC10136252, PMC10142416, PMC10425714, PMC10649997, PMC11269806, PMC11345904, PMC11678880, PMC2752141, PMC3540691, PMC3706769, PMC3871528, PMC3994545, PMC4017825, PMC4065368, PMC4090480, PMC4159424, PMC4285026, PMC4446088, PMC4564090, PMC5153594, PMC5153597, PMC5240222, PMC5314335, PMC5457736, PMC5484033, PMC5551874, PMC5557518, PMC5558561, PMC5845373, PMC5884793, PMC5938007, PMC6112657, PMC6115405, PMC6171664, PMC6199241, PMC6235898, PMC6372621, PMC6375160, PMC6444228, PMC6476152, PMC6507233, PMC6636314, PMC6798413, PMC6815369, PMC6817489, PMC7042551, PMC7072478, PMC7161540, PMC7169364, PMC7288803, PMC7329510, PMC7345324, PMC7346082, PMC7404054, PMC7472722, PMC7584591, PMC7684978, PMC7699612, PMC7791649, PMC7928941, PMC7933275, PMC8041482, PMC8371653, PMC8371914, PMC8380916, PMC8706974, PMC8977954, PMC9288680, PMC9375426, PMC9656268, PMC9699338, PMC9783915, PMC9851786","PMC10209287, PMC10218682, PMC4556843, PMC4673191, PMC4699026, PMC4750003, PMC4837802, PMC4929892, PMC4961106, PMC5009659, PMC5763659, PMC5809617, PMC5833785, PMC6311247, PMC7539403, PMC8134029, PMC8245033, PMC8467999, PMC9024451, PMC9747886",61.71,55.99,50.0,55.6,1552,252,75,20,619,772,638,789,forward,reverse_complement,6,3,3,"PMC10068215,PMC10114309,PMC10136252,PMC10142416,PMC10425714,PMC10649997,PMC11269806,PMC11345904,PMC11678880,PMC2752141,PMC3540691,PMC3706769,PMC3871528,PMC3994545,PMC4017825,PMC4065368,PMC4090480,PMC4159424,PMC4285026,PMC4446088,PMC4564090,PMC5153594,PMC5153597,PMC5240222,PMC5314335,PMC5457736,PMC5484033,PMC5551874,PMC5557518,PMC5558561,PMC5845373,PMC5884793,PMC5938007,PMC6112657,PMC6115405,PMC6171664,PMC6199241,PMC6235898,PMC6372621,PMC6375160,PMC6444228,PMC6476152,PMC6507233,PMC6636314,PMC6798413,PMC6815369,PMC6817489,PMC7042551,PMC7072478,PMC7161540,PMC7169364,PMC7288803,PMC7329510,PMC7345324,PMC7346082,PMC7404054,PMC7472722,PMC7584591,PMC7684978,PMC7699612,PMC7791649,PMC7928941,PMC7933275,PMC8041482,PMC8371653,PMC8371914,PMC8380916,PMC8706974,PMC8977954,PMC9288680,PMC9375426,PMC9656268,PMC9699338,PMC9783915,PMC9851786",,"PMC10209287,PMC10218682,PMC4556843,PMC4673191,PMC4699026,PMC4750003,PMC4837802,PMC4929892,PMC4961106,PMC5009659,PMC5763659,PMC5809617,PMC5833785,PMC6311247,PMC7539403,PMC8134029,PMC8245033,PMC8467999,PMC9024451,PMC9747886",,0,75,20,0,0,0.6961108271256131,0.6911111111111111,0.0,55.53887468961399,
AGCAAAGGTGCAGCCTTTGT,GGCTCCCAGCCATTGATACAG,PMF1-BGLAP,PMF1-BGLAP,"OCN (33), Osteocalcin (11), BGLAP (4), OSTEOCALCIN (3), NM_001199662.1 (2), hOCN (2), Bglap (1), Human (1), Murine (1), NM_199173 (1), OCN-F (1), OSX (1), OTC (1), Ocn (1), T-3 (1), The (1)","Osteocalcin (4), OCN (3), Gene (2), BGLAP (1), Genes (1), Homo (1), OCN-R (1), gene (1)",0.004,0.001,76,19,"PMC10068215, PMC10114309, PMC10136252, PMC10142416, PMC10425714, PMC10649997, PMC11269806, PMC11345904, PMC11678880, PMC2752141, PMC3540691, PMC3706769, PMC3871528, PMC3994545, PMC4017825, PMC4065368, PMC4090480, PMC4159424, PMC4285026, PMC4446088, PMC4564090, PMC5153594, PMC5153597, PMC5240222, PMC5314335, PMC5457736, PMC5484033, PMC5551874, PMC5557518, PMC5558561, PMC5845373, PMC5884793, PMC5938007, PMC6112657, PMC6115405, PMC6171664, PMC6199241, PMC6235898, PMC6372621, PMC6375160, PMC6444228, PMC6476152, PMC6507233, PMC6636314, PMC6798413, PMC6815369, PMC6817489, PMC7042551, PMC7072478, PMC7161540, PMC7169364, PMC7288803, PMC7329510, PMC7345324, PMC7346082, PMC7404054, PMC7472722, PMC7584591, PMC7684978, PMC7699612, PMC7791649, PMC7928941, PMC7933275, PMC8041482, PMC8371653, PMC8371914, PMC8380916, PMC8706974, PMC8977954, PMC9288680, PMC9375426, PMC9656268, PMC9699338, PMC9783915, PMC9851786","PMC10288420, PMC10703823, PMC12108652, PMC3829770, PMC3926498, PMC4204190, PMC5373515, PMC5455643, PMC6136473, PMC6781330, PMC7528055, PMC7925396, PMC8010662, PMC8047219, PMC8184675, PMC8306468, PMC8707254, PMC8717387, PMC9251783",61.71,61.48,50.0,57.1,1552,222,75,19,619,685,638,705,forward,reverse_complement,6,4,4,"PMC10068215,PMC10114309,PMC10136252,PMC10142416,PMC10425714,PMC10649997,PMC11269806,PMC11345904,PMC11678880,PMC2752141,PMC3540691,PMC3706769,PMC3871528,PMC3994545,PMC4017825,PMC4065368,PMC4090480,PMC4159424,PMC4285026,PMC4446088,PMC4564090,PMC5153594,PMC5153597,PMC5240222,PMC5314335,PMC5457736,PMC5484033,PMC5551874,PMC5557518,PMC5558561,PMC5845373,PMC5884793,PMC5938007,PMC6112657,PMC6115405,PMC6171664,PMC6199241,PMC6235898,PMC6372621,PMC6375160,PMC6444228,PMC6476152,PMC6507233,PMC6636314,PMC6798413,PMC6815369,PMC6817489,PMC7042551,PMC7072478,PMC7161540,PMC7169364,PMC7288803,PMC7329510,PMC7345324,PMC7346082,PMC7404054,PMC7472722,PMC7584591,PMC7684978,PMC7699612,PMC7791649,PMC7928941,PMC7933275,PMC8041482,PMC8371653,PMC8371914,PMC8380916,PMC8706974,PMC8977954,PMC9288680,PMC9375426,PMC9656268,PMC9699338,PMC9783915,PMC9851786",,"PMC10288420,PMC10703823,PMC12108652,PMC3829770,PMC3926498,PMC4204190,PMC5373515,PMC5455643,PMC6136473,PMC6781330,PMC7528055,PMC7925396,PMC8010662,PMC8047219,PMC8184675,PMC8306468,PMC8707254,PMC8717387,PMC9251783",,0,75,19,0,0,0.6915057852724419,0.8366666666666669,0.923333333333332,78.14195593028874,
AGCAAAGGTGCAGCCTTTGT,CTCACACACCTCCCTCCTG,PMF1-BGLAP,PMF1-BGLAP,"OCN (33), Osteocalcin (11), BGLAP (4), OSTEOCALCIN (3), NM_001199662.1 (2), hOCN (2), Bglap (1), Human (1), Murine (1), NM_199173 (1), OCN-F (1), OSX (1), OTC (1), Ocn (1), T-3 (1), The (1)","Gene (2), Osteocalcin (2), Direction (1)",0.004,0.011,76,17,"PMC10068215, PMC10114309, PMC10136252, PMC10142416, PMC10425714, PMC10649997, PMC11269806, PMC11345904, PMC11678880, PMC2752141, PMC3540691, PMC3706769, PMC3871528, PMC3994545, PMC4017825, PMC4065368, PMC4090480, PMC4159424, PMC4285026, PMC4446088, PMC4564090, PMC5153594, PMC5153597, PMC5240222, PMC5314335, PMC5457736, PMC5484033, PMC5551874, PMC5557518, PMC5558561, PMC5845373, PMC5884793, PMC5938007, PMC6112657, PMC6115405, PMC6171664, PMC6199241, PMC6235898, PMC6372621, PMC6375160, PMC6444228, PMC6476152, PMC6507233, PMC6636314, PMC6798413, PMC6815369, PMC6817489, PMC7042551, PMC7072478, PMC7161540, PMC7169364, PMC7288803, PMC7329510, PMC7345324, PMC7346082, PMC7404054, PMC7472722, PMC7584591, PMC7684978, PMC7699612, PMC7791649, PMC7928941, PMC7933275, PMC8041482, PMC8371653, PMC8371914, PMC8380916, PMC8706974, PMC8977954, PMC9288680, PMC9375426, PMC9656268, PMC9699338, PMC9783915, PMC9851786","PMC10069154, PMC10139012, PMC11456876, PMC12109992, PMC5589808, PMC5832166, PMC6066508, PMC6428815, PMC6934613, PMC7462980, PMC7541626, PMC7866227, PMC8236553, PMC8665165, PMC8684200, PMC8739256, PMC9821315",61.71,59.68,50.0,63.2,1552,147,75,17,619,735,638,753,forward,reverse_complement,6,2,5,"PMC10068215,PMC10114309,PMC10136252,PMC10142416,PMC10425714,PMC10649997,PMC11269806,PMC11345904,PMC11678880,PMC2752141,PMC3540691,PMC3706769,PMC3871528,PMC3994545,PMC4017825,PMC4065368,PMC4090480,PMC4159424,PMC4285026,PMC4446088,PMC4564090,PMC5153594,PMC5153597,PMC5240222,PMC5314335,PMC5457736,PMC5484033,PMC5551874,PMC5557518,PMC5558561,PMC5845373,PMC5884793,PMC5938007,PMC6112657,PMC6115405,PMC6171664,PMC6199241,PMC6235898,PMC6372621,PMC6375160,PMC6444228,PMC6476152,PMC6507233,PMC6636314,PMC6798413,PMC6815369,PMC6817489,PMC7042551,PMC7072478,PMC7161540,PMC7169364,PMC7288803,PMC7329510,PMC7345324,PMC7346082,PMC7404054,PMC7472722,PMC7584591,PMC7684978,PMC7699612,PMC7791649,PMC7928941,PMC7933275,PMC8041482,PMC8371653,PMC8371914,PMC8380916,PMC8706974,PMC8977954,PMC9288680,PMC9375426,PMC9656268,PMC9699338,PMC9783915,PMC9851786",,"PMC10069154,PMC10139012,PMC11456876,PMC12109992,PMC5589808,PMC5832166,PMC6066508,PMC6428815,PMC6934613,PMC7462980,PMC7541626,PMC7866227,PMC8236553,PMC8665165,PMC8739256,PMC9821315",PMC8684200,0,75,16,0,1,0.6784651135014191,0.8255555555555555,0.3233333333333329,65.15658900840428,
GTGCAGAGTCCAGCAAAGGT,CCCTCCTGCTTGGACACAAAG,PMF1-BGLAP,PMF1-BGLAP,"OCN (18), Osteocalcin (6), BGLAP (5), Gene (3), Homo (3), Runx2 (3), Direction (2), AL135927 (1), CAAAGGT (1), Col2 (1), CxCr4 (1), For (1), GTGCAGA (1), H-OCN-F1 (1), Human (1), OC (1), OPN (1), OSTEOCALCIN (1), Osc (1), RUNX2 (1), Targeted (1)","Gene (13), BGLAP (8), OCN (8), Osteocalcin (4), GAPDH (2), OPN (2), human (2), 632 (1), Bglap (1), C-3 (1), CCC (1), CDK6 (1), COL1a1 (1), CYR61 (1), CircLPAR1 (1), Data (1), Direction (1), FGFR1 (1), H- (1), Human (1), LSD1 (1), NM_199173.6 (1), OC-R (1), OCN--R (1), OCN-Reverse (1), OSTEOCALCIN (1), Osteocalcin-R (1), P2RX4 (1), Runx2 (1), h-OCN (1), hsa-OCN-Reverse (1)",0.004,0.001,75,117,"PMC10013803, PMC10552899, PMC10858363, PMC10876469, PMC11260442, PMC11518823, PMC11578294, PMC11591890, PMC11839199, PMC12012476, PMC3136101, PMC3498354, PMC3747243, PMC3822933, PMC3849435, PMC3907683, PMC3914586, PMC4050034, PMC4055119, PMC4081551, PMC4176465, PMC4190506, PMC4227163, PMC4445270, PMC4532446, PMC4676112, PMC5059612, PMC5337366, PMC5472602, PMC5551016, PMC5589808, PMC5778688, PMC5832166, PMC5863805, PMC5941664, PMC6073779, PMC6095197, PMC6263063, PMC6272066, PMC6300315, PMC6321548, PMC6322134, PMC6413038, PMC6416549, PMC6428815, PMC6477001, PMC6612066, PMC7091544, PMC7201838, PMC7233620, PMC7327054, PMC7736623, PMC7751477, PMC7784504, PMC7785908, PMC7792045, PMC7922582, PMC8048284, PMC8063876, PMC8178267, PMC8236553, PMC8398302, PMC8488211, PMC8629650, PMC8665165, PMC8704413, PMC8717537, PMC9059734, PMC9406723, PMC9641921, PMC9949900","PMC10142914, PMC10212705, PMC10266046, PMC10478283, PMC10659042, PMC10800782, PMC10849785, PMC10929792, PMC10936096, PMC11001392, PMC11084186, PMC11330132, PMC11391719, PMC11562097, PMC11565289, PMC11590406, PMC11633500, PMC11896475, PMC11947814, PMC11977094, PMC12001474, PMC12024643, PMC12073084, PMC12074812, PMC3569421, PMC3880843, PMC4028224, PMC4203828, PMC4317596, PMC4375934, PMC4388628, PMC4738707, PMC4767937, PMC4773240, PMC4948698, PMC5030629, PMC5192052, PMC5239543, PMC5355733, PMC5548928, PMC5776773, PMC5951430, PMC5970187, PMC5996090, PMC6002551, PMC6029469, PMC6120750, PMC6134938, PMC6154708, PMC6241358, PMC6391470, PMC6410690, PMC6533502, PMC6561377, PMC6594288, PMC6811605, PMC6889321, PMC6916635, PMC6964093, PMC6996099, PMC7011343, PMC7012241, PMC7033235, PMC7073820, PMC7165343, PMC7193115, PMC7233608, PMC7435717, PMC7446217, PMC7488079, PMC7539105, PMC7576269, PMC7583167, PMC7609060, PMC7610338, PMC7645323, PMC7676202, PMC7694436, PMC7807199, PMC7811365, PMC7814734, PMC7893805, PMC7904523, PMC8040480, PMC8076414, PMC8097863, PMC8187992, PMC8261971, PMC8294092, PMC8309475, PMC8366957, PMC8381068, PMC8382950, PMC8441126, PMC8647299, PMC8665342, PMC8919664, PMC8962127, PMC8971384, PMC9080063, PMC9206573, PMC9236897, PMC9275886, PMC9320112, PMC9339598, PMC9561255, PMC9726269, PMC9782440, PMC9854827, PMC9856031, PMC9909214, PMC9925051, PMC9945756, PMC9991042",61.19,61.82,55.0,57.1,1247,1461,71,114,608,633,627,653,forward,reverse_complement,4,3,5,"PMC10552899,PMC10858363,PMC11518823,PMC11578294,PMC11591890,PMC11839199,PMC3136101,PMC3822933,PMC3849435,PMC3907683,PMC3914586,PMC4055119,PMC4081551,PMC4176465,PMC4190506,PMC4227163,PMC4676112,PMC5863805,PMC5941664,PMC6073779,PMC6095197,PMC6263063,PMC6272066,PMC6300315,PMC6321548,PMC6413038,PMC6477001,PMC7091544,PMC7201838,PMC7736623,PMC7751477,PMC7785908,PMC7922582,PMC8048284,PMC8063876,PMC8178267,PMC8398302,PMC8629650,PMC8704413,PMC8717537,PMC9059734,PMC9406723,PMC9949900","PMC10013803,PMC10876469,PMC11260442,PMC12012476,PMC3498354,PMC3747243,PMC4050034,PMC4445270,PMC4532446,PMC5059612,PMC5337366,PMC5472602,PMC5551016,PMC5589808,PMC5778688,PMC5832166,PMC6322134,PMC6416549,PMC6428815,PMC6612066,PMC7233620,PMC7327054,PMC7784504,PMC7792045,PMC8236553,PMC8488211,PMC8665165,PMC9641921","PMC10142914,PMC10212705,PMC10266046,PMC10478283,PMC10659042,PMC10800782,PMC10849785,PMC10929792,PMC10936096,PMC11001392,PMC11084186,PMC11330132,PMC11391719,PMC11562097,PMC11565289,PMC11590406,PMC11633500,PMC11896475,PMC11947814,PMC11977094,PMC12001474,PMC12024643,PMC12073084,PMC12074812,PMC3569421,PMC3880843,PMC4028224,PMC4203828,PMC4317596,PMC4375934,PMC4388628,PMC4738707,PMC4767937,PMC4773240,PMC4948698,PMC5030629,PMC5192052,PMC5239543,PMC5355733,PMC5548928,PMC5776773,PMC5951430,PMC5970187,PMC5996090,PMC6002551,PMC6029469,PMC6120750,PMC6134938,PMC6154708,PMC6241358,PMC6391470,PMC6410690,PMC6533502,PMC6561377,PMC6594288,PMC6811605,PMC6889321,PMC6916635,PMC6964093,PMC6996099,PMC7011343,PMC7012241,PMC7033235,PMC7073820,PMC7165343,PMC7193115,PMC7233608,PMC7435717,PMC7446217,PMC7488079,PMC7539105,PMC7576269,PMC7583167,PMC7609060,PMC7610338,PMC7645323,PMC7676202,PMC7694436,PMC7807199,PMC7811365,PMC7814734,PMC7893805,PMC7904523,PMC8040480,PMC8076414,PMC8097863,PMC8187992,PMC8261971,PMC8294092,PMC8309475,PMC8366957,PMC8381068,PMC8382950,PMC8441126,PMC8647299,PMC8665342,PMC8919664,PMC8962127,PMC8971384,PMC9080063,PMC9206573,PMC9236897,PMC9275886,PMC9320112,PMC9339598,PMC9561255,PMC9726269,PMC9782440,PMC9854827,PMC9856031,PMC9909214,PMC9925051,PMC9945756,PMC9991042",,0,43,114,28,0,0.8177910599508605,0.8466666666666668,0.7899999999999991,82.08955299754301,
GTGCAGAGTCCAGCAAAGGT,CCATTGATACAGGTAGCGCC,PMF1-BGLAP,PMF1-BGLAP,"OCN (18), Osteocalcin (6), BGLAP (5), Gene (3), Homo (3), Runx2 (3), Direction (2), AL135927 (1), CAAAGGT (1), Col2 (1), CxCr4 (1), For (1), GTGCAGA (1), H-OCN-F1 (1), Human (1), OC (1), OPN (1), OSTEOCALCIN (1), Osc (1), RUNX2 (1), Targeted (1)","BGLAP (22), OCN (19), Osteocalcin (7), Ocn (3), hsa-OCN-forward (3), human (3), hOCN (2), 110 (1), 5BGLAP (1), ALP (1), BGLAP-F (1), BGLAP-Forward (1), Homo (1), Human (1), NM_199173.5 (1), NM_199173.6 (1), OC (1), OGN (1), OSC (1), Osteocalcin-F (1), Osteogenesis (1), The (1), VEGF (1)",0.004,0.004,75,90,"PMC10013803, PMC10552899, PMC10858363, PMC10876469, PMC11260442, PMC11518823, PMC11578294, PMC11591890, PMC11839199, PMC12012476, PMC3136101, PMC3498354, PMC3747243, PMC3822933, PMC3849435, PMC3907683, PMC3914586, PMC4050034, PMC4055119, PMC4081551, PMC4176465, PMC4190506, PMC4227163, PMC4445270, PMC4532446, PMC4676112, PMC5059612, PMC5337366, PMC5472602, PMC5551016, PMC5589808, PMC5778688, PMC5832166, PMC5863805, PMC5941664, PMC6073779, PMC6095197, PMC6263063, PMC6272066, PMC6300315, PMC6321548, PMC6322134, PMC6413038, PMC6416549, PMC6428815, PMC6477001, PMC6612066, PMC7091544, PMC7201838, PMC7233620, PMC7327054, PMC7736623, PMC7751477, PMC7784504, PMC7785908, PMC7792045, PMC7922582, PMC8048284, PMC8063876, PMC8178267, PMC8236553, PMC8398302, PMC8488211, PMC8629650, PMC8665165, PMC8704413, PMC8717537, PMC9059734, PMC9406723, PMC9641921, PMC9949900","PMC10160763, PMC10379034, PMC10441659, PMC10444653, PMC10643473, PMC10878834, PMC10976750, PMC11259626, PMC11269795, PMC11301355, PMC11332729, PMC11559230, PMC11595442, PMC11762233, PMC11763229, PMC11818253, PMC11823243, PMC11892751, PMC11944977, PMC12080316, PMC12087957, PMC12091229, PMC2646266, PMC3799771, PMC3805512, PMC4178031, PMC4201491, PMC4329829, PMC4404686, PMC4836087, PMC4879177, PMC4886818, PMC5057179, PMC5072612, PMC5164906, PMC5297792, PMC5322661, PMC5490090, PMC5493527, PMC5513456, PMC5583332, PMC5658998, PMC5668416, PMC5680323, PMC5704576, PMC5780081, PMC5800449, PMC6092836, PMC6172397, PMC6265790, PMC6323209, PMC6685704, PMC6861671, PMC6920280, PMC7266346, PMC7294393, PMC7315279, PMC7378902, PMC7475978, PMC7897289, PMC7920808, PMC8353646, PMC8395443, PMC8508916, PMC8520689, PMC8525028, PMC8554986, PMC8670285, PMC8722308, PMC8818240, PMC8868595, PMC9097555, PMC9175016, PMC9233575, PMC9354009, PMC9355958, PMC9477632, PMC9564153, PMC9570360, PMC9796874, PMC9821985, PMC9843530, PMC9963438, PMC9964429, PMC9993741",61.19,59.13,55.0,55.0,1247,1773,71,85,608,677,627,696,forward,reverse_complement,4,4,3,"PMC10552899,PMC10858363,PMC11518823,PMC11578294,PMC11591890,PMC11839199,PMC3136101,PMC3822933,PMC3849435,PMC3907683,PMC3914586,PMC4055119,PMC4081551,PMC4176465,PMC4190506,PMC4227163,PMC4676112,PMC5863805,PMC5941664,PMC6073779,PMC6095197,PMC6263063,PMC6272066,PMC6300315,PMC6321548,PMC6413038,PMC6477001,PMC7091544,PMC7201838,PMC7736623,PMC7751477,PMC7785908,PMC7922582,PMC8048284,PMC8063876,PMC8178267,PMC8398302,PMC8629650,PMC8704413,PMC8717537,PMC9059734,PMC9406723,PMC9949900","PMC10013803,PMC10876469,PMC11260442,PMC12012476,PMC3498354,PMC3747243,PMC4050034,PMC4445270,PMC4532446,PMC5059612,PMC5337366,PMC5472602,PMC5551016,PMC5589808,PMC5778688,PMC5832166,PMC6322134,PMC6416549,PMC6428815,PMC6612066,PMC7233620,PMC7327054,PMC7784504,PMC7792045,PMC8236553,PMC8488211,PMC8665165,PMC9641921",,"PMC10160763,PMC10379034,PMC10441659,PMC10444653,PMC10643473,PMC10878834,PMC10976750,PMC11259626,PMC11269795,PMC11301355,PMC11332729,PMC11559230,PMC11595442,PMC11762233,PMC11763229,PMC11818253,PMC11823243,PMC11892751,PMC11944977,PMC12080316,PMC12087957,PMC12091229,PMC2646266,PMC3799771,PMC3805512,PMC4178031,PMC4201491,PMC4329829,PMC4404686,PMC4836087,PMC4879177,PMC4886818,PMC5057179,PMC5072612,PMC5164906,PMC5297792,PMC5322661,PMC5490090,PMC5493527,PMC5513456,PMC5583332,PMC5658998,PMC5668416,PMC5680323,PMC5704576,PMC5780081,PMC5800449,PMC6092836,PMC6172397,PMC6265790,PMC6323209,PMC6685704,PMC6861671,PMC6920280,PMC7266346,PMC7294393,PMC7315279,PMC7378902,PMC7475978,PMC7897289,PMC7920808,PMC8353646,PMC8395443,PMC8508916,PMC8520689,PMC8525028,PMC8554986,PMC8670285,PMC8722308,PMC8818240,PMC8868595,PMC9097555,PMC9175016,PMC9233575,PMC9354009,PMC9355958,PMC9477632,PMC9564153,PMC9570360,PMC9796874,PMC9821985,PMC9843530,PMC9963438,PMC9964429,PMC9993741",0,43,0,28,85,0.5561052289932327,0.8855555555555559,0.3133333333333349,60.638594782995014,
GTGCAGAGTCCAGCAAAGGT,CTCTTCACTACCTCGCTGCC,PMF1-BGLAP,PMF1-BGLAP,"OCN (18), Osteocalcin (6), BGLAP (5), Gene (3), Homo (3), Runx2 (3), Direction (2), AL135927 (1), CAAAGGT (1), Col2 (1), CxCr4 (1), For (1), GTGCAGA (1), H-OCN-F1 (1), Human (1), OC (1), OPN (1), OSTEOCALCIN (1), Osc (1), RUNX2 (1), Targeted (1)","OCN (25), Osteocalcin (18), BGLAP (11), OC (5), Human (4), 102 (1), Bglap (1), Gene (1), Homo (1), Human_OCN_F (1), OCN--F (1), OSC (1), OSTEOCALCIN (1), Ocn (1), REAGENT (1), RUNX2 (1), human (1)",0.004,0.004,75,83,"PMC10013803, PMC10552899, PMC10858363, PMC10876469, PMC11260442, PMC11518823, PMC11578294, PMC11591890, PMC11839199, PMC12012476, PMC3136101, PMC3498354, PMC3747243, PMC3822933, PMC3849435, PMC3907683, PMC3914586, PMC4050034, PMC4055119, PMC4081551, PMC4176465, PMC4190506, PMC4227163, PMC4445270, PMC4532446, PMC4676112, PMC5059612, PMC5337366, PMC5472602, PMC5551016, PMC5589808, PMC5778688, PMC5832166, PMC5863805, PMC5941664, PMC6073779, PMC6095197, PMC6263063, PMC6272066, PMC6300315, PMC6321548, PMC6322134, PMC6413038, PMC6416549, PMC6428815, PMC6477001, PMC6612066, PMC7091544, PMC7201838, PMC7233620, PMC7327054, PMC7736623, PMC7751477, PMC7784504, PMC7785908, PMC7792045, PMC7922582, PMC8048284, PMC8063876, PMC8178267, PMC8236553, PMC8398302, PMC8488211, PMC8629650, PMC8665165, PMC8704413, PMC8717537, PMC9059734, PMC9406723, PMC9641921, PMC9949900","PMC10044883, PMC10045574, PMC10069154, PMC10074101, PMC10139012, PMC10167365, PMC10215148, PMC10523602, PMC10604799, PMC10682137, PMC10731655, PMC11217565, PMC11344390, PMC11456876, PMC11506632, PMC11654009, PMC11765816, PMC11978159, PMC12038241, PMC12109992, PMC3184765, PMC3584459, PMC3722850, PMC3749798, PMC3854245, PMC4135228, PMC4190335, PMC4227236, PMC4491576, PMC4497709, PMC4578555, PMC4794180, PMC4981914, PMC5018325, PMC5151109, PMC5214565, PMC5399588, PMC5489417, PMC5570405, PMC5589808, PMC5769534, PMC5796442, PMC5832166, PMC6033301, PMC6066508, PMC6073246, PMC6108882, PMC6428815, PMC6429482, PMC6581741, PMC6868153, PMC7085835, PMC7462980, PMC7533455, PMC7541626, PMC7590053, PMC7673024, PMC7673321, PMC7730800, PMC7866227, PMC7876270, PMC8016856, PMC8080634, PMC8236553, PMC8262658, PMC8379477, PMC8444612, PMC8514386, PMC8665165, PMC8739256, PMC8806239, PMC9034958, PMC9202102, PMC9225241, PMC9645149, PMC9708540, PMC9740717, PMC9821315, PMC9847547, PMC9882893",61.19,60.82,55.0,60.0,1247,960,71,80,608,652,627,671,forward,reverse_complement,4,2,4,"PMC10552899,PMC10858363,PMC11518823,PMC11578294,PMC11591890,PMC11839199,PMC3136101,PMC3822933,PMC3849435,PMC3907683,PMC3914586,PMC4055119,PMC4081551,PMC4176465,PMC4190506,PMC4227163,PMC4676112,PMC5863805,PMC5941664,PMC6073779,PMC6095197,PMC6263063,PMC6272066,PMC6300315,PMC6321548,PMC6413038,PMC6477001,PMC7091544,PMC7201838,PMC7736623,PMC7751477,PMC7785908,PMC7922582,PMC8048284,PMC8063876,PMC8178267,PMC8398302,PMC8629650,PMC8704413,PMC8717537,PMC9059734,PMC9406723,PMC9949900","PMC10013803,PMC10876469,PMC11260442,PMC12012476,PMC3498354,PMC3747243,PMC4050034,PMC4445270,PMC4532446,PMC5059612,PMC5337366,PMC5472602,PMC5551016,PMC5589808,PMC5778688,PMC5832166,PMC6322134,PMC6416549,PMC6428815,PMC6612066,PMC7233620,PMC7327054,PMC7784504,PMC7792045,PMC8236553,PMC8488211,PMC8665165,PMC9641921","PMC10731655,PMC11978159,PMC8806239,PMC9034958,PMC9225241,PMC9740717","PMC10044883,PMC10045574,PMC10069154,PMC10074101,PMC10139012,PMC10167365,PMC10215148,PMC10523602,PMC10604799,PMC10682137,PMC11217565,PMC11344390,PMC11456876,PMC11506632,PMC11654009,PMC11765816,PMC12038241,PMC12109992,PMC3184765,PMC3584459,PMC3722850,PMC3749798,PMC3854245,PMC4135228,PMC4190335,PMC4227236,PMC4491576,PMC4497709,PMC4578555,PMC4794180,PMC4981914,PMC5018325,PMC5151109,PMC5214565,PMC5399588,PMC5489417,PMC5570405,PMC5589808,PMC5769534,PMC5796442,PMC5832166,PMC6033301,PMC6066508,PMC6073246,PMC6108882,PMC6428815,PMC6429482,PMC6581741,PMC6868153,PMC7085835,PMC7462980,PMC7533455,PMC7541626,PMC7590053,PMC7673024,PMC7673321,PMC7730800,PMC7866227,PMC7876270,PMC8016856,PMC8080634,PMC8236553,PMC8262658,PMC8379477,PMC8444612,PMC8514386,PMC8665165,PMC8739256,PMC9202102,PMC9645149,PMC9708540,PMC9821315,PMC9847547,PMC9882893",0,43,6,28,74,0.6591059311570688,0.9022222222222224,0.8766666666666675,77.55529655785347,
GTGCAGAGTCCAGCAAAGGT,CGCCTGGGTCTCTTCACTAC,PMF1-BGLAP,PMF1-BGLAP,"OCN (18), Osteocalcin (6), BGLAP (5), Gene (3), Homo (3), Runx2 (3), Direction (2), AL135927 (1), CAAAGGT (1), Col2 (1), CxCr4 (1), For (1), GTGCAGA (1), H-OCN-F1 (1), Human (1), OC (1), OPN (1), OSTEOCALCIN (1), Osc (1), RUNX2 (1), Targeted (1)","Osteocalcin (5), RUNX2 (3), BGLAP (2), Bglap (2), Gene (2), Genes (2), Human (2), OC (2), OCN (2), C-3 (1), GAPDH (1), OCN-F (1), Osteogenic (1), Target (1)",0.004,0.004,75,45,"PMC10013803, PMC10552899, PMC10858363, PMC10876469, PMC11260442, PMC11518823, PMC11578294, PMC11591890, PMC11839199, PMC12012476, PMC3136101, PMC3498354, PMC3747243, PMC3822933, PMC3849435, PMC3907683, PMC3914586, PMC4050034, PMC4055119, PMC4081551, PMC4176465, PMC4190506, PMC4227163, PMC4445270, PMC4532446, PMC4676112, PMC5059612, PMC5337366, PMC5472602, PMC5551016, PMC5589808, PMC5778688, PMC5832166, PMC5863805, PMC5941664, PMC6073779, PMC6095197, PMC6263063, PMC6272066, PMC6300315, PMC6321548, PMC6322134, PMC6413038, PMC6416549, PMC6428815, PMC6477001, PMC6612066, PMC7091544, PMC7201838, PMC7233620, PMC7327054, PMC7736623, PMC7751477, PMC7784504, PMC7785908, PMC7792045, PMC7922582, PMC8048284, PMC8063876, PMC8178267, PMC8236553, PMC8398302, PMC8488211, PMC8629650, PMC8665165, PMC8704413, PMC8717537, PMC9059734, PMC9406723, PMC9641921, PMC9949900","PMC10142914, PMC10815924, PMC10953090, PMC11071322, PMC11251957, PMC11413851, PMC11468810, PMC11523078, PMC11657990, PMC11895669, PMC11941504, PMC11941925, PMC12104865, PMC2212719, PMC2582889, PMC4055128, PMC4223691, PMC4718960, PMC4790631, PMC5003369, PMC5122164, PMC5292195, PMC5987610, PMC6009779, PMC6124053, PMC6145055, PMC6202397, PMC6525797, PMC6776644, PMC6833923, PMC6883626, PMC7023766, PMC7285613, PMC7351982, PMC7500044, PMC7503232, PMC7644787, PMC7884435, PMC8057913, PMC8170469, PMC8312462, PMC9014318, PMC9337630, PMC9500064, PMC9676210",61.19,60.47,55.0,60.0,1247,1049,71,45,608,661,627,680,forward,reverse_complement,4,2,4,"PMC10552899,PMC10858363,PMC11518823,PMC11578294,PMC11591890,PMC11839199,PMC3136101,PMC3822933,PMC3849435,PMC3907683,PMC3914586,PMC4055119,PMC4081551,PMC4176465,PMC4190506,PMC4227163,PMC4676112,PMC5863805,PMC5941664,PMC6073779,PMC6095197,PMC6263063,PMC6272066,PMC6300315,PMC6321548,PMC6413038,PMC6477001,PMC7091544,PMC7201838,PMC7736623,PMC7751477,PMC7785908,PMC7922582,PMC8048284,PMC8063876,PMC8178267,PMC8398302,PMC8629650,PMC8704413,PMC8717537,PMC9059734,PMC9406723,PMC9949900","PMC10013803,PMC10876469,PMC11260442,PMC12012476,PMC3498354,PMC3747243,PMC4050034,PMC4445270,PMC4532446,PMC5059612,PMC5337366,PMC5472602,PMC5551016,PMC5589808,PMC5778688,PMC5832166,PMC6322134,PMC6416549,PMC6428815,PMC6612066,PMC7233620,PMC7327054,PMC7784504,PMC7792045,PMC8236553,PMC8488211,PMC8665165,PMC9641921","PMC10142914,PMC10815924,PMC10953090,PMC11071322,PMC11251957,PMC11413851,PMC11468810,PMC11523078,PMC11657990,PMC11895669,PMC11941504,PMC11941925,PMC12104865,PMC2582889,PMC4055128,PMC4223691,PMC4718960,PMC4790631,PMC5003369,PMC5122164,PMC5987610,PMC6009779,PMC6124053,PMC6145055,PMC6202397,PMC6525797,PMC6776644,PMC6833923,PMC6883626,PMC7023766,PMC7285613,PMC7351982,PMC7500044,PMC7503232,PMC7644787,PMC7884435,PMC8057913,PMC8170469,PMC8312462,PMC9014318,PMC9337630,PMC9500064,PMC9676210","PMC2212719,PMC5292195",0,43,43,28,2,0.7359312164320936,0.9183333333333334,0.7600000000000003,79.5465608216047,
GTGCAGAGTCCAGCAAAGGT,CTTGGACACAAAGGCTGCAC,PMF1-BGLAP,PMF1-BGLAP,"OCN (18), Osteocalcin (6), BGLAP (5), Gene (3), Homo (3), Runx2 (3), Direction (2), AL135927 (1), CAAAGGT (1), Col2 (1), CxCr4 (1), For (1), GTGCAGA (1), H-OCN-F1 (1), Human (1), OC (1), OPN (1), OSTEOCALCIN (1), Osc (1), RUNX2 (1), Targeted (1)","BGLAP (6), OCN (6), Osteocalcin (4), OSTEOCALCIN (3), GAPDH (2), OSC (2), RUNX2 (2), ALP (1), BGLAP-F (1), OCL (1), OCN-F (1), OCN-hR (1), OPN (1), OSTC (1), reverce (1)",0.004,0.004,75,45,"PMC10013803, PMC10552899, PMC10858363, PMC10876469, PMC11260442, PMC11518823, PMC11578294, PMC11591890, PMC11839199, PMC12012476, PMC3136101, PMC3498354, PMC3747243, PMC3822933, PMC3849435, PMC3907683, PMC3914586, PMC4050034, PMC4055119, PMC4081551, PMC4176465, PMC4190506, PMC4227163, PMC4445270, PMC4532446, PMC4676112, PMC5059612, PMC5337366, PMC5472602, PMC5551016, PMC5589808, PMC5778688, PMC5832166, PMC5863805, PMC5941664, PMC6073779, PMC6095197, PMC6263063, PMC6272066, PMC6300315, PMC6321548, PMC6322134, PMC6413038, PMC6416549, PMC6428815, PMC6477001, PMC6612066, PMC7091544, PMC7201838, PMC7233620, PMC7327054, PMC7736623, PMC7751477, PMC7784504, PMC7785908, PMC7792045, PMC7922582, PMC8048284, PMC8063876, PMC8178267, PMC8236553, PMC8398302, PMC8488211, PMC8629650, PMC8665165, PMC8704413, PMC8717537, PMC9059734, PMC9406723, PMC9641921, PMC9949900","PMC10034518, PMC10324906, PMC10404355, PMC10509643, PMC10671807, PMC10782062, PMC10835132, PMC11122527, PMC11204041, PMC11249220, PMC11335260, PMC11506500, PMC11794764, PMC12089236, PMC4077650, PMC4666781, PMC4669774, PMC4790082, PMC4990559, PMC5220409, PMC5358698, PMC5383003, PMC5562099, PMC5772930, PMC5779880, PMC5831741, PMC5833364, PMC5992730, PMC6011386, PMC6121454, PMC6276256, PMC6371545, PMC6538636, PMC7705747, PMC7967876, PMC8012148, PMC8231580, PMC8240633, PMC8724514, PMC9006575, PMC9161675, PMC9654174, PMC9778583, PMC9983316",61.19,60.61,55.0,55.0,1247,762,71,44,608,626,627,645,forward,reverse_complement,4,4,6,"PMC10552899,PMC10858363,PMC11518823,PMC11578294,PMC11591890,PMC11839199,PMC3136101,PMC3822933,PMC3849435,PMC3907683,PMC3914586,PMC4055119,PMC4081551,PMC4176465,PMC4190506,PMC4227163,PMC4676112,PMC5863805,PMC5941664,PMC6073779,PMC6095197,PMC6263063,PMC6272066,PMC6300315,PMC6321548,PMC6413038,PMC6477001,PMC7091544,PMC7201838,PMC7736623,PMC7751477,PMC7785908,PMC7922582,PMC8048284,PMC8063876,PMC8178267,PMC8398302,PMC8629650,PMC8704413,PMC8717537,PMC9059734,PMC9406723,PMC9949900","PMC10013803,PMC10876469,PMC11260442,PMC12012476,PMC3498354,PMC3747243,PMC4050034,PMC4445270,PMC4532446,PMC5059612,PMC5337366,PMC5472602,PMC5551016,PMC5589808,PMC5778688,PMC5832166,PMC6322134,PMC6416549,PMC6428815,PMC6612066,PMC7233620,PMC7327054,PMC7784504,PMC7792045,PMC8236553,PMC8488211,PMC8665165,PMC9641921","PMC10324906,PMC10404355,PMC10509643,PMC10671807,PMC10782062,PMC10835132,PMC11204041,PMC11249220,PMC11335260,PMC11506500,PMC12089236,PMC4666781,PMC4669774,PMC4790082,PMC4990559,PMC5358698,PMC5383003,PMC5772930,PMC5779880,PMC5831741,PMC5833364,PMC5992730,PMC6011386,PMC6276256,PMC6538636,PMC7967876,PMC8012148,PMC8231580,PMC8240633,PMC9006575,PMC9654174,PMC9983316","PMC10034518,PMC11122527,PMC11794764,PMC4077650,PMC5220409,PMC5562099,PMC6121454,PMC6371545,PMC7705747,PMC8724514,PMC9161675,PMC9778583",0,43,32,28,12,0.0,0.0,0.0,0.0,
GTGCAGAGTCCAGCAAAGGT,GTGGTCAGCCAACTCGTCA,PMF1-BGLAP,PMF1-BGLAP,"OCN (18), Osteocalcin (6), BGLAP (5), Gene (3), Homo (3), Runx2 (3), Direction (2), AL135927 (1), CAAAGGT (1), Col2 (1), CxCr4 (1), For (1), GTGCAGA (1), H-OCN-F1 (1), Human (1), OC (1), OPN (1), OSTEOCALCIN (1), Osc (1), RUNX2 (1), Targeted (1)","BGLAP (5), hsa-OCN-reverse (3), Gene (2), 5BGLAP (1), BGLAP-Reverse (1), COL1a1 (1), Direction (1), NM_001173531.1 (1), OCN (1), OCT4 (1), OSC (1), Orientation (1), Osteocalcin (1), Osterix (1), Target (1)",0.004,0.011,75,38,"PMC10013803, PMC10552899, PMC10858363, PMC10876469, PMC11260442, PMC11518823, PMC11578294, PMC11591890, PMC11839199, PMC12012476, PMC3136101, PMC3498354, PMC3747243, PMC3822933, PMC3849435, PMC3907683, PMC3914586, PMC4050034, PMC4055119, PMC4081551, PMC4176465, PMC4190506, PMC4227163, PMC4445270, PMC4532446, PMC4676112, PMC5059612, PMC5337366, PMC5472602, PMC5551016, PMC5589808, PMC5778688, PMC5832166, PMC5863805, PMC5941664, PMC6073779, PMC6095197, PMC6263063, PMC6272066, PMC6300315, PMC6321548, PMC6322134, PMC6413038, PMC6416549, PMC6428815, PMC6477001, PMC6612066, PMC7091544, PMC7201838, PMC7233620, PMC7327054, PMC7736623, PMC7751477, PMC7784504, PMC7785908, PMC7792045, PMC7922582, PMC8048284, PMC8063876, PMC8178267, PMC8236553, PMC8398302, PMC8488211, PMC8629650, PMC8665165, PMC8704413, PMC8717537, PMC9059734, PMC9406723, PMC9641921, PMC9949900","PMC10441659, PMC10444653, PMC10643473, PMC11301355, PMC11332729, PMC11488691, PMC11818253, PMC11892751, PMC11944977, PMC12087957, PMC4329829, PMC4879177, PMC4886818, PMC5057179, PMC5164906, PMC5583332, PMC5780081, PMC5800449, PMC6265790, PMC6383392, PMC6685704, PMC6861671, PMC6920280, PMC7475978, PMC7920808, PMC8670285, PMC8722308, PMC8818240, PMC9175016, PMC9233575, PMC9354009, PMC9355958, PMC9477632, PMC9564153, PMC9570360, PMC9843530",61.19,60.58,55.0,57.9,1247,710,71,36,608,768,627,786,forward,reverse_complement,4,3,4,"PMC10552899,PMC10858363,PMC11518823,PMC11578294,PMC11591890,PMC11839199,PMC3136101,PMC3822933,PMC3849435,PMC3907683,PMC3914586,PMC4055119,PMC4081551,PMC4176465,PMC4190506,PMC4227163,PMC4676112,PMC5863805,PMC5941664,PMC6073779,PMC6095197,PMC6263063,PMC6272066,PMC6300315,PMC6321548,PMC6413038,PMC6477001,PMC7091544,PMC7201838,PMC7736623,PMC7751477,PMC7785908,PMC7922582,PMC8048284,PMC8063876,PMC8178267,PMC8398302,PMC8629650,PMC8704413,PMC8717537,PMC9059734,PMC9406723,PMC9949900","PMC10013803,PMC10876469,PMC11260442,PMC12012476,PMC3498354,PMC3747243,PMC4050034,PMC4445270,PMC4532446,PMC5059612,PMC5337366,PMC5472602,PMC5551016,PMC5589808,PMC5778688,PMC5832166,PMC6322134,PMC6416549,PMC6428815,PMC6612066,PMC7233620,PMC7327054,PMC7784504,PMC7792045,PMC8236553,PMC8488211,PMC8665165,PMC9641921","PMC10441659,PMC10444653,PMC10643473,PMC11301355,PMC11332729,PMC11488691,PMC11818253,PMC11892751,PMC11944977,PMC12087957,PMC4329829,PMC4879177,PMC4886818,PMC5057179,PMC5164906,PMC5583332,PMC5780081,PMC5800449,PMC6265790,PMC6383392,PMC6685704,PMC6861671,PMC6920280,PMC7475978,PMC7920808,PMC8670285,PMC8722308,PMC8818240,PMC9175016,PMC9233575,PMC9354009,PMC9355958,PMC9477632,PMC9564153,PMC9570360,PMC9843530",,0,43,36,28,0,0.7177894063966542,0.9155555555555559,0.7966666666666669,79.28947031983273,
GTGCAGAGTCCAGCAAAGGT,GCCGTAGAAGCGCCGATAGGC,PMF1-BGLAP,PMF1-BGLAP,"OCN (18), Osteocalcin (6), BGLAP (5), Gene (3), Homo (3), Runx2 (3), Direction (2), AL135927 (1), CAAAGGT (1), Col2 (1), CxCr4 (1), For (1), GTGCAGA (1), H-OCN-F1 (1), Human (1), OC (1), OPN (1), OSTEOCALCIN (1), Osc (1), RUNX2 (1), Targeted (1)","Osteocalcin (7), GAPDH (2), BGLAP (1), Col-1 (1), Gene (1), Glyceraldehyde-3 (1), OC (1), OC-R (1)",0.004,0.001,75,36,"PMC10013803, PMC10552899, PMC10858363, PMC10876469, PMC11260442, PMC11518823, PMC11578294, PMC11591890, PMC11839199, PMC12012476, PMC3136101, PMC3498354, PMC3747243, PMC3822933, PMC3849435, PMC3907683, PMC3914586, PMC4050034, PMC4055119, PMC4081551, PMC4176465, PMC4190506, PMC4227163, PMC4445270, PMC4532446, PMC4676112, PMC5059612, PMC5337366, PMC5472602, PMC5551016, PMC5589808, PMC5778688, PMC5832166, PMC5863805, PMC5941664, PMC6073779, PMC6095197, PMC6263063, PMC6272066, PMC6300315, PMC6321548, PMC6322134, PMC6413038, PMC6416549, PMC6428815, PMC6477001, PMC6612066, PMC7091544, PMC7201838, PMC7233620, PMC7327054, PMC7736623, PMC7751477, PMC7784504, PMC7785908, PMC7792045, PMC7922582, PMC8048284, PMC8063876, PMC8178267, PMC8236553, PMC8398302, PMC8488211, PMC8629650, PMC8665165, PMC8704413, PMC8717537, PMC9059734, PMC9406723, PMC9641921, PMC9949900","PMC10621931, PMC1079906, PMC11986050, PMC1794501, PMC2575631, PMC2950392, PMC3252365, PMC3353470, PMC3365132, PMC3430211, PMC3580562, PMC3613821, PMC3903490, PMC4055077, PMC4247692, PMC4369894, PMC4450897, PMC4516509, PMC4538412, PMC4729148, PMC4730281, PMC5055347, PMC5460492, PMC5531028, PMC5552222, PMC5615990, PMC5647033, PMC5811493, PMC5895002, PMC6058739, PMC6579983, PMC6720366, PMC7086144, PMC9147460",61.19,66.41,55.0,66.7,1247,539,71,34,608,802,627,822,forward,reverse_complement,4,4,2,"PMC10552899,PMC10858363,PMC11518823,PMC11578294,PMC11591890,PMC11839199,PMC3136101,PMC3822933,PMC3849435,PMC3907683,PMC3914586,PMC4055119,PMC4081551,PMC4176465,PMC4190506,PMC4227163,PMC4676112,PMC5863805,PMC5941664,PMC6073779,PMC6095197,PMC6263063,PMC6272066,PMC6300315,PMC6321548,PMC6413038,PMC6477001,PMC7091544,PMC7201838,PMC7736623,PMC7751477,PMC7785908,PMC7922582,PMC8048284,PMC8063876,PMC8178267,PMC8398302,PMC8629650,PMC8704413,PMC8717537,PMC9059734,PMC9406723,PMC9949900","PMC10013803,PMC10876469,PMC11260442,PMC12012476,PMC3498354,PMC3747243,PMC4050034,PMC4445270,PMC4532446,PMC5059612,PMC5337366,PMC5472602,PMC5551016,PMC5589808,PMC5778688,PMC5832166,PMC6322134,PMC6416549,PMC6428815,PMC6612066,PMC7233620,PMC7327054,PMC7784504,PMC7792045,PMC8236553,PMC8488211,PMC8665165,PMC9641921","PMC10621931,PMC1079906,PMC11986050,PMC1794501,PMC2575631,PMC2950392,PMC3252365,PMC3353470,PMC3365132,PMC3430211,PMC3580562,PMC3613821,PMC3903490,PMC4055077,PMC4247692,PMC4369894,PMC4450897,PMC4516509,PMC4538412,PMC4729148,PMC4730281,PMC5055347,PMC5460492,PMC5531028,PMC5552222,PMC5615990,PMC5647033,PMC5811493,PMC5895002,PMC6058739,PMC6579983,PMC6720366,PMC7086144,PMC9147460",,0,43,34,28,0,0.712544466259668,0.7114583333333335,0.0,56.97097331298341,
GTGCAGAGTCCAGCAAAGGT,CCAGCCATTGATACAGGTAGCG,PMF1-BGLAP,PMF1-BGLAP,"OCN (18), Osteocalcin (6), BGLAP (5), Gene (3), Homo (3), Runx2 (3), Direction (2), AL135927 (1), CAAAGGT (1), Col2 (1), CxCr4 (1), For (1), GTGCAGA (1), H-OCN-F1 (1), Human (1), OC (1), OPN (1), OSTEOCALCIN (1), Osc (1), RUNX2 (1), Targeted (1)","OCN (8), BGLAP (5), Osteocalcin (4), A-3 (1), BGLAP-F (1), Bglap (1), Human (1), NM_199173 (1), Oct (1), Osteocalin-Forward (1), hOCN-F (1)",0.004,0.000345,75,33,"PMC10013803, PMC10552899, PMC10858363, PMC10876469, PMC11260442, PMC11518823, PMC11578294, PMC11591890, PMC11839199, PMC12012476, PMC3136101, PMC3498354, PMC3747243, PMC3822933, PMC3849435, PMC3907683, PMC3914586, PMC4050034, PMC4055119, PMC4081551, PMC4176465, PMC4190506, PMC4227163, PMC4445270, PMC4532446, PMC4676112, PMC5059612, PMC5337366, PMC5472602, PMC5551016, PMC5589808, PMC5778688, PMC5832166, PMC5863805, PMC5941664, PMC6073779, PMC6095197, PMC6263063, PMC6272066, PMC6300315, PMC6321548, PMC6322134, PMC6413038, PMC6416549, PMC6428815, PMC6477001, PMC6612066, PMC7091544, PMC7201838, PMC7233620, PMC7327054, PMC7736623, PMC7751477, PMC7784504, PMC7785908, PMC7792045, PMC7922582, PMC8048284, PMC8063876, PMC8178267, PMC8236553, PMC8398302, PMC8488211, PMC8629650, PMC8665165, PMC8704413, PMC8717537, PMC9059734, PMC9406723, PMC9641921, PMC9949900","PMC10222618, PMC10387216, PMC10407617, PMC10454939, PMC10779481, PMC10809007, PMC10903013, PMC11118509, PMC11129143, PMC11197745, PMC11330066, PMC11361852, PMC11439940, PMC11561506, PMC11744864, PMC11755084, PMC11817755, PMC11867901, PMC12085028, PMC3788782, PMC6151224, PMC7300400, PMC7504673, PMC7746460, PMC7817818, PMC7885459, PMC7893692, PMC8411547, PMC8806437, PMC8963903, PMC9358836, PMC9750767, PMC9953662",61.19,61.78,55.0,54.5,1247,158,71,33,608,679,627,700,forward,reverse_complement,4,3,3,"PMC10552899,PMC10858363,PMC11518823,PMC11578294,PMC11591890,PMC11839199,PMC3136101,PMC3822933,PMC3849435,PMC3907683,PMC3914586,PMC4055119,PMC4081551,PMC4176465,PMC4190506,PMC4227163,PMC4676112,PMC5863805,PMC5941664,PMC6073779,PMC6095197,PMC6263063,PMC6272066,PMC6300315,PMC6321548,PMC6413038,PMC6477001,PMC7091544,PMC7201838,PMC7736623,PMC7751477,PMC7785908,PMC7922582,PMC8048284,PMC8063876,PMC8178267,PMC8398302,PMC8629650,PMC8704413,PMC8717537,PMC9059734,PMC9406723,PMC9949900","PMC10013803,PMC10876469,PMC11260442,PMC12012476,PMC3498354,PMC3747243,PMC4050034,PMC4445270,PMC4532446,PMC5059612,PMC5337366,PMC5472602,PMC5551016,PMC5589808,PMC5778688,PMC5832166,PMC6322134,PMC6416549,PMC6428815,PMC6612066,PMC7233620,PMC7327054,PMC7784504,PMC7792045,PMC8236553,PMC8488211,PMC8665165,PMC9641921",,"PMC10222618,PMC10387216,PMC10407617,PMC10454939,PMC10779481,PMC10809007,PMC10903013,PMC11118509,PMC11129143,PMC11197745,PMC11330066,PMC11361852,PMC11439940,PMC11561506,PMC11744864,PMC11755084,PMC11817755,PMC11867901,PMC12085028,PMC3788782,PMC6151224,PMC7300400,PMC7504673,PMC7746460,PMC7817818,PMC7885459,PMC7893692,PMC8411547,PMC8806437,PMC8963903,PMC9358836,PMC9750767,PMC9953662",0,43,0,28,33,0.5187863625350779,0.8905555555555558,0.8033333333333322,68.72265146008722,
GTGCAGAGTCCAGCAAAGGT,CACTACCTCGCTGCCCTCC,PMF1-BGLAP,PMF1-BGLAP,"OCN (18), Osteocalcin (6), BGLAP (5), Gene (3), Homo (3), Runx2 (3), Direction (2), AL135927 (1), CAAAGGT (1), Col2 (1), CxCr4 (1), For (1), GTGCAGA (1), H-OCN-F1 (1), Human (1), OC (1), OPN (1), OSTEOCALCIN (1), Osc (1), RUNX2 (1), Targeted (1)","Osteocalcin (7), BGLAP (4), Gene (2), BGLAP/PB-OST (1), Bglap (1), COL1A1 (1), GENE/NCBI (1), IBSP (1), NM_199173.6 (1), OCN (1), OCN-R (1), OSX (1), Wnt3a (1)",0.004,0.011,75,35,"PMC10013803, PMC10552899, PMC10858363, PMC10876469, PMC11260442, PMC11518823, PMC11578294, PMC11591890, PMC11839199, PMC12012476, PMC3136101, PMC3498354, PMC3747243, PMC3822933, PMC3849435, PMC3907683, PMC3914586, PMC4050034, PMC4055119, PMC4081551, PMC4176465, PMC4190506, PMC4227163, PMC4445270, PMC4532446, PMC4676112, PMC5059612, PMC5337366, PMC5472602, PMC5551016, PMC5589808, PMC5778688, PMC5832166, PMC5863805, PMC5941664, PMC6073779, PMC6095197, PMC6263063, PMC6272066, PMC6300315, PMC6321548, PMC6322134, PMC6413038, PMC6416549, PMC6428815, PMC6477001, PMC6612066, PMC7091544, PMC7201838, PMC7233620, PMC7327054, PMC7736623, PMC7751477, PMC7784504, PMC7785908, PMC7792045, PMC7922582, PMC8048284, PMC8063876, PMC8178267, PMC8236553, PMC8398302, PMC8488211, PMC8629650, PMC8665165, PMC8704413, PMC8717537, PMC9059734, PMC9406723, PMC9641921, PMC9949900","PMC10039520, PMC10413082, PMC10905591, PMC11057131, PMC1808058, PMC2936347, PMC3111432, PMC3488317, PMC3594746, PMC3598946, PMC3965505, PMC4076233, PMC4447443, PMC4550660, PMC4682290, PMC4917651, PMC5293776, PMC5364878, PMC545655, PMC5609535, PMC6481719, PMC6682326, PMC7239921, PMC7389809, PMC7666130, PMC7947597, PMC8120848, PMC8290398, PMC8426510, PMC8756236, PMC8882829, PMC9130678, PMC9911595",61.19,62.73,55.0,68.4,1247,443,71,33,608,648,627,666,forward,reverse_complement,4,2,4,"PMC10552899,PMC10858363,PMC11518823,PMC11578294,PMC11591890,PMC11839199,PMC3136101,PMC3822933,PMC3849435,PMC3907683,PMC3914586,PMC4055119,PMC4081551,PMC4176465,PMC4190506,PMC4227163,PMC4676112,PMC5863805,PMC5941664,PMC6073779,PMC6095197,PMC6263063,PMC6272066,PMC6300315,PMC6321548,PMC6413038,PMC6477001,PMC7091544,PMC7201838,PMC7736623,PMC7751477,PMC7785908,PMC7922582,PMC8048284,PMC8063876,PMC8178267,PMC8398302,PMC8629650,PMC8704413,PMC8717537,PMC9059734,PMC9406723,PMC9949900","PMC10013803,PMC10876469,PMC11260442,PMC12012476,PMC3498354,PMC3747243,PMC4050034,PMC4445270,PMC4532446,PMC5059612,PMC5337366,PMC5472602,PMC5551016,PMC5589808,PMC5778688,PMC5832166,PMC6322134,PMC6416549,PMC6428815,PMC6612066,PMC7233620,PMC7327054,PMC7784504,PMC7792045,PMC8236553,PMC8488211,PMC8665165,PMC9641921","PMC10039520,PMC10413082,PMC10905591,PMC11057131,PMC1808058,PMC2936347,PMC3111432,PMC3488317,PMC3594746,PMC3598946,PMC3965505,PMC4076233,PMC4447443,PMC4550660,PMC4682290,PMC4917651,PMC5293776,PMC5364878,PMC545655,PMC5609535,PMC6481719,PMC6682326,PMC7239921,PMC7389809,PMC7666130,PMC7947597,PMC8120848,PMC8290398,PMC8426510,PMC8756236,PMC8882829,PMC9130678,PMC9911595",,0,43,33,28,0,0.7098084881625641,0.7436111111111114,0.4866666666666669,67.53209107479489,
GTGCAGAGTCCAGCAAAGGT,CTCCTGAAAGCCGATGTGGTCA,PMF1-BGLAP,PMF1-BGLAP,"OCN (18), Osteocalcin (6), BGLAP (5), Gene (3), Homo (3), Runx2 (3), Direction (2), AL135927 (1), CAAAGGT (1), Col2 (1), CxCr4 (1), For (1), GTGCAGA (1), H-OCN-F1 (1), Human (1), OC (1), OPN (1), OSTEOCALCIN (1), Osc (1), RUNX2 (1), Targeted (1)","BGLAP (4), Osteocalcin (3), Direction (2), ALPL (1), BGLAP-R (1), Bglap (1), Bglap2 (1), DSPP (1), Gene (1), OC (1), OCN (1), Osteocalin-Reverse (1), VEGF (1), hOCN-R (1)",0.004,0.000345,75,32,"PMC10013803, PMC10552899, PMC10858363, PMC10876469, PMC11260442, PMC11518823, PMC11578294, PMC11591890, PMC11839199, PMC12012476, PMC3136101, PMC3498354, PMC3747243, PMC3822933, PMC3849435, PMC3907683, PMC3914586, PMC4050034, PMC4055119, PMC4081551, PMC4176465, PMC4190506, PMC4227163, PMC4445270, PMC4532446, PMC4676112, PMC5059612, PMC5337366, PMC5472602, PMC5551016, PMC5589808, PMC5778688, PMC5832166, PMC5863805, PMC5941664, PMC6073779, PMC6095197, PMC6263063, PMC6272066, PMC6300315, PMC6321548, PMC6322134, PMC6413038, PMC6416549, PMC6428815, PMC6477001, PMC6612066, PMC7091544, PMC7201838, PMC7233620, PMC7327054, PMC7736623, PMC7751477, PMC7784504, PMC7785908, PMC7792045, PMC7922582, PMC8048284, PMC8063876, PMC8178267, PMC8236553, PMC8398302, PMC8488211, PMC8629650, PMC8665165, PMC8704413, PMC8717537, PMC9059734, PMC9406723, PMC9641921, PMC9949900","PMC10222618, PMC10387216, PMC10407617, PMC10454939, PMC10779481, PMC10809007, PMC10903013, PMC11118509, PMC11129143, PMC11197745, PMC11330066, PMC11361852, PMC11439940, PMC11561506, PMC11744864, PMC11755084, PMC11817755, PMC11867901, PMC12085028, PMC3788782, PMC6151224, PMC7300400, PMC7407412, PMC7504673, PMC7746460, PMC7817818, PMC7885459, PMC8411547, PMC8963903, PMC9617701, PMC9750767, PMC9953662",61.19,63.23,55.0,54.5,1247,137,71,32,608,780,627,801,forward,reverse_complement,4,3,3,"PMC10552899,PMC10858363,PMC11518823,PMC11578294,PMC11591890,PMC11839199,PMC3136101,PMC3822933,PMC3849435,PMC3907683,PMC3914586,PMC4055119,PMC4081551,PMC4176465,PMC4190506,PMC4227163,PMC4676112,PMC5863805,PMC5941664,PMC6073779,PMC6095197,PMC6263063,PMC6272066,PMC6300315,PMC6321548,PMC6413038,PMC6477001,PMC7091544,PMC7201838,PMC7736623,PMC7751477,PMC7785908,PMC7922582,PMC8048284,PMC8063876,PMC8178267,PMC8398302,PMC8629650,PMC8704413,PMC8717537,PMC9059734,PMC9406723,PMC9949900","PMC10013803,PMC10876469,PMC11260442,PMC12012476,PMC3498354,PMC3747243,PMC4050034,PMC4445270,PMC4532446,PMC5059612,PMC5337366,PMC5472602,PMC5551016,PMC5589808,PMC5778688,PMC5832166,PMC6322134,PMC6416549,PMC6428815,PMC6612066,PMC7233620,PMC7327054,PMC7784504,PMC7792045,PMC8236553,PMC8488211,PMC8665165,PMC9641921","PMC10222618,PMC10387216,PMC10407617,PMC10454939,PMC10779481,PMC10809007,PMC10903013,PMC11118509,PMC11129143,PMC11197745,PMC11330066,PMC11361852,PMC11439940,PMC11561506,PMC11744864,PMC11755084,PMC11817755,PMC11867901,PMC12085028,PMC3788782,PMC6151224,PMC7300400,PMC7407412,PMC7504673,PMC7746460,PMC7817818,PMC7885459,PMC8411547,PMC8963903,PMC9617701,PMC9750767,PMC9953662",,0,43,32,28,0,0.7069908271219483,0.8100000000000004,0.3200000000000003,66.04954135609744,
GTGCAGAGTCCAGCAAAGGT,TCAGCCAACTCGTCACAGTC,PMF1-BGLAP,PMF1-BGLAP,"OCN (18), Osteocalcin (6), BGLAP (5), Gene (3), Homo (3), Runx2 (3), Direction (2), AL135927 (1), CAAAGGT (1), Col2 (1), CxCr4 (1), For (1), GTGCAGA (1), H-OCN-F1 (1), Human (1), OC (1), OPN (1), OSTEOCALCIN (1), Osc (1), RUNX2 (1), Targeted (1)","BGLAP (18), Osteocalcin (18), OCN (13), Gene (7), Human (3), human (3), GAPDH (2), NM_199173.5 (2), The (2), ALP (1), BGLAP-R (1), Bone (1), CAGTC (1), CxCr4 (1), Direction (1), FGF23 (1), Genes (1), H-OCN-R1 (1), MasterMix (1), NM_199173 (1), NM_199173.3 (1), OC (1), OC-R (1), OCN- (1), OCN-F (1), OSTEOCALCIN (1), OTC (1), Osteocalcin-R (1), Osteogenesis (1), TGF- (1), hum_OCN_5/3 (1)",0.004,0.004,75,141,"PMC10013803, PMC10552899, PMC10858363, PMC10876469, PMC11260442, PMC11518823, PMC11578294, PMC11591890, PMC11839199, PMC12012476, PMC3136101, PMC3498354, PMC3747243, PMC3822933, PMC3849435, PMC3907683, PMC3914586, PMC4050034, PMC4055119, PMC4081551, PMC4176465, PMC4190506, PMC4227163, PMC4445270, PMC4532446, PMC4676112, PMC5059612, PMC5337366, PMC5472602, PMC5551016, PMC5589808, PMC5778688, PMC5832166, PMC5863805, PMC5941664, PMC6073779, PMC6095197, PMC6263063, PMC6272066, PMC6300315, PMC6321548, PMC6322134, PMC6413038, PMC6416549, PMC6428815, PMC6477001, PMC6612066, PMC7091544, PMC7201838, PMC7233620, PMC7327054, PMC7736623, PMC7751477, PMC7784504, PMC7785908, PMC7792045, PMC7922582, PMC8048284, PMC8063876, PMC8178267, PMC8236553, PMC8398302, PMC8488211, PMC8629650, PMC8665165, PMC8704413, PMC8717537, PMC9059734, PMC9406723, PMC9641921, PMC9949900","PMC10034518, PMC10379034, PMC10406694, PMC10552899, PMC10618393, PMC10743052, PMC10858363, PMC10878834, PMC10889793, PMC10976750, PMC11122527, PMC11259626, PMC11269795, PMC11499919, PMC11559138, PMC11562309, PMC11578294, PMC11591890, PMC11595442, PMC11762233, PMC11794764, PMC11839199, PMC11918522, PMC12072047, PMC12080316, PMC12091229, PMC12107957, PMC2646266, PMC3136101, PMC3170288, PMC3446456, PMC3471036, PMC3706764, PMC3799771, PMC3805512, PMC3849435, PMC3907683, PMC3914586, PMC4055119, PMC4077650, PMC4081551, PMC4087006, PMC4178031, PMC4201491, PMC4227163, PMC4298333, PMC4404686, PMC4416238, PMC4451686, PMC4500612, PMC4539932, PMC4559195, PMC4562352, PMC4674106, PMC4676112, PMC4707328, PMC4813262, PMC4880889, PMC4899037, PMC4932130, PMC5072612, PMC5099844, PMC5164905, PMC5322661, PMC5358692, PMC5360390, PMC5493527, PMC5551777, PMC5552848, PMC5573935, PMC5658998, PMC5667471, PMC5690675, PMC5733904, PMC5746324, PMC5895940, PMC5997644, PMC6008747, PMC6073779, PMC6092836, PMC6095197, PMC6163325, PMC6172397, PMC6263063, PMC6323209, PMC6371545, PMC6434481, PMC6494860, PMC6538993, PMC6594112, PMC6743420, PMC6918167, PMC7191235, PMC7266346, PMC7315279, PMC7334395, PMC7352200, PMC7378902, PMC7545469, PMC7555878, PMC7564340, PMC7653780, PMC7691854, PMC7736623, PMC7751477, PMC7848378, PMC7897289, PMC8027176, PMC8063876, PMC8257615, PMC8353646, PMC8395443, PMC8399135, PMC8508916, PMC8520689, PMC8525028, PMC8554986, PMC8717537, PMC8758693, PMC8805820, PMC8868595, PMC8897656, PMC8949995, PMC8998418, PMC9097555, PMC9161927, PMC9406723, PMC9663507, PMC9778583, PMC9796874, PMC9857206, PMC9869574, PMC9934467, PMC9949900, PMC9963438, PMC9964429, PMC9993741",61.19,60.61,55.0,55.0,1247,2507,71,137,608,763,627,782,forward,reverse_complement,4,3,4,"PMC10552899,PMC10858363,PMC11518823,PMC11578294,PMC11591890,PMC11839199,PMC3136101,PMC3822933,PMC3849435,PMC3907683,PMC3914586,PMC4055119,PMC4081551,PMC4176465,PMC4190506,PMC4227163,PMC4676112,PMC5863805,PMC5941664,PMC6073779,PMC6095197,PMC6263063,PMC6272066,PMC6300315,PMC6321548,PMC6413038,PMC6477001,PMC7091544,PMC7201838,PMC7736623,PMC7751477,PMC7785908,PMC7922582,PMC8048284,PMC8063876,PMC8178267,PMC8398302,PMC8629650,PMC8704413,PMC8717537,PMC9059734,PMC9406723,PMC9949900","PMC10013803,PMC10876469,PMC11260442,PMC12012476,PMC3498354,PMC3747243,PMC4050034,PMC4445270,PMC4532446,PMC5059612,PMC5337366,PMC5472602,PMC5551016,PMC5589808,PMC5778688,PMC5832166,PMC6322134,PMC6416549,PMC6428815,PMC6612066,PMC7233620,PMC7327054,PMC7784504,PMC7792045,PMC8236553,PMC8488211,PMC8665165,PMC9641921","PMC10034518,PMC10379034,PMC10552899,PMC10618393,PMC10858363,PMC10878834,PMC10889793,PMC10976750,PMC11122527,PMC11259626,PMC11269795,PMC11559138,PMC11578294,PMC11591890,PMC11595442,PMC11762233,PMC11794764,PMC11839199,PMC11918522,PMC12080316,PMC12091229,PMC2646266,PMC3136101,PMC3446456,PMC3799771,PMC3805512,PMC3849435,PMC3907683,PMC3914586,PMC4055119,PMC4077650,PMC4081551,PMC4087006,PMC4178031,PMC4201491,PMC4227163,PMC4298333,PMC4404686,PMC4539932,PMC4562352,PMC4674106,PMC4676112,PMC4707328,PMC4880889,PMC4899037,PMC4932130,PMC5072612,PMC5099844,PMC5164905,PMC5322661,PMC5358692,PMC5360390,PMC5493527,PMC5551777,PMC5573935,PMC5658998,PMC5690675,PMC5733904,PMC5746324,PMC5895940,PMC5997644,PMC6073779,PMC6092836,PMC6095197,PMC6172397,PMC6263063,PMC6323209,PMC6371545,PMC6434481,PMC6743420,PMC7191235,PMC7266346,PMC7315279,PMC7378902,PMC7555878,PMC7564340,PMC7653780,PMC7736623,PMC7751477,PMC7897289,PMC8027176,PMC8063876,PMC8257615,PMC8353646,PMC8395443,PMC8399135,PMC8508916,PMC8520689,PMC8525028,PMC8554986,PMC8717537,PMC8758693,PMC8805820,PMC8868595,PMC8949995,PMC9097555,PMC9161927,PMC9406723,PMC9663507,PMC9778583,PMC9796874,PMC9857206,PMC9869574,PMC9949900,PMC9963438,PMC9964429,PMC9993741","PMC10406694,PMC10743052,PMC11499919,PMC11562309,PMC12072047,PMC12107957,PMC3170288,PMC3471036,PMC3706764,PMC4416238,PMC4451686,PMC4500612,PMC4559195,PMC4813262,PMC5552848,PMC5667471,PMC6008747,PMC6163325,PMC6494860,PMC6538993,PMC6594112,PMC6918167,PMC7334395,PMC7352200,PMC7545469,PMC7691854,PMC7848378,PMC8897656,PMC8998418,PMC9934467",22,43,107,28,30,1.0,0.9555555555555557,0.8066666666666672,94.80000000000001,"PMC10552899,PMC10858363,PMC11578294,PMC11591890,PMC11839199,PMC3136101,PMC3849435,PMC3907683,PMC3914586,PMC4055119,PMC4081551,PMC4227163,PMC4676112,PMC6073779,PMC6095197,PMC6263063,PMC7736623,PMC7751477,PMC8063876,PMC8717537,PMC9406723,PMC9949900"
GTGCAGAGTCCAGCAAAGGT,GGTCAGCCAACTCGTCACAGTC,PMF1-BGLAP,PMF1-BGLAP,"OCN (18), Osteocalcin (6), BGLAP (5), Gene (3), Homo (3), Runx2 (3), Direction (2), AL135927 (1), CAAAGGT (1), Col2 (1), CxCr4 (1), For (1), GTGCAGA (1), H-OCN-F1 (1), Human (1), OC (1), OPN (1), OSTEOCALCIN (1), Osc (1), RUNX2 (1), Targeted (1)","OCN (9), BGLAP (2), 50 (1), Actin (1), Antibodies (1), COL (1), COLI (1), Fn1 (1), G6PDH (1), Gene (1), NM000711 (1), Osteocalcin (1), RUNX2 (1), Runx2 (1), TCF-4 (1), h-OCN-R (1), h-Ocn (1), h-Ocn-R (1)",0.004,0.000345,75,54,"PMC10013803, PMC10552899, PMC10858363, PMC10876469, PMC11260442, PMC11518823, PMC11578294, PMC11591890, PMC11839199, PMC12012476, PMC3136101, PMC3498354, PMC3747243, PMC3822933, PMC3849435, PMC3907683, PMC3914586, PMC4050034, PMC4055119, PMC4081551, PMC4176465, PMC4190506, PMC4227163, PMC4445270, PMC4532446, PMC4676112, PMC5059612, PMC5337366, PMC5472602, PMC5551016, PMC5589808, PMC5778688, PMC5832166, PMC5863805, PMC5941664, PMC6073779, PMC6095197, PMC6263063, PMC6272066, PMC6300315, PMC6321548, PMC6322134, PMC6413038, PMC6416549, PMC6428815, PMC6477001, PMC6612066, PMC7091544, PMC7201838, PMC7233620, PMC7327054, PMC7736623, PMC7751477, PMC7784504, PMC7785908, PMC7792045, PMC7922582, PMC8048284, PMC8063876, PMC8178267, PMC8236553, PMC8398302, PMC8488211, PMC8629650, PMC8665165, PMC8704413, PMC8717537, PMC9059734, PMC9406723, PMC9641921, PMC9949900","PMC10002049, PMC10154459, PMC10282952, PMC10294445, PMC10337197, PMC10813297, PMC10878154, PMC11010622, PMC11067224, PMC11471398, PMC11476683, PMC11797752, PMC12097015, PMC12098891, PMC3869757, PMC4012947, PMC4200022, PMC4264207, PMC4270765, PMC4464659, PMC4630184, PMC4914939, PMC5109898, PMC5268458, PMC5439454, PMC5653327, PMC5695137, PMC5762292, PMC5780180, PMC5835706, PMC5852880, PMC6072152, PMC6097469, PMC6325129, PMC6722737, PMC6818209, PMC6896396, PMC6921428, PMC7028870, PMC7073499, PMC7102919, PMC7395790, PMC7581448, PMC7946453, PMC8051722, PMC8076131, PMC8961311, PMC8973756, PMC9117959, PMC9276041, PMC9284897, PMC9346378, PMC9571456",61.19,63.99,55.0,59.1,1247,698,71,53,608,763,627,784,forward,reverse_complement,4,3,4,"PMC10552899,PMC10858363,PMC11518823,PMC11578294,PMC11591890,PMC11839199,PMC3136101,PMC3822933,PMC3849435,PMC3907683,PMC3914586,PMC4055119,PMC4081551,PMC4176465,PMC4190506,PMC4227163,PMC4676112,PMC5863805,PMC5941664,PMC6073779,PMC6095197,PMC6263063,PMC6272066,PMC6300315,PMC6321548,PMC6413038,PMC6477001,PMC7091544,PMC7201838,PMC7736623,PMC7751477,PMC7785908,PMC7922582,PMC8048284,PMC8063876,PMC8178267,PMC8398302,PMC8629650,PMC8704413,PMC8717537,PMC9059734,PMC9406723,PMC9949900","PMC10013803,PMC10876469,PMC11260442,PMC12012476,PMC3498354,PMC3747243,PMC4050034,PMC4445270,PMC4532446,PMC5059612,PMC5337366,PMC5472602,PMC5551016,PMC5589808,PMC5778688,PMC5832166,PMC6322134,PMC6416549,PMC6428815,PMC6612066,PMC7233620,PMC7327054,PMC7784504,PMC7792045,PMC8236553,PMC8488211,PMC8665165,PMC9641921","PMC10002049,PMC10154459,PMC10282952,PMC10294445,PMC10337197,PMC10813297,PMC10878154,PMC11010622,PMC11067224,PMC11471398,PMC11476683,PMC11797752,PMC12097015,PMC12098891,PMC3869757,PMC4012947,PMC4200022,PMC4264207,PMC4270765,PMC4464659,PMC4630184,PMC4914939,PMC5109898,PMC5268458,PMC5439454,PMC5653327,PMC5695137,PMC5762292,PMC5780180,PMC5835706,PMC5852880,PMC6072152,PMC6097469,PMC6325129,PMC6722737,PMC6818209,PMC6896396,PMC6921428,PMC7028870,PMC7073499,PMC7102919,PMC7395790,PMC7581448,PMC7946453,PMC8051722,PMC8076131,PMC8961311,PMC8973756,PMC9117959,PMC9276041,PMC9284897,PMC9346378,PMC9571456",,0,43,53,28,0,0.7534730405800218,0.7533333333333335,0.06666666666666521,61.60698536233441,
GTGCAGAGTCCAGCAAAGGT,TTGATACAGGTAGCGCCTGGG,PMF1-BGLAP,PMF1-BGLAP,"OCN (18), Osteocalcin (6), BGLAP (5), Gene (3), Homo (3), Runx2 (3), Direction (2), AL135927 (1), CAAAGGT (1), Col2 (1), CxCr4 (1), For (1), GTGCAGA (1), H-OCN-F1 (1), Human (1), OC (1), OPN (1), OSTEOCALCIN (1), Osc (1), RUNX2 (1), Targeted (1)","OCN (23), Osteocalcin (3), 632 (1), Antibodies (1), BGLAP (1), COLI (1), Fn1 (1), NM000711 (1), OC (1), h-OCN-F (1), h-Ocn (1), h-Ocn-F (1)",0.004,0.001,75,40,"PMC10013803, PMC10552899, PMC10858363, PMC10876469, PMC11260442, PMC11518823, PMC11578294, PMC11591890, PMC11839199, PMC12012476, PMC3136101, PMC3498354, PMC3747243, PMC3822933, PMC3849435, PMC3907683, PMC3914586, PMC4050034, PMC4055119, PMC4081551, PMC4176465, PMC4190506, PMC4227163, PMC4445270, PMC4532446, PMC4676112, PMC5059612, PMC5337366, PMC5472602, PMC5551016, PMC5589808, PMC5778688, PMC5832166, PMC5863805, PMC5941664, PMC6073779, PMC6095197, PMC6263063, PMC6272066, PMC6300315, PMC6321548, PMC6322134, PMC6413038, PMC6416549, PMC6428815, PMC6477001, PMC6612066, PMC7091544, PMC7201838, PMC7233620, PMC7327054, PMC7736623, PMC7751477, PMC7784504, PMC7785908, PMC7792045, PMC7922582, PMC8048284, PMC8063876, PMC8178267, PMC8236553, PMC8398302, PMC8488211, PMC8629650, PMC8665165, PMC8704413, PMC8717537, PMC9059734, PMC9406723, PMC9641921, PMC9949900","PMC10154459, PMC10282952, PMC10337197, PMC10878154, PMC11471398, PMC11797752, PMC12097015, PMC12098891, PMC3692432, PMC3869757, PMC4200022, PMC4264207, PMC4464659, PMC4630184, PMC4793227, PMC4914939, PMC5109898, PMC5213995, PMC5268458, PMC5439454, PMC5653327, PMC5762292, PMC5780180, PMC5809428, PMC5852880, PMC6072152, PMC6267832, PMC6325129, PMC6896396, PMC7028870, PMC7073499, PMC7102919, PMC7395790, PMC7581448, PMC7946453, PMC8961311, PMC8973756, PMC9117959, PMC9284897, PMC9346378",61.19,62.58,55.0,57.1,1247,538,71,40,608,673,627,693,forward,reverse_complement,4,4,4,"PMC10552899,PMC10858363,PMC11518823,PMC11578294,PMC11591890,PMC11839199,PMC3136101,PMC3822933,PMC3849435,PMC3907683,PMC3914586,PMC4055119,PMC4081551,PMC4176465,PMC4190506,PMC4227163,PMC4676112,PMC5863805,PMC5941664,PMC6073779,PMC6095197,PMC6263063,PMC6272066,PMC6300315,PMC6321548,PMC6413038,PMC6477001,PMC7091544,PMC7201838,PMC7736623,PMC7751477,PMC7785908,PMC7922582,PMC8048284,PMC8063876,PMC8178267,PMC8398302,PMC8629650,PMC8704413,PMC8717537,PMC9059734,PMC9406723,PMC9949900","PMC10013803,PMC10876469,PMC11260442,PMC12012476,PMC3498354,PMC3747243,PMC4050034,PMC4445270,PMC4532446,PMC5059612,PMC5337366,PMC5472602,PMC5551016,PMC5589808,PMC5778688,PMC5832166,PMC6322134,PMC6416549,PMC6428815,PMC6612066,PMC7233620,PMC7327054,PMC7784504,PMC7792045,PMC8236553,PMC8488211,PMC8665165,PMC9641921",,"PMC10154459,PMC10282952,PMC10337197,PMC10878154,PMC11471398,PMC11797752,PMC12097015,PMC12098891,PMC3692432,PMC3869757,PMC4200022,PMC4264207,PMC4464659,PMC4630184,PMC4793227,PMC4914939,PMC5109898,PMC5213995,PMC5268458,PMC5439454,PMC5653327,PMC5762292,PMC5780180,PMC5809428,PMC5852880,PMC6072152,PMC6267832,PMC6325129,PMC6896396,PMC7028870,PMC7073499,PMC7102919,PMC7395790,PMC7581448,PMC7946453,PMC8961311,PMC8973756,PMC9117959,PMC9284897,PMC9346378",0,43,0,28,40,0.5263150501760512,0.8044444444444447,0.5366666666666664,61.18241917546923,
GTGCAGAGTCCAGCAAAGGT,CTGGAGAGGAGCAGAACTGG,PMF1-BGLAP,PMF1-BGLAP,"OCN (18), Osteocalcin (6), BGLAP (5), Gene (3), Homo (3), Runx2 (3), Direction (2), AL135927 (1), CAAAGGT (1), Col2 (1), CxCr4 (1), For (1), GTGCAGA (1), H-OCN-F1 (1), Human (1), OC (1), OPN (1), OSTEOCALCIN (1), Osc (1), RUNX2 (1), Targeted (1)","Gene (3), OCN (3), BGLAP (2), Human (2), Osteocalcin (2), GAPDH (1), OCN--R (1), OCN-R (1), OTC (1), Primers (1), Shengong (1)",0.004,0.004,75,34,"PMC10013803, PMC10552899, PMC10858363, PMC10876469, PMC11260442, PMC11518823, PMC11578294, PMC11591890, PMC11839199, PMC12012476, PMC3136101, PMC3498354, PMC3747243, PMC3822933, PMC3849435, PMC3907683, PMC3914586, PMC4050034, PMC4055119, PMC4081551, PMC4176465, PMC4190506, PMC4227163, PMC4445270, PMC4532446, PMC4676112, PMC5059612, PMC5337366, PMC5472602, PMC5551016, PMC5589808, PMC5778688, PMC5832166, PMC5863805, PMC5941664, PMC6073779, PMC6095197, PMC6263063, PMC6272066, PMC6300315, PMC6321548, PMC6322134, PMC6413038, PMC6416549, PMC6428815, PMC6477001, PMC6612066, PMC7091544, PMC7201838, PMC7233620, PMC7327054, PMC7736623, PMC7751477, PMC7784504, PMC7785908, PMC7792045, PMC7922582, PMC8048284, PMC8063876, PMC8178267, PMC8236553, PMC8398302, PMC8488211, PMC8629650, PMC8665165, PMC8704413, PMC8717537, PMC9059734, PMC9406723, PMC9641921, PMC9949900","PMC10658208, PMC11499919, PMC11562309, PMC11706895, PMC12013848, PMC12107957, PMC3170288, PMC3215189, PMC3692432, PMC3722850, PMC3854245, PMC4135228, PMC4190335, PMC4497709, PMC4500612, PMC4559195, PMC4813262, PMC5018325, PMC5151109, PMC5213995, PMC5214565, PMC5552848, PMC5769534, PMC6008747, PMC6163325, PMC6494860, PMC6594112, PMC6868153, PMC6990577, PMC7334395, PMC7545469, PMC7673024, PMC8262658, PMC9882893",61.19,60.12,55.0,60.0,1247,671,71,34,608,862,627,881,forward,reverse_complement,4,3,5,"PMC10552899,PMC10858363,PMC11518823,PMC11578294,PMC11591890,PMC11839199,PMC3136101,PMC3822933,PMC3849435,PMC3907683,PMC3914586,PMC4055119,PMC4081551,PMC4176465,PMC4190506,PMC4227163,PMC4676112,PMC5863805,PMC5941664,PMC6073779,PMC6095197,PMC6263063,PMC6272066,PMC6300315,PMC6321548,PMC6413038,PMC6477001,PMC7091544,PMC7201838,PMC7736623,PMC7751477,PMC7785908,PMC7922582,PMC8048284,PMC8063876,PMC8178267,PMC8398302,PMC8629650,PMC8704413,PMC8717537,PMC9059734,PMC9406723,PMC9949900","PMC10013803,PMC10876469,PMC11260442,PMC12012476,PMC3498354,PMC3747243,PMC4050034,PMC4445270,PMC4532446,PMC5059612,PMC5337366,PMC5472602,PMC5551016,PMC5589808,PMC5778688,PMC5832166,PMC6322134,PMC6416549,PMC6428815,PMC6612066,PMC7233620,PMC7327054,PMC7784504,PMC7792045,PMC8236553,PMC8488211,PMC8665165,PMC9641921","PMC10658208,PMC11499919,PMC11562309,PMC11706895,PMC12013848,PMC12107957,PMC3170288,PMC3215189,PMC3692432,PMC3722850,PMC3854245,PMC4135228,PMC4190335,PMC4497709,PMC4500612,PMC4559195,PMC4813262,PMC5018325,PMC5151109,PMC5213995,PMC5214565,PMC5552848,PMC5769534,PMC6008747,PMC6163325,PMC6494860,PMC6594112,PMC6868153,PMC6990577,PMC7334395,PMC7545469,PMC7673024,PMC8262658,PMC9882893",,0,43,34,28,0,0.712544466259668,0.898888888888889,0.6433333333333333,75.46055664631675,
GTGCAGAGTCCAGCAAAGGT,CCTGAAAGCCGATGTGGT,PMF1-BGLAP,PMF1-BGLAP,"OCN (18), Osteocalcin (6), BGLAP (5), Gene (3), Homo (3), Runx2 (3), Direction (2), AL135927 (1), CAAAGGT (1), Col2 (1), CxCr4 (1), For (1), GTGCAGA (1), H-OCN-F1 (1), Human (1), OC (1), OPN (1), OSTEOCALCIN (1), Osc (1), RUNX2 (1), Targeted (1)","OCN (6), BSP-R (2), Gene (2), OCN-R (2), ALP (1), CCTGA (1), OC (1), OCN6 (1), Osteocalcin (1), hsa-OCN-R (1)",0.004,0.028,75,26,"PMC10013803, PMC10552899, PMC10858363, PMC10876469, PMC11260442, PMC11518823, PMC11578294, PMC11591890, PMC11839199, PMC12012476, PMC3136101, PMC3498354, PMC3747243, PMC3822933, PMC3849435, PMC3907683, PMC3914586, PMC4050034, PMC4055119, PMC4081551, PMC4176465, PMC4190506, PMC4227163, PMC4445270, PMC4532446, PMC4676112, PMC5059612, PMC5337366, PMC5472602, PMC5551016, PMC5589808, PMC5778688, PMC5832166, PMC5863805, PMC5941664, PMC6073779, PMC6095197, PMC6263063, PMC6272066, PMC6300315, PMC6321548, PMC6322134, PMC6413038, PMC6416549, PMC6428815, PMC6477001, PMC6612066, PMC7091544, PMC7201838, PMC7233620, PMC7327054, PMC7736623, PMC7751477, PMC7784504, PMC7785908, PMC7792045, PMC7922582, PMC8048284, PMC8063876, PMC8178267, PMC8236553, PMC8398302, PMC8488211, PMC8629650, PMC8665165, PMC8704413, PMC8717537, PMC9059734, PMC9406723, PMC9641921, PMC9949900","PMC10070041, PMC10222704, PMC10285757, PMC3763164, PMC4655957, PMC5472052, PMC5702518, PMC5774528, PMC5837092, PMC6029428, PMC6080583, PMC6248998, PMC6333395, PMC6484321, PMC6756869, PMC6811559, PMC6812411, PMC7579890, PMC8273062, PMC8290518, PMC8570085, PMC8678408, PMC8800246, PMC8865099",61.19,57.92,55.0,55.6,1247,362,71,24,608,782,627,799,forward,reverse_complement,4,2,3,"PMC10552899,PMC10858363,PMC11518823,PMC11578294,PMC11591890,PMC11839199,PMC3136101,PMC3822933,PMC3849435,PMC3907683,PMC3914586,PMC4055119,PMC4081551,PMC4176465,PMC4190506,PMC4227163,PMC4676112,PMC5863805,PMC5941664,PMC6073779,PMC6095197,PMC6263063,PMC6272066,PMC6300315,PMC6321548,PMC6413038,PMC6477001,PMC7091544,PMC7201838,PMC7736623,PMC7751477,PMC7785908,PMC7922582,PMC8048284,PMC8063876,PMC8178267,PMC8398302,PMC8629650,PMC8704413,PMC8717537,PMC9059734,PMC9406723,PMC9949900","PMC10013803,PMC10876469,PMC11260442,PMC12012476,PMC3498354,PMC3747243,PMC4050034,PMC4445270,PMC4532446,PMC5059612,PMC5337366,PMC5472602,PMC5551016,PMC5589808,PMC5778688,PMC5832166,PMC6322134,PMC6416549,PMC6428815,PMC6612066,PMC7233620,PMC7327054,PMC7784504,PMC7792045,PMC8236553,PMC8488211,PMC8665165,PMC9641921","PMC10070041,PMC10222704,PMC10285757,PMC3763164,PMC4655957,PMC5472052,PMC5702518,PMC5774528,PMC5837092,PMC6029428,PMC6080583,PMC6248998,PMC6333395,PMC6756869,PMC6811559,PMC6812411,PMC7579890,PMC8273062,PMC8570085,PMC8800246,PMC8865099","PMC6484321,PMC8290518,PMC8678408",0,43,21,28,3,0.6738619530407388,0.7433333333333336,0.0,55.99309765203695,
GTGCAGAGTCCAGCAAAGGT,GATGTGGTCAGCCAACTC,PMF1-BGLAP,PMF1-BGLAP,"OCN (18), Osteocalcin (6), BGLAP (5), Gene (3), Homo (3), Runx2 (3), Direction (2), AL135927 (1), CAAAGGT (1), Col2 (1), CxCr4 (1), For (1), GTGCAGA (1), H-OCN-F1 (1), Human (1), OC (1), OPN (1), OSTEOCALCIN (1), Osc (1), RUNX2 (1), Targeted (1)","Osteocalcin (7), GAPDH (2), BGLAP (1), Genes (1), OCN-R (1), OSTEOCALCIN (1), OSTERIX (1), RUNX-2-forward (1), RUNX2 (1), The (1), Type (1)",0.004,0.028,75,21,"PMC10013803, PMC10552899, PMC10858363, PMC10876469, PMC11260442, PMC11518823, PMC11578294, PMC11591890, PMC11839199, PMC12012476, PMC3136101, PMC3498354, PMC3747243, PMC3822933, PMC3849435, PMC3907683, PMC3914586, PMC4050034, PMC4055119, PMC4081551, PMC4176465, PMC4190506, PMC4227163, PMC4445270, PMC4532446, PMC4676112, PMC5059612, PMC5337366, PMC5472602, PMC5551016, PMC5589808, PMC5778688, PMC5832166, PMC5863805, PMC5941664, PMC6073779, PMC6095197, PMC6263063, PMC6272066, PMC6300315, PMC6321548, PMC6322134, PMC6413038, PMC6416549, PMC6428815, PMC6477001, PMC6612066, PMC7091544, PMC7201838, PMC7233620, PMC7327054, PMC7736623, PMC7751477, PMC7784504, PMC7785908, PMC7792045, PMC7922582, PMC8048284, PMC8063876, PMC8178267, PMC8236553, PMC8398302, PMC8488211, PMC8629650, PMC8665165, PMC8704413, PMC8717537, PMC9059734, PMC9406723, PMC9641921, PMC9949900","PMC10209287, PMC10218682, PMC4556843, PMC4673191, PMC4699026, PMC4750003, PMC4837802, PMC4929892, PMC4961106, PMC5009659, PMC5763659, PMC5809617, PMC5833785, PMC6311247, PMC7539403, PMC8134029, PMC8245033, PMC8467999, PMC9024451, PMC9747886",61.19,55.99,55.0,55.6,1247,252,71,20,608,772,627,789,forward,reverse_complement,4,3,4,"PMC10552899,PMC10858363,PMC11518823,PMC11578294,PMC11591890,PMC11839199,PMC3136101,PMC3822933,PMC3849435,PMC3907683,PMC3914586,PMC4055119,PMC4081551,PMC4176465,PMC4190506,PMC4227163,PMC4676112,PMC5863805,PMC5941664,PMC6073779,PMC6095197,PMC6263063,PMC6272066,PMC6300315,PMC6321548,PMC6413038,PMC6477001,PMC7091544,PMC7201838,PMC7736623,PMC7751477,PMC7785908,PMC7922582,PMC8048284,PMC8063876,PMC8178267,PMC8398302,PMC8629650,PMC8704413,PMC8717537,PMC9059734,PMC9406723,PMC9949900","PMC10013803,PMC10876469,PMC11260442,PMC12012476,PMC3498354,PMC3747243,PMC4050034,PMC4445270,PMC4532446,PMC5059612,PMC5337366,PMC5472602,PMC5551016,PMC5589808,PMC5778688,PMC5832166,PMC6322134,PMC6416549,PMC6428815,PMC6612066,PMC7233620,PMC7327054,PMC7784504,PMC7792045,PMC8236553,PMC8488211,PMC8665165,PMC9641921","PMC10209287,PMC10218682,PMC4556843,PMC4673191,PMC4699026,PMC4750003,PMC4837802,PMC4929892,PMC4961106,PMC5009659,PMC5763659,PMC5809617,PMC5833785,PMC6311247,PMC7539403,PMC8134029,PMC8245033,PMC8467999,PMC9024451,PMC9747886",,0,43,20,28,0,0.664330376039646,0.7200000000000002,0.0,54.816518801982305,
GTGCAGAGTCCAGCAAAGGT,GGCTCCCAGCCATTGATACAG,PMF1-BGLAP,PMF1-BGLAP,"OCN (18), Osteocalcin (6), BGLAP (5), Gene (3), Homo (3), Runx2 (3), Direction (2), AL135927 (1), CAAAGGT (1), Col2 (1), CxCr4 (1), For (1), GTGCAGA (1), H-OCN-F1 (1), Human (1), OC (1), OPN (1), OSTEOCALCIN (1), Osc (1), RUNX2 (1), Targeted (1)","Osteocalcin (4), OCN (3), Gene (2), BGLAP (1), Genes (1), Homo (1), OCN-R (1), gene (1)",0.004,0.001,75,19,"PMC10013803, PMC10552899, PMC10858363, PMC10876469, PMC11260442, PMC11518823, PMC11578294, PMC11591890, PMC11839199, PMC12012476, PMC3136101, PMC3498354, PMC3747243, PMC3822933, PMC3849435, PMC3907683, PMC3914586, PMC4050034, PMC4055119, PMC4081551, PMC4176465, PMC4190506, PMC4227163, PMC4445270, PMC4532446, PMC4676112, PMC5059612, PMC5337366, PMC5472602, PMC5551016, PMC5589808, PMC5778688, PMC5832166, PMC5863805, PMC5941664, PMC6073779, PMC6095197, PMC6263063, PMC6272066, PMC6300315, PMC6321548, PMC6322134, PMC6413038, PMC6416549, PMC6428815, PMC6477001, PMC6612066, PMC7091544, PMC7201838, PMC7233620, PMC7327054, PMC7736623, PMC7751477, PMC7784504, PMC7785908, PMC7792045, PMC7922582, PMC8048284, PMC8063876, PMC8178267, PMC8236553, PMC8398302, PMC8488211, PMC8629650, PMC8665165, PMC8704413, PMC8717537, PMC9059734, PMC9406723, PMC9641921, PMC9949900","PMC10288420, PMC10703823, PMC12108652, PMC3829770, PMC3926498, PMC4204190, PMC5373515, PMC5455643, PMC6136473, PMC6781330, PMC7528055, PMC7925396, PMC8010662, PMC8047219, PMC8184675, PMC8306468, PMC8707254, PMC8717387, PMC9251783",61.19,61.48,55.0,57.1,1247,222,71,19,608,685,627,705,forward,reverse_complement,4,4,3,"PMC10552899,PMC10858363,PMC11518823,PMC11578294,PMC11591890,PMC11839199,PMC3136101,PMC3822933,PMC3849435,PMC3907683,PMC3914586,PMC4055119,PMC4081551,PMC4176465,PMC4190506,PMC4227163,PMC4676112,PMC5863805,PMC5941664,PMC6073779,PMC6095197,PMC6263063,PMC6272066,PMC6300315,PMC6321548,PMC6413038,PMC6477001,PMC7091544,PMC7201838,PMC7736623,PMC7751477,PMC7785908,PMC7922582,PMC8048284,PMC8063876,PMC8178267,PMC8398302,PMC8629650,PMC8704413,PMC8717537,PMC9059734,PMC9406723,PMC9949900","PMC10013803,PMC10876469,PMC11260442,PMC12012476,PMC3498354,PMC3747243,PMC4050034,PMC4445270,PMC4532446,PMC5059612,PMC5337366,PMC5472602,PMC5551016,PMC5589808,PMC5778688,PMC5832166,PMC6322134,PMC6416549,PMC6428815,PMC6612066,PMC7233620,PMC7327054,PMC7784504,PMC7792045,PMC8236553,PMC8488211,PMC8665165,PMC9641921","PMC10288420,PMC10703823,PMC12108652,PMC3829770,PMC3926498,PMC4204190,PMC5373515,PMC5455643,PMC6136473,PMC6781330,PMC7528055,PMC7925396,PMC8010662,PMC8047219,PMC8184675,PMC8306468,PMC8707254,PMC8717387,PMC9251783",,0,43,19,28,0,0.6597253341864748,0.865555555555556,0.9033333333333337,77.01960004265709,
GTGCAGAGTCCAGCAAAGGT,CTCACACACCTCCCTCCTG,PMF1-BGLAP,PMF1-BGLAP,"OCN (18), Osteocalcin (6), BGLAP (5), Gene (3), Homo (3), Runx2 (3), Direction (2), AL135927 (1), CAAAGGT (1), Col2 (1), CxCr4 (1), For (1), GTGCAGA (1), H-OCN-F1 (1), Human (1), OC (1), OPN (1), OSTEOCALCIN (1), Osc (1), RUNX2 (1), Targeted (1)","Gene (2), Osteocalcin (2), Direction (1)",0.004,0.011,75,17,"PMC10013803, PMC10552899, PMC10858363, PMC10876469, PMC11260442, PMC11518823, PMC11578294, PMC11591890, PMC11839199, PMC12012476, PMC3136101, PMC3498354, PMC3747243, PMC3822933, PMC3849435, PMC3907683, PMC3914586, PMC4050034, PMC4055119, PMC4081551, PMC4176465, PMC4190506, PMC4227163, PMC4445270, PMC4532446, PMC4676112, PMC5059612, PMC5337366, PMC5472602, PMC5551016, PMC5589808, PMC5778688, PMC5832166, PMC5863805, PMC5941664, PMC6073779, PMC6095197, PMC6263063, PMC6272066, PMC6300315, PMC6321548, PMC6322134, PMC6413038, PMC6416549, PMC6428815, PMC6477001, PMC6612066, PMC7091544, PMC7201838, PMC7233620, PMC7327054, PMC7736623, PMC7751477, PMC7784504, PMC7785908, PMC7792045, PMC7922582, PMC8048284, PMC8063876, PMC8178267, PMC8236553, PMC8398302, PMC8488211, PMC8629650, PMC8665165, PMC8704413, PMC8717537, PMC9059734, PMC9406723, PMC9641921, PMC9949900","PMC10069154, PMC10139012, PMC11456876, PMC12109992, PMC5589808, PMC5832166, PMC6066508, PMC6428815, PMC6934613, PMC7462980, PMC7541626, PMC7866227, PMC8236553, PMC8665165, PMC8684200, PMC8739256, PMC9821315",61.19,59.68,55.0,63.2,1247,147,71,17,608,735,627,753,forward,reverse_complement,4,2,4,"PMC10552899,PMC10858363,PMC11518823,PMC11578294,PMC11591890,PMC11839199,PMC3136101,PMC3822933,PMC3849435,PMC3907683,PMC3914586,PMC4055119,PMC4081551,PMC4176465,PMC4190506,PMC4227163,PMC4676112,PMC5863805,PMC5941664,PMC6073779,PMC6095197,PMC6263063,PMC6272066,PMC6300315,PMC6321548,PMC6413038,PMC6477001,PMC7091544,PMC7201838,PMC7736623,PMC7751477,PMC7785908,PMC7922582,PMC8048284,PMC8063876,PMC8178267,PMC8398302,PMC8629650,PMC8704413,PMC8717537,PMC9059734,PMC9406723,PMC9949900","PMC10013803,PMC10876469,PMC11260442,PMC12012476,PMC3498354,PMC3747243,PMC4050034,PMC4445270,PMC4532446,PMC5059612,PMC5337366,PMC5472602,PMC5551016,PMC5589808,PMC5778688,PMC5832166,PMC6322134,PMC6416549,PMC6428815,PMC6612066,PMC7233620,PMC7327054,PMC7784504,PMC7792045,PMC8236553,PMC8488211,PMC8665165,PMC9641921","PMC10069154,PMC10139012,PMC11456876,PMC12109992,PMC5589808,PMC5832166,PMC6066508,PMC6428815,PMC6934613,PMC7462980,PMC7541626,PMC7866227,PMC8236553,PMC8665165,PMC8739256,PMC9821315",PMC8684200,0,43,16,28,1,0.6466846624154521,0.8544444444444446,0.49666666666666737,67.9008997874393,
GTAGTGAAGAGACCCAGGCG,CCATTGATACAGGTAGCGCC,PMF1-BGLAP,PMF1-BGLAP,"Osteocalcin (5), RUNX2 (3), BGLAP (2), Bglap (2), Gene (2), Genes (2), Human (2), OC (2), OCN (2), C-3 (1), GAPDH (1), OCN-F (1), Osteogenic (1), Target (1)","BGLAP (22), OCN (19), Osteocalcin (7), Ocn (3), hsa-OCN-forward (3), human (3), hOCN (2), 110 (1), 5BGLAP (1), ALP (1), BGLAP-F (1), BGLAP-Forward (1), Homo (1), Human (1), NM_199173.5 (1), NM_199173.6 (1), OC (1), OGN (1), OSC (1), Osteocalcin-F (1), Osteogenesis (1), The (1), VEGF (1)",0.004,0.004,45,90,"PMC10142914, PMC10815924, PMC10953090, PMC11071322, PMC11251957, PMC11413851, PMC11468810, PMC11523078, PMC11657990, PMC11895669, PMC11941504, PMC11941925, PMC12104865, PMC2212719, PMC2582889, PMC4055128, PMC4223691, PMC4718960, PMC4790631, PMC5003369, PMC5122164, PMC5292195, PMC5987610, PMC6009779, PMC6124053, PMC6145055, PMC6202397, PMC6525797, PMC6776644, PMC6833923, PMC6883626, PMC7023766, PMC7285613, PMC7351982, PMC7500044, PMC7503232, PMC7644787, PMC7884435, PMC8057913, PMC8170469, PMC8312462, PMC9014318, PMC9337630, PMC9500064, PMC9676210","PMC10160763, PMC10379034, PMC10441659, PMC10444653, PMC10643473, PMC10878834, PMC10976750, PMC11259626, PMC11269795, PMC11301355, PMC11332729, PMC11559230, PMC11595442, PMC11762233, PMC11763229, PMC11818253, PMC11823243, PMC11892751, PMC11944977, PMC12080316, PMC12087957, PMC12091229, PMC2646266, PMC3799771, PMC3805512, PMC4178031, PMC4201491, PMC4329829, PMC4404686, PMC4836087, PMC4879177, PMC4886818, PMC5057179, PMC5072612, PMC5164906, PMC5297792, PMC5322661, PMC5490090, PMC5493527, PMC5513456, PMC5583332, PMC5658998, PMC5668416, PMC5680323, PMC5704576, PMC5780081, PMC5800449, PMC6092836, PMC6172397, PMC6265790, PMC6323209, PMC6685704, PMC6861671, PMC6920280, PMC7266346, PMC7294393, PMC7315279, PMC7378902, PMC7475978, PMC7897289, PMC7920808, PMC8353646, PMC8395443, PMC8508916, PMC8520689, PMC8525028, PMC8554986, PMC8670285, PMC8722308, PMC8818240, PMC8868595, PMC9097555, PMC9175016, PMC9233575, PMC9354009, PMC9355958, PMC9477632, PMC9564153, PMC9570360, PMC9796874, PMC9821985, PMC9843530, PMC9963438, PMC9964429, PMC9993741",60.47,59.13,60.0,55.0,1049,1773,45,85,661,677,680,696,forward,reverse_complement,2,4,4,"PMC2212719,PMC5292195","PMC10142914,PMC10815924,PMC10953090,PMC11071322,PMC11251957,PMC11413851,PMC11468810,PMC11523078,PMC11657990,PMC11895669,PMC11941504,PMC11941925,PMC12104865,PMC2582889,PMC4055128,PMC4223691,PMC4718960,PMC4790631,PMC5003369,PMC5122164,PMC5987610,PMC6009779,PMC6124053,PMC6145055,PMC6202397,PMC6525797,PMC6776644,PMC6833923,PMC6883626,PMC7023766,PMC7285613,PMC7351982,PMC7500044,PMC7503232,PMC7644787,PMC7884435,PMC8057913,PMC8170469,PMC8312462,PMC9014318,PMC9337630,PMC9500064,PMC9676210",,"PMC10160763,PMC10379034,PMC10441659,PMC10444653,PMC10643473,PMC10878834,PMC10976750,PMC11259626,PMC11269795,PMC11301355,PMC11332729,PMC11559230,PMC11595442,PMC11762233,PMC11763229,PMC11818253,PMC11823243,PMC11892751,PMC11944977,PMC12080316,PMC12087957,PMC12091229,PMC2646266,PMC3799771,PMC3805512,PMC4178031,PMC4201491,PMC4329829,PMC4404686,PMC4836087,PMC4879177,PMC4886818,PMC5057179,PMC5072612,PMC5164906,PMC5297792,PMC5322661,PMC5490090,PMC5493527,PMC5513456,PMC5583332,PMC5658998,PMC5668416,PMC5680323,PMC5704576,PMC5780081,PMC5800449,PMC6092836,PMC6172397,PMC6265790,PMC6323209,PMC6685704,PMC6861671,PMC6920280,PMC7266346,PMC7294393,PMC7315279,PMC7378902,PMC7475978,PMC7897289,PMC7920808,PMC8353646,PMC8395443,PMC8508916,PMC8520689,PMC8525028,PMC8554986,PMC8670285,PMC8722308,PMC8818240,PMC8868595,PMC9097555,PMC9175016,PMC9233575,PMC9354009,PMC9355958,PMC9477632,PMC9564153,PMC9570360,PMC9796874,PMC9821985,PMC9843530,PMC9963438,PMC9964429,PMC9993741",0,2,0,43,85,0.39261087620281837,0.8805555555555555,0.5533333333333346,57.11387714347428,
GTAGTGAAGAGACCCAGGCG,GTGGTCAGCCAACTCGTCA,PMF1-BGLAP,PMF1-BGLAP,"Osteocalcin (5), RUNX2 (3), BGLAP (2), Bglap (2), Gene (2), Genes (2), Human (2), OC (2), OCN (2), C-3 (1), GAPDH (1), OCN-F (1), Osteogenic (1), Target (1)","BGLAP (5), hsa-OCN-reverse (3), Gene (2), 5BGLAP (1), BGLAP-Reverse (1), COL1a1 (1), Direction (1), NM_001173531.1 (1), OCN (1), OCT4 (1), OSC (1), Orientation (1), Osteocalcin (1), Osterix (1), Target (1)",0.004,0.011,45,38,"PMC10142914, PMC10815924, PMC10953090, PMC11071322, PMC11251957, PMC11413851, PMC11468810, PMC11523078, PMC11657990, PMC11895669, PMC11941504, PMC11941925, PMC12104865, PMC2212719, PMC2582889, PMC4055128, PMC4223691, PMC4718960, PMC4790631, PMC5003369, PMC5122164, PMC5292195, PMC5987610, PMC6009779, PMC6124053, PMC6145055, PMC6202397, PMC6525797, PMC6776644, PMC6833923, PMC6883626, PMC7023766, PMC7285613, PMC7351982, PMC7500044, PMC7503232, PMC7644787, PMC7884435, PMC8057913, PMC8170469, PMC8312462, PMC9014318, PMC9337630, PMC9500064, PMC9676210","PMC10441659, PMC10444653, PMC10643473, PMC11301355, PMC11332729, PMC11488691, PMC11818253, PMC11892751, PMC11944977, PMC12087957, PMC4329829, PMC4879177, PMC4886818, PMC5057179, PMC5164906, PMC5583332, PMC5780081, PMC5800449, PMC6265790, PMC6383392, PMC6685704, PMC6861671, PMC6920280, PMC7475978, PMC7920808, PMC8670285, PMC8722308, PMC8818240, PMC9175016, PMC9233575, PMC9354009, PMC9355958, PMC9477632, PMC9564153, PMC9570360, PMC9843530",60.47,60.58,60.0,57.9,1049,710,45,36,661,768,680,786,forward,reverse_complement,2,3,4,"PMC2212719,PMC5292195","PMC10142914,PMC10815924,PMC10953090,PMC11071322,PMC11251957,PMC11413851,PMC11468810,PMC11523078,PMC11657990,PMC11895669,PMC11941504,PMC11941925,PMC12104865,PMC2582889,PMC4055128,PMC4223691,PMC4718960,PMC4790631,PMC5003369,PMC5122164,PMC5987610,PMC6009779,PMC6124053,PMC6145055,PMC6202397,PMC6525797,PMC6776644,PMC6833923,PMC6883626,PMC7023766,PMC7285613,PMC7351982,PMC7500044,PMC7503232,PMC7644787,PMC7884435,PMC8057913,PMC8170469,PMC8312462,PMC9014318,PMC9337630,PMC9500064,PMC9676210","PMC10441659,PMC10444653,PMC10643473,PMC11301355,PMC11332729,PMC11488691,PMC11818253,PMC11892751,PMC11944977,PMC12087957,PMC4329829,PMC4879177,PMC4886818,PMC5057179,PMC5164906,PMC5583332,PMC5780081,PMC5800449,PMC6265790,PMC6383392,PMC6685704,PMC6861671,PMC6920280,PMC7475978,PMC7920808,PMC8670285,PMC8722308,PMC8818240,PMC9175016,PMC9233575,PMC9354009,PMC9355958,PMC9477632,PMC9564153,PMC9570360,PMC9843530",,0,2,36,43,0,0.5542950536062399,0.9105555555555556,0.9633333333333335,74.29808601364533,
GTAGTGAAGAGACCCAGGCG,GCCGTAGAAGCGCCGATAGGC,PMF1-BGLAP,PMF1-BGLAP,"Osteocalcin (5), RUNX2 (3), BGLAP (2), Bglap (2), Gene (2), Genes (2), Human (2), OC (2), OCN (2), C-3 (1), GAPDH (1), OCN-F (1), Osteogenic (1), Target (1)","Osteocalcin (7), GAPDH (2), BGLAP (1), Col-1 (1), Gene (1), Glyceraldehyde-3 (1), OC (1), OC-R (1)",0.004,0.001,45,36,"PMC10142914, PMC10815924, PMC10953090, PMC11071322, PMC11251957, PMC11413851, PMC11468810, PMC11523078, PMC11657990, PMC11895669, PMC11941504, PMC11941925, PMC12104865, PMC2212719, PMC2582889, PMC4055128, PMC4223691, PMC4718960, PMC4790631, PMC5003369, PMC5122164, PMC5292195, PMC5987610, PMC6009779, PMC6124053, PMC6145055, PMC6202397, PMC6525797, PMC6776644, PMC6833923, PMC6883626, PMC7023766, PMC7285613, PMC7351982, PMC7500044, PMC7503232, PMC7644787, PMC7884435, PMC8057913, PMC8170469, PMC8312462, PMC9014318, PMC9337630, PMC9500064, PMC9676210","PMC10621931, PMC1079906, PMC11986050, PMC1794501, PMC2575631, PMC2950392, PMC3252365, PMC3353470, PMC3365132, PMC3430211, PMC3580562, PMC3613821, PMC3903490, PMC4055077, PMC4247692, PMC4369894, PMC4450897, PMC4516509, PMC4538412, PMC4729148, PMC4730281, PMC5055347, PMC5460492, PMC5531028, PMC5552222, PMC5615990, PMC5647033, PMC5811493, PMC5895002, PMC6058739, PMC6579983, PMC6720366, PMC7086144, PMC9147460",60.47,66.41,60.0,66.7,1049,539,45,34,661,802,680,822,forward,reverse_complement,2,4,4,"PMC2212719,PMC5292195","PMC10142914,PMC10815924,PMC10953090,PMC11071322,PMC11251957,PMC11413851,PMC11468810,PMC11523078,PMC11657990,PMC11895669,PMC11941504,PMC11941925,PMC12104865,PMC2582889,PMC4055128,PMC4223691,PMC4718960,PMC4790631,PMC5003369,PMC5122164,PMC5987610,PMC6009779,PMC6124053,PMC6145055,PMC6202397,PMC6525797,PMC6776644,PMC6833923,PMC6883626,PMC7023766,PMC7285613,PMC7351982,PMC7500044,PMC7503232,PMC7644787,PMC7884435,PMC8057913,PMC8170469,PMC8312462,PMC9014318,PMC9337630,PMC9500064,PMC9676210","PMC10621931,PMC1079906,PMC11986050,PMC1794501,PMC2575631,PMC2950392,PMC3252365,PMC3353470,PMC3365132,PMC3430211,PMC3580562,PMC3613821,PMC3903490,PMC4055077,PMC4247692,PMC4369894,PMC4450897,PMC4516509,PMC4538412,PMC4729148,PMC4730281,PMC5055347,PMC5460492,PMC5531028,PMC5552222,PMC5615990,PMC5647033,PMC5811493,PMC5895002,PMC6058739,PMC6579983,PMC6720366,PMC7086144,PMC9147460",,0,2,34,43,0,0.5490501134692538,0.7064583333333332,0.0,48.64625567346268,
GTAGTGAAGAGACCCAGGCG,CCAGCCATTGATACAGGTAGCG,PMF1-BGLAP,PMF1-BGLAP,"Osteocalcin (5), RUNX2 (3), BGLAP (2), Bglap (2), Gene (2), Genes (2), Human (2), OC (2), OCN (2), C-3 (1), GAPDH (1), OCN-F (1), Osteogenic (1), Target (1)","OCN (8), BGLAP (5), Osteocalcin (4), A-3 (1), BGLAP-F (1), Bglap (1), Human (1), NM_199173 (1), Oct (1), Osteocalin-Forward (1), hOCN-F (1)",0.004,0.000345,45,33,"PMC10142914, PMC10815924, PMC10953090, PMC11071322, PMC11251957, PMC11413851, PMC11468810, PMC11523078, PMC11657990, PMC11895669, PMC11941504, PMC11941925, PMC12104865, PMC2212719, PMC2582889, PMC4055128, PMC4223691, PMC4718960, PMC4790631, PMC5003369, PMC5122164, PMC5292195, PMC5987610, PMC6009779, PMC6124053, PMC6145055, PMC6202397, PMC6525797, PMC6776644, PMC6833923, PMC6883626, PMC7023766, PMC7285613, PMC7351982, PMC7500044, PMC7503232, PMC7644787, PMC7884435, PMC8057913, PMC8170469, PMC8312462, PMC9014318, PMC9337630, PMC9500064, PMC9676210","PMC10222618, PMC10387216, PMC10407617, PMC10454939, PMC10779481, PMC10809007, PMC10903013, PMC11118509, PMC11129143, PMC11197745, PMC11330066, PMC11361852, PMC11439940, PMC11561506, PMC11744864, PMC11755084, PMC11817755, PMC11867901, PMC12085028, PMC3788782, PMC6151224, PMC7300400, PMC7504673, PMC7746460, PMC7817818, PMC7885459, PMC7893692, PMC8411547, PMC8806437, PMC8963903, PMC9358836, PMC9750767, PMC9953662",60.47,61.78,60.0,54.5,1049,158,45,33,661,679,680,700,forward,reverse_complement,2,3,3,"PMC2212719,PMC5292195","PMC10142914,PMC10815924,PMC10953090,PMC11071322,PMC11251957,PMC11413851,PMC11468810,PMC11523078,PMC11657990,PMC11895669,PMC11941504,PMC11941925,PMC12104865,PMC2582889,PMC4055128,PMC4223691,PMC4718960,PMC4790631,PMC5003369,PMC5122164,PMC5987610,PMC6009779,PMC6124053,PMC6145055,PMC6202397,PMC6525797,PMC6776644,PMC6833923,PMC6883626,PMC7023766,PMC7285613,PMC7351982,PMC7500044,PMC7503232,PMC7644787,PMC7884435,PMC8057913,PMC8170469,PMC8312462,PMC9014318,PMC9337630,PMC9500064,PMC9676210",,"PMC10222618,PMC10387216,PMC10407617,PMC10454939,PMC10779481,PMC10809007,PMC10903013,PMC11118509,PMC11129143,PMC11197745,PMC11330066,PMC11361852,PMC11439940,PMC11561506,PMC11744864,PMC11755084,PMC11817755,PMC11867901,PMC12085028,PMC3788782,PMC6151224,PMC7300400,PMC7504673,PMC7746460,PMC7817818,PMC7885459,PMC7893692,PMC8411547,PMC8806437,PMC8963903,PMC9358836,PMC9750767,PMC9953662",0,2,0,43,33,0.3552920097446636,0.8855555555555554,0.5633333333333326,55.59793382056649,
GTAGTGAAGAGACCCAGGCG,CACTACCTCGCTGCCCTCC,PMF1-BGLAP,PMF1-BGLAP,"Osteocalcin (5), RUNX2 (3), BGLAP (2), Bglap (2), Gene (2), Genes (2), Human (2), OC (2), OCN (2), C-3 (1), GAPDH (1), OCN-F (1), Osteogenic (1), Target (1)","Osteocalcin (7), BGLAP (4), Gene (2), BGLAP/PB-OST (1), Bglap (1), COL1A1 (1), GENE/NCBI (1), IBSP (1), NM_199173.6 (1), OCN (1), OCN-R (1), OSX (1), Wnt3a (1)",0.004,0.011,45,35,"PMC10142914, PMC10815924, PMC10953090, PMC11071322, PMC11251957, PMC11413851, PMC11468810, PMC11523078, PMC11657990, PMC11895669, PMC11941504, PMC11941925, PMC12104865, PMC2212719, PMC2582889, PMC4055128, PMC4223691, PMC4718960, PMC4790631, PMC5003369, PMC5122164, PMC5292195, PMC5987610, PMC6009779, PMC6124053, PMC6145055, PMC6202397, PMC6525797, PMC6776644, PMC6833923, PMC6883626, PMC7023766, PMC7285613, PMC7351982, PMC7500044, PMC7503232, PMC7644787, PMC7884435, PMC8057913, PMC8170469, PMC8312462, PMC9014318, PMC9337630, PMC9500064, PMC9676210","PMC10039520, PMC10413082, PMC10905591, PMC11057131, PMC1808058, PMC2936347, PMC3111432, PMC3488317, PMC3594746, PMC3598946, PMC3965505, PMC4076233, PMC4447443, PMC4550660, PMC4682290, PMC4917651, PMC5293776, PMC5364878, PMC545655, PMC5609535, PMC6481719, PMC6682326, PMC7239921, PMC7389809, PMC7666130, PMC7947597, PMC8120848, PMC8290398, PMC8426510, PMC8756236, PMC8882829, PMC9130678, PMC9911595",60.47,62.73,60.0,68.4,1049,443,45,33,661,648,680,666,forward,reverse_complement,2,2,6,"PMC2212719,PMC5292195","PMC10142914,PMC10815924,PMC10953090,PMC11071322,PMC11251957,PMC11413851,PMC11468810,PMC11523078,PMC11657990,PMC11895669,PMC11941504,PMC11941925,PMC12104865,PMC2582889,PMC4055128,PMC4223691,PMC4718960,PMC4790631,PMC5003369,PMC5122164,PMC5987610,PMC6009779,PMC6124053,PMC6145055,PMC6202397,PMC6525797,PMC6776644,PMC6833923,PMC6883626,PMC7023766,PMC7285613,PMC7351982,PMC7500044,PMC7503232,PMC7644787,PMC7884435,PMC8057913,PMC8170469,PMC8312462,PMC9014318,PMC9337630,PMC9500064,PMC9676210","PMC10039520,PMC10413082,PMC10905591,PMC11057131,PMC1808058,PMC2936347,PMC3111432,PMC3488317,PMC3594746,PMC3598946,PMC3965505,PMC4076233,PMC4447443,PMC4550660,PMC4682290,PMC4917651,PMC5293776,PMC5364878,PMC545655,PMC5609535,PMC6481719,PMC6682326,PMC7239921,PMC7389809,PMC7666130,PMC7947597,PMC8120848,PMC8290398,PMC8426510,PMC8756236,PMC8882829,PMC9130678,PMC9911595",,0,2,33,43,0,0.0,0.0,0.0,0.0,
GTAGTGAAGAGACCCAGGCG,CTCCTGAAAGCCGATGTGGTCA,PMF1-BGLAP,PMF1-BGLAP,"Osteocalcin (5), RUNX2 (3), BGLAP (2), Bglap (2), Gene (2), Genes (2), Human (2), OC (2), OCN (2), C-3 (1), GAPDH (1), OCN-F (1), Osteogenic (1), Target (1)","BGLAP (4), Osteocalcin (3), Direction (2), ALPL (1), BGLAP-R (1), Bglap (1), Bglap2 (1), DSPP (1), Gene (1), OC (1), OCN (1), Osteocalin-Reverse (1), VEGF (1), hOCN-R (1)",0.004,0.000345,45,32,"PMC10142914, PMC10815924, PMC10953090, PMC11071322, PMC11251957, PMC11413851, PMC11468810, PMC11523078, PMC11657990, PMC11895669, PMC11941504, PMC11941925, PMC12104865, PMC2212719, PMC2582889, PMC4055128, PMC4223691, PMC4718960, PMC4790631, PMC5003369, PMC5122164, PMC5292195, PMC5987610, PMC6009779, PMC6124053, PMC6145055, PMC6202397, PMC6525797, PMC6776644, PMC6833923, PMC6883626, PMC7023766, PMC7285613, PMC7351982, PMC7500044, PMC7503232, PMC7644787, PMC7884435, PMC8057913, PMC8170469, PMC8312462, PMC9014318, PMC9337630, PMC9500064, PMC9676210","PMC10222618, PMC10387216, PMC10407617, PMC10454939, PMC10779481, PMC10809007, PMC10903013, PMC11118509, PMC11129143, PMC11197745, PMC11330066, PMC11361852, PMC11439940, PMC11561506, PMC11744864, PMC11755084, PMC11817755, PMC11867901, PMC12085028, PMC3788782, PMC6151224, PMC7300400, PMC7407412, PMC7504673, PMC7746460, PMC7817818, PMC7885459, PMC8411547, PMC8963903, PMC9617701, PMC9750767, PMC9953662",60.47,63.23,60.0,54.5,1049,137,45,32,661,780,680,801,forward,reverse_complement,2,3,4,"PMC2212719,PMC5292195","PMC10142914,PMC10815924,PMC10953090,PMC11071322,PMC11251957,PMC11413851,PMC11468810,PMC11523078,PMC11657990,PMC11895669,PMC11941504,PMC11941925,PMC12104865,PMC2582889,PMC4055128,PMC4223691,PMC4718960,PMC4790631,PMC5003369,PMC5122164,PMC5987610,PMC6009779,PMC6124053,PMC6145055,PMC6202397,PMC6525797,PMC6776644,PMC6833923,PMC6883626,PMC7023766,PMC7285613,PMC7351982,PMC7500044,PMC7503232,PMC7644787,PMC7884435,PMC8057913,PMC8170469,PMC8312462,PMC9014318,PMC9337630,PMC9500064,PMC9676210","PMC10222618,PMC10387216,PMC10407617,PMC10454939,PMC10779481,PMC10809007,PMC10903013,PMC11118509,PMC11129143,PMC11197745,PMC11330066,PMC11361852,PMC11439940,PMC11561506,PMC11744864,PMC11755084,PMC11817755,PMC11867901,PMC12085028,PMC3788782,PMC6151224,PMC7300400,PMC7407412,PMC7504673,PMC7746460,PMC7817818,PMC7885459,PMC8411547,PMC8963903,PMC9617701,PMC9750767,PMC9953662",,0,2,32,43,0,0.543496474331534,0.8050000000000002,0.08000000000000063,52.92482371657672,
GTAGTGAAGAGACCCAGGCG,TCAGCCAACTCGTCACAGTC,PMF1-BGLAP,PMF1-BGLAP,"Osteocalcin (5), RUNX2 (3), BGLAP (2), Bglap (2), Gene (2), Genes (2), Human (2), OC (2), OCN (2), C-3 (1), GAPDH (1), OCN-F (1), Osteogenic (1), Target (1)","BGLAP (18), Osteocalcin (18), OCN (13), Gene (7), Human (3), human (3), GAPDH (2), NM_199173.5 (2), The (2), ALP (1), BGLAP-R (1), Bone (1), CAGTC (1), CxCr4 (1), Direction (1), FGF23 (1), Genes (1), H-OCN-R1 (1), MasterMix (1), NM_199173 (1), NM_199173.3 (1), OC (1), OC-R (1), OCN- (1), OCN-F (1), OSTEOCALCIN (1), OTC (1), Osteocalcin-R (1), Osteogenesis (1), TGF- (1), hum_OCN_5/3 (1)",0.004,0.004,45,141,"PMC10142914, PMC10815924, PMC10953090, PMC11071322, PMC11251957, PMC11413851, PMC11468810, PMC11523078, PMC11657990, PMC11895669, PMC11941504, PMC11941925, PMC12104865, PMC2212719, PMC2582889, PMC4055128, PMC4223691, PMC4718960, PMC4790631, PMC5003369, PMC5122164, PMC5292195, PMC5987610, PMC6009779, PMC6124053, PMC6145055, PMC6202397, PMC6525797, PMC6776644, PMC6833923, PMC6883626, PMC7023766, PMC7285613, PMC7351982, PMC7500044, PMC7503232, PMC7644787, PMC7884435, PMC8057913, PMC8170469, PMC8312462, PMC9014318, PMC9337630, PMC9500064, PMC9676210","PMC10034518, PMC10379034, PMC10406694, PMC10552899, PMC10618393, PMC10743052, PMC10858363, PMC10878834, PMC10889793, PMC10976750, PMC11122527, PMC11259626, PMC11269795, PMC11499919, PMC11559138, PMC11562309, PMC11578294, PMC11591890, PMC11595442, PMC11762233, PMC11794764, PMC11839199, PMC11918522, PMC12072047, PMC12080316, PMC12091229, PMC12107957, PMC2646266, PMC3136101, PMC3170288, PMC3446456, PMC3471036, PMC3706764, PMC3799771, PMC3805512, PMC3849435, PMC3907683, PMC3914586, PMC4055119, PMC4077650, PMC4081551, PMC4087006, PMC4178031, PMC4201491, PMC4227163, PMC4298333, PMC4404686, PMC4416238, PMC4451686, PMC4500612, PMC4539932, PMC4559195, PMC4562352, PMC4674106, PMC4676112, PMC4707328, PMC4813262, PMC4880889, PMC4899037, PMC4932130, PMC5072612, PMC5099844, PMC5164905, PMC5322661, PMC5358692, PMC5360390, PMC5493527, PMC5551777, PMC5552848, PMC5573935, PMC5658998, PMC5667471, PMC5690675, PMC5733904, PMC5746324, PMC5895940, PMC5997644, PMC6008747, PMC6073779, PMC6092836, PMC6095197, PMC6163325, PMC6172397, PMC6263063, PMC6323209, PMC6371545, PMC6434481, PMC6494860, PMC6538993, PMC6594112, PMC6743420, PMC6918167, PMC7191235, PMC7266346, PMC7315279, PMC7334395, PMC7352200, PMC7378902, PMC7545469, PMC7555878, PMC7564340, PMC7653780, PMC7691854, PMC7736623, PMC7751477, PMC7848378, PMC7897289, PMC8027176, PMC8063876, PMC8257615, PMC8353646, PMC8395443, PMC8399135, PMC8508916, PMC8520689, PMC8525028, PMC8554986, PMC8717537, PMC8758693, PMC8805820, PMC8868595, PMC8897656, PMC8949995, PMC8998418, PMC9097555, PMC9161927, PMC9406723, PMC9663507, PMC9778583, PMC9796874, PMC9857206, PMC9869574, PMC9934467, PMC9949900, PMC9963438, PMC9964429, PMC9993741",60.47,60.61,60.0,55.0,1049,2507,45,137,661,763,680,782,forward,reverse_complement,2,3,4,"PMC2212719,PMC5292195","PMC10142914,PMC10815924,PMC10953090,PMC11071322,PMC11251957,PMC11413851,PMC11468810,PMC11523078,PMC11657990,PMC11895669,PMC11941504,PMC11941925,PMC12104865,PMC2582889,PMC4055128,PMC4223691,PMC4718960,PMC4790631,PMC5003369,PMC5122164,PMC5987610,PMC6009779,PMC6124053,PMC6145055,PMC6202397,PMC6525797,PMC6776644,PMC6833923,PMC6883626,PMC7023766,PMC7285613,PMC7351982,PMC7500044,PMC7503232,PMC7644787,PMC7884435,PMC8057913,PMC8170469,PMC8312462,PMC9014318,PMC9337630,PMC9500064,PMC9676210","PMC10034518,PMC10379034,PMC10552899,PMC10618393,PMC10858363,PMC10878834,PMC10889793,PMC10976750,PMC11122527,PMC11259626,PMC11269795,PMC11559138,PMC11578294,PMC11591890,PMC11595442,PMC11762233,PMC11794764,PMC11839199,PMC11918522,PMC12080316,PMC12091229,PMC2646266,PMC3136101,PMC3446456,PMC3799771,PMC3805512,PMC3849435,PMC3907683,PMC3914586,PMC4055119,PMC4077650,PMC4081551,PMC4087006,PMC4178031,PMC4201491,PMC4227163,PMC4298333,PMC4404686,PMC4539932,PMC4562352,PMC4674106,PMC4676112,PMC4707328,PMC4880889,PMC4899037,PMC4932130,PMC5072612,PMC5099844,PMC5164905,PMC5322661,PMC5358692,PMC5360390,PMC5493527,PMC5551777,PMC5573935,PMC5658998,PMC5690675,PMC5733904,PMC5746324,PMC5895940,PMC5997644,PMC6073779,PMC6092836,PMC6095197,PMC6172397,PMC6263063,PMC6323209,PMC6371545,PMC6434481,PMC6743420,PMC7191235,PMC7266346,PMC7315279,PMC7378902,PMC7555878,PMC7564340,PMC7653780,PMC7736623,PMC7751477,PMC7897289,PMC8027176,PMC8063876,PMC8257615,PMC8353646,PMC8395443,PMC8399135,PMC8508916,PMC8520689,PMC8525028,PMC8554986,PMC8717537,PMC8758693,PMC8805820,PMC8868595,PMC8949995,PMC9097555,PMC9161927,PMC9406723,PMC9663507,PMC9778583,PMC9796874,PMC9857206,PMC9869574,PMC9949900,PMC9963438,PMC9964429,PMC9993741","PMC10406694,PMC10743052,PMC11499919,PMC11562309,PMC12072047,PMC12107957,PMC3170288,PMC3471036,PMC3706764,PMC4416238,PMC4451686,PMC4500612,PMC4559195,PMC4813262,PMC5552848,PMC5667471,PMC6008747,PMC6163325,PMC6494860,PMC6538993,PMC6594112,PMC6918167,PMC7334395,PMC7352200,PMC7545469,PMC7691854,PMC7848378,PMC8897656,PMC8998418,PMC9934467",0,2,107,43,30,0.6616287446833857,0.9505555555555555,0.9533333333333331,80.66477056750261,
GTAGTGAAGAGACCCAGGCG,GGTCAGCCAACTCGTCACAGTC,PMF1-BGLAP,PMF1-BGLAP,"Osteocalcin (5), RUNX2 (3), BGLAP (2), Bglap (2), Gene (2), Genes (2), Human (2), OC (2), OCN (2), C-3 (1), GAPDH (1), OCN-F (1), Osteogenic (1), Target (1)","OCN (9), BGLAP (2), 50 (1), Actin (1), Antibodies (1), COL (1), COLI (1), Fn1 (1), G6PDH (1), Gene (1), NM000711 (1), Osteocalcin (1), RUNX2 (1), Runx2 (1), TCF-4 (1), h-OCN-R (1), h-Ocn (1), h-Ocn-R (1)",0.004,0.000345,45,54,"PMC10142914, PMC10815924, PMC10953090, PMC11071322, PMC11251957, PMC11413851, PMC11468810, PMC11523078, PMC11657990, PMC11895669, PMC11941504, PMC11941925, PMC12104865, PMC2212719, PMC2582889, PMC4055128, PMC4223691, PMC4718960, PMC4790631, PMC5003369, PMC5122164, PMC5292195, PMC5987610, PMC6009779, PMC6124053, PMC6145055, PMC6202397, PMC6525797, PMC6776644, PMC6833923, PMC6883626, PMC7023766, PMC7285613, PMC7351982, PMC7500044, PMC7503232, PMC7644787, PMC7884435, PMC8057913, PMC8170469, PMC8312462, PMC9014318, PMC9337630, PMC9500064, PMC9676210","PMC10002049, PMC10154459, PMC10282952, PMC10294445, PMC10337197, PMC10813297, PMC10878154, PMC11010622, PMC11067224, PMC11471398, PMC11476683, PMC11797752, PMC12097015, PMC12098891, PMC3869757, PMC4012947, PMC4200022, PMC4264207, PMC4270765, PMC4464659, PMC4630184, PMC4914939, PMC5109898, PMC5268458, PMC5439454, PMC5653327, PMC5695137, PMC5762292, PMC5780180, PMC5835706, PMC5852880, PMC6072152, PMC6097469, PMC6325129, PMC6722737, PMC6818209, PMC6896396, PMC6921428, PMC7028870, PMC7073499, PMC7102919, PMC7395790, PMC7581448, PMC7946453, PMC8051722, PMC8076131, PMC8961311, PMC8973756, PMC9117959, PMC9276041, PMC9284897, PMC9346378, PMC9571456",60.47,63.99,60.0,59.1,1049,698,45,53,661,763,680,784,forward,reverse_complement,2,3,4,"PMC2212719,PMC5292195","PMC10142914,PMC10815924,PMC10953090,PMC11071322,PMC11251957,PMC11413851,PMC11468810,PMC11523078,PMC11657990,PMC11895669,PMC11941504,PMC11941925,PMC12104865,PMC2582889,PMC4055128,PMC4223691,PMC4718960,PMC4790631,PMC5003369,PMC5122164,PMC5987610,PMC6009779,PMC6124053,PMC6145055,PMC6202397,PMC6525797,PMC6776644,PMC6833923,PMC6883626,PMC7023766,PMC7285613,PMC7351982,PMC7500044,PMC7503232,PMC7644787,PMC7884435,PMC8057913,PMC8170469,PMC8312462,PMC9014318,PMC9337630,PMC9500064,PMC9676210","PMC10002049,PMC10154459,PMC10282952,PMC10294445,PMC10337197,PMC10813297,PMC10878154,PMC11010622,PMC11067224,PMC11471398,PMC11476683,PMC11797752,PMC12097015,PMC12098891,PMC3869757,PMC4012947,PMC4200022,PMC4264207,PMC4270765,PMC4464659,PMC4630184,PMC4914939,PMC5109898,PMC5268458,PMC5439454,PMC5653327,PMC5695137,PMC5762292,PMC5780180,PMC5835706,PMC5852880,PMC6072152,PMC6097469,PMC6325129,PMC6722737,PMC6818209,PMC6896396,PMC6921428,PMC7028870,PMC7073499,PMC7102919,PMC7395790,PMC7581448,PMC7946453,PMC8051722,PMC8076131,PMC8961311,PMC8973756,PMC9117959,PMC9276041,PMC9284897,PMC9346378,PMC9571456",,0,2,53,43,0,0.5899786877896076,0.7483333333333333,0.0,51.948934389480385,
GTAGTGAAGAGACCCAGGCG,CTGGAGAGGAGCAGAACTGG,PMF1-BGLAP,PMF1-BGLAP,"Osteocalcin (5), RUNX2 (3), BGLAP (2), Bglap (2), Gene (2), Genes (2), Human (2), OC (2), OCN (2), C-3 (1), GAPDH (1), OCN-F (1), Osteogenic (1), Target (1)","Gene (3), OCN (3), BGLAP (2), Human (2), Osteocalcin (2), GAPDH (1), OCN--R (1), OCN-R (1), OTC (1), Primers (1), Shengong (1)",0.004,0.004,45,34,"PMC10142914, PMC10815924, PMC10953090, PMC11071322, PMC11251957, PMC11413851, PMC11468810, PMC11523078, PMC11657990, PMC11895669, PMC11941504, PMC11941925, PMC12104865, PMC2212719, PMC2582889, PMC4055128, PMC4223691, PMC4718960, PMC4790631, PMC5003369, PMC5122164, PMC5292195, PMC5987610, PMC6009779, PMC6124053, PMC6145055, PMC6202397, PMC6525797, PMC6776644, PMC6833923, PMC6883626, PMC7023766, PMC7285613, PMC7351982, PMC7500044, PMC7503232, PMC7644787, PMC7884435, PMC8057913, PMC8170469, PMC8312462, PMC9014318, PMC9337630, PMC9500064, PMC9676210","PMC10658208, PMC11499919, PMC11562309, PMC11706895, PMC12013848, PMC12107957, PMC3170288, PMC3215189, PMC3692432, PMC3722850, PMC3854245, PMC4135228, PMC4190335, PMC4497709, PMC4500612, PMC4559195, PMC4813262, PMC5018325, PMC5151109, PMC5213995, PMC5214565, PMC5552848, PMC5769534, PMC6008747, PMC6163325, PMC6494860, PMC6594112, PMC6868153, PMC6990577, PMC7334395, PMC7545469, PMC7673024, PMC8262658, PMC9882893",60.47,60.12,60.0,60.0,1049,671,45,34,661,862,680,881,forward,reverse_complement,2,3,4,"PMC2212719,PMC5292195","PMC10142914,PMC10815924,PMC10953090,PMC11071322,PMC11251957,PMC11413851,PMC11468810,PMC11523078,PMC11657990,PMC11895669,PMC11941504,PMC11941925,PMC12104865,PMC2582889,PMC4055128,PMC4223691,PMC4718960,PMC4790631,PMC5003369,PMC5122164,PMC5987610,PMC6009779,PMC6124053,PMC6145055,PMC6202397,PMC6525797,PMC6776644,PMC6833923,PMC6883626,PMC7023766,PMC7285613,PMC7351982,PMC7500044,PMC7503232,PMC7644787,PMC7884435,PMC8057913,PMC8170469,PMC8312462,PMC9014318,PMC9337630,PMC9500064,PMC9676210","PMC10658208,PMC11499919,PMC11562309,PMC11706895,PMC12013848,PMC12107957,PMC3170288,PMC3215189,PMC3692432,PMC3722850,PMC3854245,PMC4135228,PMC4190335,PMC4497709,PMC4500612,PMC4559195,PMC4813262,PMC5018325,PMC5151109,PMC5213995,PMC5214565,PMC5552848,PMC5769534,PMC6008747,PMC6163325,PMC6494860,PMC6594112,PMC6868153,PMC6990577,PMC7334395,PMC7545469,PMC7673024,PMC8262658,PMC9882893",,0,2,34,43,0,0.5490501134692538,0.8938888888888887,0.8833333333333329,71.93583900679602,
GTAGTGAAGAGACCCAGGCG,CCTGAAAGCCGATGTGGT,PMF1-BGLAP,PMF1-BGLAP,"Osteocalcin (5), RUNX2 (3), BGLAP (2), Bglap (2), Gene (2), Genes (2), Human (2), OC (2), OCN (2), C-3 (1), GAPDH (1), OCN-F (1), Osteogenic (1), Target (1)","OCN (6), BSP-R (2), Gene (2), OCN-R (2), ALP (1), CCTGA (1), OC (1), OCN6 (1), Osteocalcin (1), hsa-OCN-R (1)",0.004,0.028,45,26,"PMC10142914, PMC10815924, PMC10953090, PMC11071322, PMC11251957, PMC11413851, PMC11468810, PMC11523078, PMC11657990, PMC11895669, PMC11941504, PMC11941925, PMC12104865, PMC2212719, PMC2582889, PMC4055128, PMC4223691, PMC4718960, PMC4790631, PMC5003369, PMC5122164, PMC5292195, PMC5987610, PMC6009779, PMC6124053, PMC6145055, PMC6202397, PMC6525797, PMC6776644, PMC6833923, PMC6883626, PMC7023766, PMC7285613, PMC7351982, PMC7500044, PMC7503232, PMC7644787, PMC7884435, PMC8057913, PMC8170469, PMC8312462, PMC9014318, PMC9337630, PMC9500064, PMC9676210","PMC10070041, PMC10222704, PMC10285757, PMC3763164, PMC4655957, PMC5472052, PMC5702518, PMC5774528, PMC5837092, PMC6029428, PMC6080583, PMC6248998, PMC6333395, PMC6484321, PMC6756869, PMC6811559, PMC6812411, PMC7579890, PMC8273062, PMC8290518, PMC8570085, PMC8678408, PMC8800246, PMC8865099",60.47,57.92,60.0,55.6,1049,362,45,24,661,782,680,799,forward,reverse_complement,2,2,4,"PMC2212719,PMC5292195","PMC10142914,PMC10815924,PMC10953090,PMC11071322,PMC11251957,PMC11413851,PMC11468810,PMC11523078,PMC11657990,PMC11895669,PMC11941504,PMC11941925,PMC12104865,PMC2582889,PMC4055128,PMC4223691,PMC4718960,PMC4790631,PMC5003369,PMC5122164,PMC5987610,PMC6009779,PMC6124053,PMC6145055,PMC6202397,PMC6525797,PMC6776644,PMC6833923,PMC6883626,PMC7023766,PMC7285613,PMC7351982,PMC7500044,PMC7503232,PMC7644787,PMC7884435,PMC8057913,PMC8170469,PMC8312462,PMC9014318,PMC9337630,PMC9500064,PMC9676210","PMC10070041,PMC10222704,PMC10285757,PMC3763164,PMC4655957,PMC5472052,PMC5702518,PMC5774528,PMC5837092,PMC6029428,PMC6080583,PMC6248998,PMC6333395,PMC6756869,PMC6811559,PMC6812411,PMC7579890,PMC8273062,PMC8570085,PMC8800246,PMC8865099","PMC6484321,PMC8290518,PMC8678408",0,2,21,43,3,0.5103676002503245,0.7383333333333334,0.1500000000000009,50.66838001251624,
GTAGTGAAGAGACCCAGGCG,GATGTGGTCAGCCAACTC,PMF1-BGLAP,PMF1-BGLAP,"Osteocalcin (5), RUNX2 (3), BGLAP (2), Bglap (2), Gene (2), Genes (2), Human (2), OC (2), OCN (2), C-3 (1), GAPDH (1), OCN-F (1), Osteogenic (1), Target (1)","Osteocalcin (7), GAPDH (2), BGLAP (1), Genes (1), OCN-R (1), OSTEOCALCIN (1), OSTERIX (1), RUNX-2-forward (1), RUNX2 (1), The (1), Type (1)",0.004,0.028,45,21,"PMC10142914, PMC10815924, PMC10953090, PMC11071322, PMC11251957, PMC11413851, PMC11468810, PMC11523078, PMC11657990, PMC11895669, PMC11941504, PMC11941925, PMC12104865, PMC2212719, PMC2582889, PMC4055128, PMC4223691, PMC4718960, PMC4790631, PMC5003369, PMC5122164, PMC5292195, PMC5987610, PMC6009779, PMC6124053, PMC6145055, PMC6202397, PMC6525797, PMC6776644, PMC6833923, PMC6883626, PMC7023766, PMC7285613, PMC7351982, PMC7500044, PMC7503232, PMC7644787, PMC7884435, PMC8057913, PMC8170469, PMC8312462, PMC9014318, PMC9337630, PMC9500064, PMC9676210","PMC10209287, PMC10218682, PMC4556843, PMC4673191, PMC4699026, PMC4750003, PMC4837802, PMC4929892, PMC4961106, PMC5009659, PMC5763659, PMC5809617, PMC5833785, PMC6311247, PMC7539403, PMC8134029, PMC8245033, PMC8467999, PMC9024451, PMC9747886",60.47,55.99,60.0,55.6,1049,252,45,20,661,772,680,789,forward,reverse_complement,2,3,4,"PMC2212719,PMC5292195","PMC10142914,PMC10815924,PMC10953090,PMC11071322,PMC11251957,PMC11413851,PMC11468810,PMC11523078,PMC11657990,PMC11895669,PMC11941504,PMC11941925,PMC12104865,PMC2582889,PMC4055128,PMC4223691,PMC4718960,PMC4790631,PMC5003369,PMC5122164,PMC5987610,PMC6009779,PMC6124053,PMC6145055,PMC6202397,PMC6525797,PMC6776644,PMC6833923,PMC6883626,PMC7023766,PMC7285613,PMC7351982,PMC7500044,PMC7503232,PMC7644787,PMC7884435,PMC8057913,PMC8170469,PMC8312462,PMC9014318,PMC9337630,PMC9500064,PMC9676210","PMC10209287,PMC10218682,PMC4556843,PMC4673191,PMC4699026,PMC4750003,PMC4837802,PMC4929892,PMC4961106,PMC5009659,PMC5763659,PMC5809617,PMC5833785,PMC6311247,PMC7539403,PMC8134029,PMC8245033,PMC8467999,PMC9024451,PMC9747886",,0,2,20,43,0,0.5008360232492317,0.715,0.0,46.491801162461584,
GTAGTGAAGAGACCCAGGCG,GGCTCCCAGCCATTGATACAG,PMF1-BGLAP,PMF1-BGLAP,"Osteocalcin (5), RUNX2 (3), BGLAP (2), Bglap (2), Gene (2), Genes (2), Human (2), OC (2), OCN (2), C-3 (1), GAPDH (1), OCN-F (1), Osteogenic (1), Target (1)","Osteocalcin (4), OCN (3), Gene (2), BGLAP (1), Genes (1), Homo (1), OCN-R (1), gene (1)",0.004,0.001,45,19,"PMC10142914, PMC10815924, PMC10953090, PMC11071322, PMC11251957, PMC11413851, PMC11468810, PMC11523078, PMC11657990, PMC11895669, PMC11941504, PMC11941925, PMC12104865, PMC2212719, PMC2582889, PMC4055128, PMC4223691, PMC4718960, PMC4790631, PMC5003369, PMC5122164, PMC5292195, PMC5987610, PMC6009779, PMC6124053, PMC6145055, PMC6202397, PMC6525797, PMC6776644, PMC6833923, PMC6883626, PMC7023766, PMC7285613, PMC7351982, PMC7500044, PMC7503232, PMC7644787, PMC7884435, PMC8057913, PMC8170469, PMC8312462, PMC9014318, PMC9337630, PMC9500064, PMC9676210","PMC10288420, PMC10703823, PMC12108652, PMC3829770, PMC3926498, PMC4204190, PMC5373515, PMC5455643, PMC6136473, PMC6781330, PMC7528055, PMC7925396, PMC8010662, PMC8047219, PMC8184675, PMC8306468, PMC8707254, PMC8717387, PMC9251783",60.47,61.48,60.0,57.1,1049,222,45,19,661,685,680,705,forward,reverse_complement,2,4,3,"PMC2212719,PMC5292195","PMC10142914,PMC10815924,PMC10953090,PMC11071322,PMC11251957,PMC11413851,PMC11468810,PMC11523078,PMC11657990,PMC11895669,PMC11941504,PMC11941925,PMC12104865,PMC2582889,PMC4055128,PMC4223691,PMC4718960,PMC4790631,PMC5003369,PMC5122164,PMC5987610,PMC6009779,PMC6124053,PMC6145055,PMC6202397,PMC6525797,PMC6776644,PMC6833923,PMC6883626,PMC7023766,PMC7285613,PMC7351982,PMC7500044,PMC7503232,PMC7644787,PMC7884435,PMC8057913,PMC8170469,PMC8312462,PMC9014318,PMC9337630,PMC9500064,PMC9676210","PMC10288420,PMC10703823,PMC12108652,PMC3829770,PMC3926498,PMC4204190,PMC5373515,PMC5455643,PMC6136473,PMC6781330,PMC7528055,PMC7925396,PMC8010662,PMC8047219,PMC8184675,PMC8306468,PMC8707254,PMC8717387,PMC9251783",,0,2,19,43,0,0.4962309813960605,0.8605555555555557,0.663333333333334,63.89488240313638,
GTAGTGAAGAGACCCAGGCG,CTCACACACCTCCCTCCTG,PMF1-BGLAP,PMF1-BGLAP,"Osteocalcin (5), RUNX2 (3), BGLAP (2), Bglap (2), Gene (2), Genes (2), Human (2), OC (2), OCN (2), C-3 (1), GAPDH (1), OCN-F (1), Osteogenic (1), Target (1)","Gene (2), Osteocalcin (2), Direction (1)",0.004,0.011,45,17,"PMC10142914, PMC10815924, PMC10953090, PMC11071322, PMC11251957, PMC11413851, PMC11468810, PMC11523078, PMC11657990, PMC11895669, PMC11941504, PMC11941925, PMC12104865, PMC2212719, PMC2582889, PMC4055128, PMC4223691, PMC4718960, PMC4790631, PMC5003369, PMC5122164, PMC5292195, PMC5987610, PMC6009779, PMC6124053, PMC6145055, PMC6202397, PMC6525797, PMC6776644, PMC6833923, PMC6883626, PMC7023766, PMC7285613, PMC7351982, PMC7500044, PMC7503232, PMC7644787, PMC7884435, PMC8057913, PMC8170469, PMC8312462, PMC9014318, PMC9337630, PMC9500064, PMC9676210","PMC10069154, PMC10139012, PMC11456876, PMC12109992, PMC5589808, PMC5832166, PMC6066508, PMC6428815, PMC6934613, PMC7462980, PMC7541626, PMC7866227, PMC8236553, PMC8665165, PMC8684200, PMC8739256, PMC9821315",60.47,59.68,60.0,63.2,1049,147,45,17,661,735,680,753,forward,reverse_complement,2,2,4,"PMC2212719,PMC5292195","PMC10142914,PMC10815924,PMC10953090,PMC11071322,PMC11251957,PMC11413851,PMC11468810,PMC11523078,PMC11657990,PMC11895669,PMC11941504,PMC11941925,PMC12104865,PMC2582889,PMC4055128,PMC4223691,PMC4718960,PMC4790631,PMC5003369,PMC5122164,PMC5987610,PMC6009779,PMC6124053,PMC6145055,PMC6202397,PMC6525797,PMC6776644,PMC6833923,PMC6883626,PMC7023766,PMC7285613,PMC7351982,PMC7500044,PMC7503232,PMC7644787,PMC7884435,PMC8057913,PMC8170469,PMC8312462,PMC9014318,PMC9337630,PMC9500064,PMC9676210","PMC10069154,PMC10139012,PMC11456876,PMC12109992,PMC5589808,PMC5832166,PMC6066508,PMC6428815,PMC6934613,PMC7462980,PMC7541626,PMC7866227,PMC8236553,PMC8665165,PMC8739256,PMC9821315",PMC8684200,0,2,16,43,1,0.48319030962503773,0.8494444444444443,0.736666666666667,64.37618214791856,
GTGCAGCCTTTGTGTCCAAG,CCATTGATACAGGTAGCGCC,PMF1-BGLAP,PMF1-BGLAP,"BGLAP (6), OCN (6), Osteocalcin (4), OSTEOCALCIN (3), GAPDH (2), OSC (2), RUNX2 (2), ALP (1), BGLAP-F (1), OCL (1), OCN-F (1), OCN-hR (1), OPN (1), OSTC (1), reverce (1)","BGLAP (22), OCN (19), Osteocalcin (7), Ocn (3), hsa-OCN-forward (3), human (3), hOCN (2), 110 (1), 5BGLAP (1), ALP (1), BGLAP-F (1), BGLAP-Forward (1), Homo (1), Human (1), NM_199173.5 (1), NM_199173.6 (1), OC (1), OGN (1), OSC (1), Osteocalcin-F (1), Osteogenesis (1), The (1), VEGF (1)",0.004,0.004,45,90,"PMC10034518, PMC10324906, PMC10404355, PMC10509643, PMC10671807, PMC10782062, PMC10835132, PMC11122527, PMC11204041, PMC11249220, PMC11335260, PMC11506500, PMC11794764, PMC12089236, PMC4077650, PMC4666781, PMC4669774, PMC4790082, PMC4990559, PMC5220409, PMC5358698, PMC5383003, PMC5562099, PMC5772930, PMC5779880, PMC5831741, PMC5833364, PMC5992730, PMC6011386, PMC6121454, PMC6276256, PMC6371545, PMC6538636, PMC7705747, PMC7967876, PMC8012148, PMC8231580, PMC8240633, PMC8724514, PMC9006575, PMC9161675, PMC9654174, PMC9778583, PMC9983316","PMC10160763, PMC10379034, PMC10441659, PMC10444653, PMC10643473, PMC10878834, PMC10976750, PMC11259626, PMC11269795, PMC11301355, PMC11332729, PMC11559230, PMC11595442, PMC11762233, PMC11763229, PMC11818253, PMC11823243, PMC11892751, PMC11944977, PMC12080316, PMC12087957, PMC12091229, PMC2646266, PMC3799771, PMC3805512, PMC4178031, PMC4201491, PMC4329829, PMC4404686, PMC4836087, PMC4879177, PMC4886818, PMC5057179, PMC5072612, PMC5164906, PMC5297792, PMC5322661, PMC5490090, PMC5493527, PMC5513456, PMC5583332, PMC5658998, PMC5668416, PMC5680323, PMC5704576, PMC5780081, PMC5800449, PMC6092836, PMC6172397, PMC6265790, PMC6323209, PMC6685704, PMC6861671, PMC6920280, PMC7266346, PMC7294393, PMC7315279, PMC7378902, PMC7475978, PMC7897289, PMC7920808, PMC8353646, PMC8395443, PMC8508916, PMC8520689, PMC8525028, PMC8554986, PMC8670285, PMC8722308, PMC8818240, PMC8868595, PMC9097555, PMC9175016, PMC9233575, PMC9354009, PMC9355958, PMC9477632, PMC9564153, PMC9570360, PMC9796874, PMC9821985, PMC9843530, PMC9963438, PMC9964429, PMC9993741",60.61,59.13,55.0,55.0,762,1773,44,85,626,677,645,696,forward,reverse_complement,4,4,3,"PMC10034518,PMC11122527,PMC11794764,PMC4077650,PMC5220409,PMC5562099,PMC6121454,PMC6371545,PMC7705747,PMC8724514,PMC9161675,PMC9778583","PMC10324906,PMC10404355,PMC10509643,PMC10671807,PMC10782062,PMC10835132,PMC11204041,PMC11249220,PMC11335260,PMC11506500,PMC12089236,PMC4666781,PMC4669774,PMC4790082,PMC4990559,PMC5358698,PMC5383003,PMC5772930,PMC5779880,PMC5831741,PMC5833364,PMC5992730,PMC6011386,PMC6276256,PMC6538636,PMC7967876,PMC8012148,PMC8231580,PMC8240633,PMC9006575,PMC9654174,PMC9983316",,"PMC10160763,PMC10379034,PMC10441659,PMC10444653,PMC10643473,PMC10878834,PMC10976750,PMC11259626,PMC11269795,PMC11301355,PMC11332729,PMC11559230,PMC11595442,PMC11762233,PMC11763229,PMC11818253,PMC11823243,PMC11892751,PMC11944977,PMC12080316,PMC12087957,PMC12091229,PMC2646266,PMC3799771,PMC3805512,PMC4178031,PMC4201491,PMC4329829,PMC4404686,PMC4836087,PMC4879177,PMC4886818,PMC5057179,PMC5072612,PMC5164906,PMC5297792,PMC5322661,PMC5490090,PMC5493527,PMC5513456,PMC5583332,PMC5658998,PMC5668416,PMC5680323,PMC5704576,PMC5780081,PMC5800449,PMC6092836,PMC6172397,PMC6265790,PMC6323209,PMC6685704,PMC6861671,PMC6920280,PMC7266346,PMC7294393,PMC7315279,PMC7378902,PMC7475978,PMC7897289,PMC7920808,PMC8353646,PMC8395443,PMC8508916,PMC8520689,PMC8525028,PMC8554986,PMC8670285,PMC8722308,PMC8818240,PMC8868595,PMC9097555,PMC9175016,PMC9233575,PMC9354009,PMC9355958,PMC9477632,PMC9564153,PMC9570360,PMC9796874,PMC9821985,PMC9843530,PMC9963438,PMC9964429,PMC9993741",0,12,0,32,85,0.4711581337315387,0.9177777777777778,0.5066666666666677,61.22457335324363,
GTGCAGCCTTTGTGTCCAAG,CTCTTCACTACCTCGCTGCC,PMF1-BGLAP,PMF1-BGLAP,"BGLAP (6), OCN (6), Osteocalcin (4), OSTEOCALCIN (3), GAPDH (2), OSC (2), RUNX2 (2), ALP (1), BGLAP-F (1), OCL (1), OCN-F (1), OCN-hR (1), OPN (1), OSTC (1), reverce (1)","OCN (25), Osteocalcin (18), BGLAP (11), OC (5), Human (4), 102 (1), Bglap (1), Gene (1), Homo (1), Human_OCN_F (1), OCN--F (1), OSC (1), OSTEOCALCIN (1), Ocn (1), REAGENT (1), RUNX2 (1), human (1)",0.004,0.004,45,83,"PMC10034518, PMC10324906, PMC10404355, PMC10509643, PMC10671807, PMC10782062, PMC10835132, PMC11122527, PMC11204041, PMC11249220, PMC11335260, PMC11506500, PMC11794764, PMC12089236, PMC4077650, PMC4666781, PMC4669774, PMC4790082, PMC4990559, PMC5220409, PMC5358698, PMC5383003, PMC5562099, PMC5772930, PMC5779880, PMC5831741, PMC5833364, PMC5992730, PMC6011386, PMC6121454, PMC6276256, PMC6371545, PMC6538636, PMC7705747, PMC7967876, PMC8012148, PMC8231580, PMC8240633, PMC8724514, PMC9006575, PMC9161675, PMC9654174, PMC9778583, PMC9983316","PMC10044883, PMC10045574, PMC10069154, PMC10074101, PMC10139012, PMC10167365, PMC10215148, PMC10523602, PMC10604799, PMC10682137, PMC10731655, PMC11217565, PMC11344390, PMC11456876, PMC11506632, PMC11654009, PMC11765816, PMC11978159, PMC12038241, PMC12109992, PMC3184765, PMC3584459, PMC3722850, PMC3749798, PMC3854245, PMC4135228, PMC4190335, PMC4227236, PMC4491576, PMC4497709, PMC4578555, PMC4794180, PMC4981914, PMC5018325, PMC5151109, PMC5214565, PMC5399588, PMC5489417, PMC5570405, PMC5589808, PMC5769534, PMC5796442, PMC5832166, PMC6033301, PMC6066508, PMC6073246, PMC6108882, PMC6428815, PMC6429482, PMC6581741, PMC6868153, PMC7085835, PMC7462980, PMC7533455, PMC7541626, PMC7590053, PMC7673024, PMC7673321, PMC7730800, PMC7866227, PMC7876270, PMC8016856, PMC8080634, PMC8236553, PMC8262658, PMC8379477, PMC8444612, PMC8514386, PMC8665165, PMC8739256, PMC8806239, PMC9034958, PMC9202102, PMC9225241, PMC9645149, PMC9708540, PMC9740717, PMC9821315, PMC9847547, PMC9882893",60.61,60.82,55.0,60.0,762,960,44,80,626,652,645,671,forward,reverse_complement,4,2,5,"PMC10034518,PMC11122527,PMC11794764,PMC4077650,PMC5220409,PMC5562099,PMC6121454,PMC6371545,PMC7705747,PMC8724514,PMC9161675,PMC9778583","PMC10324906,PMC10404355,PMC10509643,PMC10671807,PMC10782062,PMC10835132,PMC11204041,PMC11249220,PMC11335260,PMC11506500,PMC12089236,PMC4666781,PMC4669774,PMC4790082,PMC4990559,PMC5358698,PMC5383003,PMC5772930,PMC5779880,PMC5831741,PMC5833364,PMC5992730,PMC6011386,PMC6276256,PMC6538636,PMC7967876,PMC8012148,PMC8231580,PMC8240633,PMC9006575,PMC9654174,PMC9983316","PMC10731655,PMC11978159,PMC8806239,PMC9034958,PMC9225241,PMC9740717","PMC10044883,PMC10045574,PMC10069154,PMC10074101,PMC10139012,PMC10167365,PMC10215148,PMC10523602,PMC10604799,PMC10682137,PMC11217565,PMC11344390,PMC11456876,PMC11506632,PMC11654009,PMC11765816,PMC12038241,PMC12109992,PMC3184765,PMC3584459,PMC3722850,PMC3749798,PMC3854245,PMC4135228,PMC4190335,PMC4227236,PMC4491576,PMC4497709,PMC4578555,PMC4794180,PMC4981914,PMC5018325,PMC5151109,PMC5214565,PMC5399588,PMC5489417,PMC5570405,PMC5589808,PMC5769534,PMC5796442,PMC5832166,PMC6033301,PMC6066508,PMC6073246,PMC6108882,PMC6428815,PMC6429482,PMC6581741,PMC6868153,PMC7085835,PMC7462980,PMC7533455,PMC7541626,PMC7590053,PMC7673024,PMC7673321,PMC7730800,PMC7866227,PMC7876270,PMC8016856,PMC8080634,PMC8236553,PMC8262658,PMC8379477,PMC8444612,PMC8514386,PMC8665165,PMC8739256,PMC9202102,PMC9645149,PMC9708540,PMC9821315,PMC9847547,PMC9882893",0,12,6,32,74,0.5741588358953749,0.9344444444444444,0.9299999999999997,75.34127512810207,
GTGCAGCCTTTGTGTCCAAG,ACCTTTGCTGGACTCTGCAC,PMF1-BGLAP,PMF1-BGLAP,"BGLAP (6), OCN (6), Osteocalcin (4), OSTEOCALCIN (3), GAPDH (2), OSC (2), RUNX2 (2), ALP (1), BGLAP-F (1), OCL (1), OCN-F (1), OCN-hR (1), OPN (1), OSTC (1), reverce (1)","OCN (18), Osteocalcin (6), BGLAP (5), Gene (3), Homo (3), Runx2 (3), Direction (2), AL135927 (1), CAAAGGT (1), Col2 (1), CxCr4 (1), For (1), GTGCAGA (1), H-OCN-F1 (1), Human (1), OC (1), OPN (1), OSTEOCALCIN (1), Osc (1), RUNX2 (1), Targeted (1)",0.004,0.004,45,75,"PMC10034518, PMC10324906, PMC10404355, PMC10509643, PMC10671807, PMC10782062, PMC10835132, PMC11122527, PMC11204041, PMC11249220, PMC11335260, PMC11506500, PMC11794764, PMC12089236, PMC4077650, PMC4666781, PMC4669774, PMC4790082, PMC4990559, PMC5220409, PMC5358698, PMC5383003, PMC5562099, PMC5772930, PMC5779880, PMC5831741, PMC5833364, PMC5992730, PMC6011386, PMC6121454, PMC6276256, PMC6371545, PMC6538636, PMC7705747, PMC7967876, PMC8012148, PMC8231580, PMC8240633, PMC8724514, PMC9006575, PMC9161675, PMC9654174, PMC9778583, PMC9983316","PMC10013803, PMC10552899, PMC10858363, PMC10876469, PMC11260442, PMC11518823, PMC11578294, PMC11591890, PMC11839199, PMC12012476, PMC3136101, PMC3498354, PMC3747243, PMC3822933, PMC3849435, PMC3907683, PMC3914586, PMC4050034, PMC4055119, PMC4081551, PMC4176465, PMC4190506, PMC4227163, PMC4445270, PMC4532446, PMC4676112, PMC5059612, PMC5337366, PMC5472602, PMC5551016, PMC5589808, PMC5778688, PMC5832166, PMC5863805, PMC5941664, PMC6073779, PMC6095197, PMC6263063, PMC6272066, PMC6300315, PMC6321548, PMC6322134, PMC6413038, PMC6416549, PMC6428815, PMC6477001, PMC6612066, PMC7091544, PMC7201838, PMC7233620, PMC7327054, PMC7736623, PMC7751477, PMC7784504, PMC7785908, PMC7792045, PMC7922582, PMC8048284, PMC8063876, PMC8178267, PMC8236553, PMC8398302, PMC8488211, PMC8629650, PMC8665165, PMC8704413, PMC8717537, PMC9059734, PMC9406723, PMC9641921, PMC9949900",60.61,61.19,55.0,55.0,762,1247,44,71,626,608,645,627,forward,reverse_complement,4,4,6,"PMC10034518,PMC11122527,PMC11794764,PMC4077650,PMC5220409,PMC5562099,PMC6121454,PMC6371545,PMC7705747,PMC8724514,PMC9161675,PMC9778583","PMC10324906,PMC10404355,PMC10509643,PMC10671807,PMC10782062,PMC10835132,PMC11204041,PMC11249220,PMC11335260,PMC11506500,PMC12089236,PMC4666781,PMC4669774,PMC4790082,PMC4990559,PMC5358698,PMC5383003,PMC5772930,PMC5779880,PMC5831741,PMC5833364,PMC5992730,PMC6011386,PMC6276256,PMC6538636,PMC7967876,PMC8012148,PMC8231580,PMC8240633,PMC9006575,PMC9654174,PMC9983316","PMC10013803,PMC10876469,PMC11260442,PMC12012476,PMC3498354,PMC3747243,PMC4050034,PMC4445270,PMC4532446,PMC5059612,PMC5337366,PMC5472602,PMC5551016,PMC5589808,PMC5778688,PMC5832166,PMC6322134,PMC6416549,PMC6428815,PMC6612066,PMC7233620,PMC7327054,PMC7784504,PMC7792045,PMC8236553,PMC8488211,PMC8665165,PMC9641921","PMC10552899,PMC10858363,PMC11518823,PMC11578294,PMC11591890,PMC11839199,PMC3136101,PMC3822933,PMC3849435,PMC3907683,PMC3914586,PMC4055119,PMC4081551,PMC4176465,PMC4190506,PMC4227163,PMC4676112,PMC5863805,PMC5941664,PMC6073779,PMC6095197,PMC6263063,PMC6272066,PMC6300315,PMC6321548,PMC6413038,PMC6477001,PMC7091544,PMC7201838,PMC7736623,PMC7751477,PMC7785908,PMC7922582,PMC8048284,PMC8063876,PMC8178267,PMC8398302,PMC8629650,PMC8704413,PMC8717537,PMC9059734,PMC9406723,PMC9949900",0,12,28,32,43,0.0,0.0,0.0,0.0,
GTGCAGCCTTTGTGTCCAAG,CGCCTGGGTCTCTTCACTAC,PMF1-BGLAP,PMF1-BGLAP,"BGLAP (6), OCN (6), Osteocalcin (4), OSTEOCALCIN (3), GAPDH (2), OSC (2), RUNX2 (2), ALP (1), BGLAP-F (1), OCL (1), OCN-F (1), OCN-hR (1), OPN (1), OSTC (1), reverce (1)","Osteocalcin (5), RUNX2 (3), BGLAP (2), Bglap (2), Gene (2), Genes (2), Human (2), OC (2), OCN (2), C-3 (1), GAPDH (1), OCN-F (1), Osteogenic (1), Target (1)",0.004,0.004,45,45,"PMC10034518, PMC10324906, PMC10404355, PMC10509643, PMC10671807, PMC10782062, PMC10835132, PMC11122527, PMC11204041, PMC11249220, PMC11335260, PMC11506500, PMC11794764, PMC12089236, PMC4077650, PMC4666781, PMC4669774, PMC4790082, PMC4990559, PMC5220409, PMC5358698, PMC5383003, PMC5562099, PMC5772930, PMC5779880, PMC5831741, PMC5833364, PMC5992730, PMC6011386, PMC6121454, PMC6276256, PMC6371545, PMC6538636, PMC7705747, PMC7967876, PMC8012148, PMC8231580, PMC8240633, PMC8724514, PMC9006575, PMC9161675, PMC9654174, PMC9778583, PMC9983316","PMC10142914, PMC10815924, PMC10953090, PMC11071322, PMC11251957, PMC11413851, PMC11468810, PMC11523078, PMC11657990, PMC11895669, PMC11941504, PMC11941925, PMC12104865, PMC2212719, PMC2582889, PMC4055128, PMC4223691, PMC4718960, PMC4790631, PMC5003369, PMC5122164, PMC5292195, PMC5987610, PMC6009779, PMC6124053, PMC6145055, PMC6202397, PMC6525797, PMC6776644, PMC6833923, PMC6883626, PMC7023766, PMC7285613, PMC7351982, PMC7500044, PMC7503232, PMC7644787, PMC7884435, PMC8057913, PMC8170469, PMC8312462, PMC9014318, PMC9337630, PMC9500064, PMC9676210",60.61,60.47,55.0,60.0,762,1049,44,45,626,661,645,680,forward,reverse_complement,4,2,3,"PMC10034518,PMC11122527,PMC11794764,PMC4077650,PMC5220409,PMC5562099,PMC6121454,PMC6371545,PMC7705747,PMC8724514,PMC9161675,PMC9778583","PMC10324906,PMC10404355,PMC10509643,PMC10671807,PMC10782062,PMC10835132,PMC11204041,PMC11249220,PMC11335260,PMC11506500,PMC12089236,PMC4666781,PMC4669774,PMC4790082,PMC4990559,PMC5358698,PMC5383003,PMC5772930,PMC5779880,PMC5831741,PMC5833364,PMC5992730,PMC6011386,PMC6276256,PMC6538636,PMC7967876,PMC8012148,PMC8231580,PMC8240633,PMC9006575,PMC9654174,PMC9983316","PMC10142914,PMC10815924,PMC10953090,PMC11071322,PMC11251957,PMC11413851,PMC11468810,PMC11523078,PMC11657990,PMC11895669,PMC11941504,PMC11941925,PMC12104865,PMC2582889,PMC4055128,PMC4223691,PMC4718960,PMC4790631,PMC5003369,PMC5122164,PMC5987610,PMC6009779,PMC6124053,PMC6145055,PMC6202397,PMC6525797,PMC6776644,PMC6833923,PMC6883626,PMC7023766,PMC7285613,PMC7351982,PMC7500044,PMC7503232,PMC7644787,PMC7884435,PMC8057913,PMC8170469,PMC8312462,PMC9014318,PMC9337630,PMC9500064,PMC9676210","PMC2212719,PMC5292195",0,12,43,32,2,0.6509841211703995,0.9505555555555555,0.9533333333333331,80.13253939185331,
GTGCAGCCTTTGTGTCCAAG,GTGGTCAGCCAACTCGTCA,PMF1-BGLAP,PMF1-BGLAP,"BGLAP (6), OCN (6), Osteocalcin (4), OSTEOCALCIN (3), GAPDH (2), OSC (2), RUNX2 (2), ALP (1), BGLAP-F (1), OCL (1), OCN-F (1), OCN-hR (1), OPN (1), OSTC (1), reverce (1)","BGLAP (5), hsa-OCN-reverse (3), Gene (2), 5BGLAP (1), BGLAP-Reverse (1), COL1a1 (1), Direction (1), NM_001173531.1 (1), OCN (1), OCT4 (1), OSC (1), Orientation (1), Osteocalcin (1), Osterix (1), Target (1)",0.004,0.011,45,38,"PMC10034518, PMC10324906, PMC10404355, PMC10509643, PMC10671807, PMC10782062, PMC10835132, PMC11122527, PMC11204041, PMC11249220, PMC11335260, PMC11506500, PMC11794764, PMC12089236, PMC4077650, PMC4666781, PMC4669774, PMC4790082, PMC4990559, PMC5220409, PMC5358698, PMC5383003, PMC5562099, PMC5772930, PMC5779880, PMC5831741, PMC5833364, PMC5992730, PMC6011386, PMC6121454, PMC6276256, PMC6371545, PMC6538636, PMC7705747, PMC7967876, PMC8012148, PMC8231580, PMC8240633, PMC8724514, PMC9006575, PMC9161675, PMC9654174, PMC9778583, PMC9983316","PMC10441659, PMC10444653, PMC10643473, PMC11301355, PMC11332729, PMC11488691, PMC11818253, PMC11892751, PMC11944977, PMC12087957, PMC4329829, PMC4879177, PMC4886818, PMC5057179, PMC5164906, PMC5583332, PMC5780081, PMC5800449, PMC6265790, PMC6383392, PMC6685704, PMC6861671, PMC6920280, PMC7475978, PMC7920808, PMC8670285, PMC8722308, PMC8818240, PMC9175016, PMC9233575, PMC9354009, PMC9355958, PMC9477632, PMC9564153, PMC9570360, PMC9843530",60.61,60.58,55.0,57.9,762,710,44,36,626,768,645,786,forward,reverse_complement,4,3,3,"PMC10034518,PMC11122527,PMC11794764,PMC4077650,PMC5220409,PMC5562099,PMC6121454,PMC6371545,PMC7705747,PMC8724514,PMC9161675,PMC9778583","PMC10324906,PMC10404355,PMC10509643,PMC10671807,PMC10782062,PMC10835132,PMC11204041,PMC11249220,PMC11335260,PMC11506500,PMC12089236,PMC4666781,PMC4669774,PMC4790082,PMC4990559,PMC5358698,PMC5383003,PMC5772930,PMC5779880,PMC5831741,PMC5833364,PMC5992730,PMC6011386,PMC6276256,PMC6538636,PMC7967876,PMC8012148,PMC8231580,PMC8240633,PMC9006575,PMC9654174,PMC9983316","PMC10441659,PMC10444653,PMC10643473,PMC11301355,PMC11332729,PMC11488691,PMC11818253,PMC11892751,PMC11944977,PMC12087957,PMC4329829,PMC4879177,PMC4886818,PMC5057179,PMC5164906,PMC5583332,PMC5780081,PMC5800449,PMC6265790,PMC6383392,PMC6685704,PMC6861671,PMC6920280,PMC7475978,PMC7920808,PMC8670285,PMC8722308,PMC8818240,PMC9175016,PMC9233575,PMC9354009,PMC9355958,PMC9477632,PMC9564153,PMC9570360,PMC9843530",,0,12,36,32,0,0.6328423111349601,0.9477777777777778,0.9899999999999997,79.87544889008133,
GTGCAGCCTTTGTGTCCAAG,GCCGTAGAAGCGCCGATAGGC,PMF1-BGLAP,PMF1-BGLAP,"BGLAP (6), OCN (6), Osteocalcin (4), OSTEOCALCIN (3), GAPDH (2), OSC (2), RUNX2 (2), ALP (1), BGLAP-F (1), OCL (1), OCN-F (1), OCN-hR (1), OPN (1), OSTC (1), reverce (1)","Osteocalcin (7), GAPDH (2), BGLAP (1), Col-1 (1), Gene (1), Glyceraldehyde-3 (1), OC (1), OC-R (1)",0.004,0.001,45,36,"PMC10034518, PMC10324906, PMC10404355, PMC10509643, PMC10671807, PMC10782062, PMC10835132, PMC11122527, PMC11204041, PMC11249220, PMC11335260, PMC11506500, PMC11794764, PMC12089236, PMC4077650, PMC4666781, PMC4669774, PMC4790082, PMC4990559, PMC5220409, PMC5358698, PMC5383003, PMC5562099, PMC5772930, PMC5779880, PMC5831741, PMC5833364, PMC5992730, PMC6011386, PMC6121454, PMC6276256, PMC6371545, PMC6538636, PMC7705747, PMC7967876, PMC8012148, PMC8231580, PMC8240633, PMC8724514, PMC9006575, PMC9161675, PMC9654174, PMC9778583, PMC9983316","PMC10621931, PMC1079906, PMC11986050, PMC1794501, PMC2575631, PMC2950392, PMC3252365, PMC3353470, PMC3365132, PMC3430211, PMC3580562, PMC3613821, PMC3903490, PMC4055077, PMC4247692, PMC4369894, PMC4450897, PMC4516509, PMC4538412, PMC4729148, PMC4730281, PMC5055347, PMC5460492, PMC5531028, PMC5552222, PMC5615990, PMC5647033, PMC5811493, PMC5895002, PMC6058739, PMC6579983, PMC6720366, PMC7086144, PMC9147460",60.61,66.41,55.0,66.7,762,539,44,34,626,802,645,822,forward,reverse_complement,4,4,4,"PMC10034518,PMC11122527,PMC11794764,PMC4077650,PMC5220409,PMC5562099,PMC6121454,PMC6371545,PMC7705747,PMC8724514,PMC9161675,PMC9778583","PMC10324906,PMC10404355,PMC10509643,PMC10671807,PMC10782062,PMC10835132,PMC11204041,PMC11249220,PMC11335260,PMC11506500,PMC12089236,PMC4666781,PMC4669774,PMC4790082,PMC4990559,PMC5358698,PMC5383003,PMC5772930,PMC5779880,PMC5831741,PMC5833364,PMC5992730,PMC6011386,PMC6276256,PMC6538636,PMC7967876,PMC8012148,PMC8231580,PMC8240633,PMC9006575,PMC9654174,PMC9983316","PMC10621931,PMC1079906,PMC11986050,PMC1794501,PMC2575631,PMC2950392,PMC3252365,PMC3353470,PMC3365132,PMC3430211,PMC3580562,PMC3613821,PMC3903490,PMC4055077,PMC4247692,PMC4369894,PMC4450897,PMC4516509,PMC4538412,PMC4729148,PMC4730281,PMC5055347,PMC5460492,PMC5531028,PMC5552222,PMC5615990,PMC5647033,PMC5811493,PMC5895002,PMC6058739,PMC6579983,PMC6720366,PMC7086144,PMC9147460",,0,12,34,32,0,0.6275973709979741,0.7436805555555555,0.0,53.69028521656537,
GTGCAGCCTTTGTGTCCAAG,CCAGCCATTGATACAGGTAGCG,PMF1-BGLAP,PMF1-BGLAP,"BGLAP (6), OCN (6), Osteocalcin (4), OSTEOCALCIN (3), GAPDH (2), OSC (2), RUNX2 (2), ALP (1), BGLAP-F (1), OCL (1), OCN-F (1), OCN-hR (1), OPN (1), OSTC (1), reverce (1)","OCN (8), BGLAP (5), Osteocalcin (4), A-3 (1), BGLAP-F (1), Bglap (1), Human (1), NM_199173 (1), Oct (1), Osteocalin-Forward (1), hOCN-F (1)",0.004,0.000345,45,33,"PMC10034518, PMC10324906, PMC10404355, PMC10509643, PMC10671807, PMC10782062, PMC10835132, PMC11122527, PMC11204041, PMC11249220, PMC11335260, PMC11506500, PMC11794764, PMC12089236, PMC4077650, PMC4666781, PMC4669774, PMC4790082, PMC4990559, PMC5220409, PMC5358698, PMC5383003, PMC5562099, PMC5772930, PMC5779880, PMC5831741, PMC5833364, PMC5992730, PMC6011386, PMC6121454, PMC6276256, PMC6371545, PMC6538636, PMC7705747, PMC7967876, PMC8012148, PMC8231580, PMC8240633, PMC8724514, PMC9006575, PMC9161675, PMC9654174, PMC9778583, PMC9983316","PMC10222618, PMC10387216, PMC10407617, PMC10454939, PMC10779481, PMC10809007, PMC10903013, PMC11118509, PMC11129143, PMC11197745, PMC11330066, PMC11361852, PMC11439940, PMC11561506, PMC11744864, PMC11755084, PMC11817755, PMC11867901, PMC12085028, PMC3788782, PMC6151224, PMC7300400, PMC7504673, PMC7746460, PMC7817818, PMC7885459, PMC7893692, PMC8411547, PMC8806437, PMC8963903, PMC9358836, PMC9750767, PMC9953662",60.61,61.78,55.0,54.5,762,158,44,33,626,679,645,700,forward,reverse_complement,4,3,3,"PMC10034518,PMC11122527,PMC11794764,PMC4077650,PMC5220409,PMC5562099,PMC6121454,PMC6371545,PMC7705747,PMC8724514,PMC9161675,PMC9778583","PMC10324906,PMC10404355,PMC10509643,PMC10671807,PMC10782062,PMC10835132,PMC11204041,PMC11249220,PMC11335260,PMC11506500,PMC12089236,PMC4666781,PMC4669774,PMC4790082,PMC4990559,PMC5358698,PMC5383003,PMC5772930,PMC5779880,PMC5831741,PMC5833364,PMC5992730,PMC6011386,PMC6276256,PMC6538636,PMC7967876,PMC8012148,PMC8231580,PMC8240633,PMC9006575,PMC9654174,PMC9983316",,"PMC10222618,PMC10387216,PMC10407617,PMC10454939,PMC10779481,PMC10809007,PMC10903013,PMC11118509,PMC11129143,PMC11197745,PMC11330066,PMC11361852,PMC11439940,PMC11561506,PMC11744864,PMC11755084,PMC11817755,PMC11867901,PMC12085028,PMC3788782,PMC6151224,PMC7300400,PMC7504673,PMC7746460,PMC7817818,PMC7885459,PMC7893692,PMC8411547,PMC8806437,PMC8963903,PMC9358836,PMC9750767,PMC9953662",0,12,0,32,33,0.43383926727338384,0.9227777777777777,0.6099999999999994,61.575296697002514,
GTGCAGCCTTTGTGTCCAAG,CACTACCTCGCTGCCCTCC,PMF1-BGLAP,PMF1-BGLAP,"BGLAP (6), OCN (6), Osteocalcin (4), OSTEOCALCIN (3), GAPDH (2), OSC (2), RUNX2 (2), ALP (1), BGLAP-F (1), OCL (1), OCN-F (1), OCN-hR (1), OPN (1), OSTC (1), reverce (1)","Osteocalcin (7), BGLAP (4), Gene (2), BGLAP/PB-OST (1), Bglap (1), COL1A1 (1), GENE/NCBI (1), IBSP (1), NM_199173.6 (1), OCN (1), OCN-R (1), OSX (1), Wnt3a (1)",0.004,0.011,45,35,"PMC10034518, PMC10324906, PMC10404355, PMC10509643, PMC10671807, PMC10782062, PMC10835132, PMC11122527, PMC11204041, PMC11249220, PMC11335260, PMC11506500, PMC11794764, PMC12089236, PMC4077650, PMC4666781, PMC4669774, PMC4790082, PMC4990559, PMC5220409, PMC5358698, PMC5383003, PMC5562099, PMC5772930, PMC5779880, PMC5831741, PMC5833364, PMC5992730, PMC6011386, PMC6121454, PMC6276256, PMC6371545, PMC6538636, PMC7705747, PMC7967876, PMC8012148, PMC8231580, PMC8240633, PMC8724514, PMC9006575, PMC9161675, PMC9654174, PMC9778583, PMC9983316","PMC10039520, PMC10413082, PMC10905591, PMC11057131, PMC1808058, PMC2936347, PMC3111432, PMC3488317, PMC3594746, PMC3598946, PMC3965505, PMC4076233, PMC4447443, PMC4550660, PMC4682290, PMC4917651, PMC5293776, PMC5364878, PMC545655, PMC5609535, PMC6481719, PMC6682326, PMC7239921, PMC7389809, PMC7666130, PMC7947597, PMC8120848, PMC8290398, PMC8426510, PMC8756236, PMC8882829, PMC9130678, PMC9911595",60.61,62.73,55.0,68.4,762,443,44,33,626,648,645,666,forward,reverse_complement,4,2,5,"PMC10034518,PMC11122527,PMC11794764,PMC4077650,PMC5220409,PMC5562099,PMC6121454,PMC6371545,PMC7705747,PMC8724514,PMC9161675,PMC9778583","PMC10324906,PMC10404355,PMC10509643,PMC10671807,PMC10782062,PMC10835132,PMC11204041,PMC11249220,PMC11335260,PMC11506500,PMC12089236,PMC4666781,PMC4669774,PMC4790082,PMC4990559,PMC5358698,PMC5383003,PMC5772930,PMC5779880,PMC5831741,PMC5833364,PMC5992730,PMC6011386,PMC6276256,PMC6538636,PMC7967876,PMC8012148,PMC8231580,PMC8240633,PMC9006575,PMC9654174,PMC9983316","PMC10039520,PMC10413082,PMC10905591,PMC11057131,PMC1808058,PMC2936347,PMC3111432,PMC3488317,PMC3594746,PMC3598946,PMC3965505,PMC4076233,PMC4447443,PMC4550660,PMC4682290,PMC4917651,PMC5293776,PMC5364878,PMC545655,PMC5609535,PMC6481719,PMC6682326,PMC7239921,PMC7389809,PMC7666130,PMC7947597,PMC8120848,PMC8290398,PMC8426510,PMC8756236,PMC8882829,PMC9130678,PMC9911595",,0,12,33,32,0,0.6248613929008702,0.7758333333333335,0.2933333333333342,60.3847363117102,
GTGCAGCCTTTGTGTCCAAG,CTCCTGAAAGCCGATGTGGTCA,PMF1-BGLAP,PMF1-BGLAP,"BGLAP (6), OCN (6), Osteocalcin (4), OSTEOCALCIN (3), GAPDH (2), OSC (2), RUNX2 (2), ALP (1), BGLAP-F (1), OCL (1), OCN-F (1), OCN-hR (1), OPN (1), OSTC (1), reverce (1)","BGLAP (4), Osteocalcin (3), Direction (2), ALPL (1), BGLAP-R (1), Bglap (1), Bglap2 (1), DSPP (1), Gene (1), OC (1), OCN (1), Osteocalin-Reverse (1), VEGF (1), hOCN-R (1)",0.004,0.000345,45,32,"PMC10034518, PMC10324906, PMC10404355, PMC10509643, PMC10671807, PMC10782062, PMC10835132, PMC11122527, PMC11204041, PMC11249220, PMC11335260, PMC11506500, PMC11794764, PMC12089236, PMC4077650, PMC4666781, PMC4669774, PMC4790082, PMC4990559, PMC5220409, PMC5358698, PMC5383003, PMC5562099, PMC5772930, PMC5779880, PMC5831741, PMC5833364, PMC5992730, PMC6011386, PMC6121454, PMC6276256, PMC6371545, PMC6538636, PMC7705747, PMC7967876, PMC8012148, PMC8231580, PMC8240633, PMC8724514, PMC9006575, PMC9161675, PMC9654174, PMC9778583, PMC9983316","PMC10222618, PMC10387216, PMC10407617, PMC10454939, PMC10779481, PMC10809007, PMC10903013, PMC11118509, PMC11129143, PMC11197745, PMC11330066, PMC11361852, PMC11439940, PMC11561506, PMC11744864, PMC11755084, PMC11817755, PMC11867901, PMC12085028, PMC3788782, PMC6151224, PMC7300400, PMC7407412, PMC7504673, PMC7746460, PMC7817818, PMC7885459, PMC8411547, PMC8963903, PMC9617701, PMC9750767, PMC9953662",60.61,63.23,55.0,54.5,762,137,44,32,626,780,645,801,forward,reverse_complement,4,3,4,"PMC10034518,PMC11122527,PMC11794764,PMC4077650,PMC5220409,PMC5562099,PMC6121454,PMC6371545,PMC7705747,PMC8724514,PMC9161675,PMC9778583","PMC10324906,PMC10404355,PMC10509643,PMC10671807,PMC10782062,PMC10835132,PMC11204041,PMC11249220,PMC11335260,PMC11506500,PMC12089236,PMC4666781,PMC4669774,PMC4790082,PMC4990559,PMC5358698,PMC5383003,PMC5772930,PMC5779880,PMC5831741,PMC5833364,PMC5992730,PMC6011386,PMC6276256,PMC6538636,PMC7967876,PMC8012148,PMC8231580,PMC8240633,PMC9006575,PMC9654174,PMC9983316","PMC10222618,PMC10387216,PMC10407617,PMC10454939,PMC10779481,PMC10809007,PMC10903013,PMC11118509,PMC11129143,PMC11197745,PMC11330066,PMC11361852,PMC11439940,PMC11561506,PMC11744864,PMC11755084,PMC11817755,PMC11867901,PMC12085028,PMC3788782,PMC6151224,PMC7300400,PMC7407412,PMC7504673,PMC7746460,PMC7817818,PMC7885459,PMC8411547,PMC8963903,PMC9617701,PMC9750767,PMC9953662",,0,12,32,32,0,0.6220437318602543,0.8422222222222224,0.12666666666666748,58.90218659301274,
GTGCAGCCTTTGTGTCCAAG,TCAGCCAACTCGTCACAGTC,PMF1-BGLAP,PMF1-BGLAP,"BGLAP (6), OCN (6), Osteocalcin (4), OSTEOCALCIN (3), GAPDH (2), OSC (2), RUNX2 (2), ALP (1), BGLAP-F (1), OCL (1), OCN-F (1), OCN-hR (1), OPN (1), OSTC (1), reverce (1)","BGLAP (18), Osteocalcin (18), OCN (13), Gene (7), Human (3), human (3), GAPDH (2), NM_199173.5 (2), The (2), ALP (1), BGLAP-R (1), Bone (1), CAGTC (1), CxCr4 (1), Direction (1), FGF23 (1), Genes (1), H-OCN-R1 (1), MasterMix (1), NM_199173 (1), NM_199173.3 (1), OC (1), OC-R (1), OCN- (1), OCN-F (1), OSTEOCALCIN (1), OTC (1), Osteocalcin-R (1), Osteogenesis (1), TGF- (1), hum_OCN_5/3 (1)",0.004,0.004,45,141,"PMC10034518, PMC10324906, PMC10404355, PMC10509643, PMC10671807, PMC10782062, PMC10835132, PMC11122527, PMC11204041, PMC11249220, PMC11335260, PMC11506500, PMC11794764, PMC12089236, PMC4077650, PMC4666781, PMC4669774, PMC4790082, PMC4990559, PMC5220409, PMC5358698, PMC5383003, PMC5562099, PMC5772930, PMC5779880, PMC5831741, PMC5833364, PMC5992730, PMC6011386, PMC6121454, PMC6276256, PMC6371545, PMC6538636, PMC7705747, PMC7967876, PMC8012148, PMC8231580, PMC8240633, PMC8724514, PMC9006575, PMC9161675, PMC9654174, PMC9778583, PMC9983316","PMC10034518, PMC10379034, PMC10406694, PMC10552899, PMC10618393, PMC10743052, PMC10858363, PMC10878834, PMC10889793, PMC10976750, PMC11122527, PMC11259626, PMC11269795, PMC11499919, PMC11559138, PMC11562309, PMC11578294, PMC11591890, PMC11595442, PMC11762233, PMC11794764, PMC11839199, PMC11918522, PMC12072047, PMC12080316, PMC12091229, PMC12107957, PMC2646266, PMC3136101, PMC3170288, PMC3446456, PMC3471036, PMC3706764, PMC3799771, PMC3805512, PMC3849435, PMC3907683, PMC3914586, PMC4055119, PMC4077650, PMC4081551, PMC4087006, PMC4178031, PMC4201491, PMC4227163, PMC4298333, PMC4404686, PMC4416238, PMC4451686, PMC4500612, PMC4539932, PMC4559195, PMC4562352, PMC4674106, PMC4676112, PMC4707328, PMC4813262, PMC4880889, PMC4899037, PMC4932130, PMC5072612, PMC5099844, PMC5164905, PMC5322661, PMC5358692, PMC5360390, PMC5493527, PMC5551777, PMC5552848, PMC5573935, PMC5658998, PMC5667471, PMC5690675, PMC5733904, PMC5746324, PMC5895940, PMC5997644, PMC6008747, PMC6073779, PMC6092836, PMC6095197, PMC6163325, PMC6172397, PMC6263063, PMC6323209, PMC6371545, PMC6434481, PMC6494860, PMC6538993, PMC6594112, PMC6743420, PMC6918167, PMC7191235, PMC7266346, PMC7315279, PMC7334395, PMC7352200, PMC7378902, PMC7545469, PMC7555878, PMC7564340, PMC7653780, PMC7691854, PMC7736623, PMC7751477, PMC7848378, PMC7897289, PMC8027176, PMC8063876, PMC8257615, PMC8353646, PMC8395443, PMC8399135, PMC8508916, PMC8520689, PMC8525028, PMC8554986, PMC8717537, PMC8758693, PMC8805820, PMC8868595, PMC8897656, PMC8949995, PMC8998418, PMC9097555, PMC9161927, PMC9406723, PMC9663507, PMC9778583, PMC9796874, PMC9857206, PMC9869574, PMC9934467, PMC9949900, PMC9963438, PMC9964429, PMC9993741",60.61,60.61,55.0,55.0,762,2507,44,137,626,763,645,782,forward,reverse_complement,4,3,4,"PMC10034518,PMC11122527,PMC11794764,PMC4077650,PMC5220409,PMC5562099,PMC6121454,PMC6371545,PMC7705747,PMC8724514,PMC9161675,PMC9778583","PMC10324906,PMC10404355,PMC10509643,PMC10671807,PMC10782062,PMC10835132,PMC11204041,PMC11249220,PMC11335260,PMC11506500,PMC12089236,PMC4666781,PMC4669774,PMC4790082,PMC4990559,PMC5358698,PMC5383003,PMC5772930,PMC5779880,PMC5831741,PMC5833364,PMC5992730,PMC6011386,PMC6276256,PMC6538636,PMC7967876,PMC8012148,PMC8231580,PMC8240633,PMC9006575,PMC9654174,PMC9983316","PMC10034518,PMC10379034,PMC10552899,PMC10618393,PMC10858363,PMC10878834,PMC10889793,PMC10976750,PMC11122527,PMC11259626,PMC11269795,PMC11559138,PMC11578294,PMC11591890,PMC11595442,PMC11762233,PMC11794764,PMC11839199,PMC11918522,PMC12080316,PMC12091229,PMC2646266,PMC3136101,PMC3446456,PMC3799771,PMC3805512,PMC3849435,PMC3907683,PMC3914586,PMC4055119,PMC4077650,PMC4081551,PMC4087006,PMC4178031,PMC4201491,PMC4227163,PMC4298333,PMC4404686,PMC4539932,PMC4562352,PMC4674106,PMC4676112,PMC4707328,PMC4880889,PMC4899037,PMC4932130,PMC5072612,PMC5099844,PMC5164905,PMC5322661,PMC5358692,PMC5360390,PMC5493527,PMC5551777,PMC5573935,PMC5658998,PMC5690675,PMC5733904,PMC5746324,PMC5895940,PMC5997644,PMC6073779,PMC6092836,PMC6095197,PMC6172397,PMC6263063,PMC6323209,PMC6371545,PMC6434481,PMC6743420,PMC7191235,PMC7266346,PMC7315279,PMC7378902,PMC7555878,PMC7564340,PMC7653780,PMC7736623,PMC7751477,PMC7897289,PMC8027176,PMC8063876,PMC8257615,PMC8353646,PMC8395443,PMC8399135,PMC8508916,PMC8520689,PMC8525028,PMC8554986,PMC8717537,PMC8758693,PMC8805820,PMC8868595,PMC8949995,PMC9097555,PMC9161927,PMC9406723,PMC9663507,PMC9778583,PMC9796874,PMC9857206,PMC9869574,PMC9949900,PMC9963438,PMC9964429,PMC9993741","PMC10406694,PMC10743052,PMC11499919,PMC11562309,PMC12072047,PMC12107957,PMC3170288,PMC3471036,PMC3706764,PMC4416238,PMC4451686,PMC4500612,PMC4559195,PMC4813262,PMC5552848,PMC5667471,PMC6008747,PMC6163325,PMC6494860,PMC6538993,PMC6594112,PMC6918167,PMC7334395,PMC7352200,PMC7545469,PMC7691854,PMC7848378,PMC8897656,PMC8998418,PMC9934467",6,12,107,32,30,1.0,0.9877777777777778,1.0,99.63333333333333,"PMC10034518,PMC11122527,PMC11794764,PMC4077650,PMC6371545,PMC9778583"
GTGCAGCCTTTGTGTCCAAG,GGTCAGCCAACTCGTCACAGTC,PMF1-BGLAP,PMF1-BGLAP,"BGLAP (6), OCN (6), Osteocalcin (4), OSTEOCALCIN (3), GAPDH (2), OSC (2), RUNX2 (2), ALP (1), BGLAP-F (1), OCL (1), OCN-F (1), OCN-hR (1), OPN (1), OSTC (1), reverce (1)","OCN (9), BGLAP (2), 50 (1), Actin (1), Antibodies (1), COL (1), COLI (1), Fn1 (1), G6PDH (1), Gene (1), NM000711 (1), Osteocalcin (1), RUNX2 (1), Runx2 (1), TCF-4 (1), h-OCN-R (1), h-Ocn (1), h-Ocn-R (1)",0.004,0.000345,45,54,"PMC10034518, PMC10324906, PMC10404355, PMC10509643, PMC10671807, PMC10782062, PMC10835132, PMC11122527, PMC11204041, PMC11249220, PMC11335260, PMC11506500, PMC11794764, PMC12089236, PMC4077650, PMC4666781, PMC4669774, PMC4790082, PMC4990559, PMC5220409, PMC5358698, PMC5383003, PMC5562099, PMC5772930, PMC5779880, PMC5831741, PMC5833364, PMC5992730, PMC6011386, PMC6121454, PMC6276256, PMC6371545, PMC6538636, PMC7705747, PMC7967876, PMC8012148, PMC8231580, PMC8240633, PMC8724514, PMC9006575, PMC9161675, PMC9654174, PMC9778583, PMC9983316","PMC10002049, PMC10154459, PMC10282952, PMC10294445, PMC10337197, PMC10813297, PMC10878154, PMC11010622, PMC11067224, PMC11471398, PMC11476683, PMC11797752, PMC12097015, PMC12098891, PMC3869757, PMC4012947, PMC4200022, PMC4264207, PMC4270765, PMC4464659, PMC4630184, PMC4914939, PMC5109898, PMC5268458, PMC5439454, PMC5653327, PMC5695137, PMC5762292, PMC5780180, PMC5835706, PMC5852880, PMC6072152, PMC6097469, PMC6325129, PMC6722737, PMC6818209, PMC6896396, PMC6921428, PMC7028870, PMC7073499, PMC7102919, PMC7395790, PMC7581448, PMC7946453, PMC8051722, PMC8076131, PMC8961311, PMC8973756, PMC9117959, PMC9276041, PMC9284897, PMC9346378, PMC9571456",60.61,63.99,55.0,59.1,762,698,44,53,626,763,645,784,forward,reverse_complement,4,3,4,"PMC10034518,PMC11122527,PMC11794764,PMC4077650,PMC5220409,PMC5562099,PMC6121454,PMC6371545,PMC7705747,PMC8724514,PMC9161675,PMC9778583","PMC10324906,PMC10404355,PMC10509643,PMC10671807,PMC10782062,PMC10835132,PMC11204041,PMC11249220,PMC11335260,PMC11506500,PMC12089236,PMC4666781,PMC4669774,PMC4790082,PMC4990559,PMC5358698,PMC5383003,PMC5772930,PMC5779880,PMC5831741,PMC5833364,PMC5992730,PMC6011386,PMC6276256,PMC6538636,PMC7967876,PMC8012148,PMC8231580,PMC8240633,PMC9006575,PMC9654174,PMC9983316","PMC10002049,PMC10154459,PMC10282952,PMC10294445,PMC10337197,PMC10813297,PMC10878154,PMC11010622,PMC11067224,PMC11471398,PMC11476683,PMC11797752,PMC12097015,PMC12098891,PMC3869757,PMC4012947,PMC4200022,PMC4264207,PMC4270765,PMC4464659,PMC4630184,PMC4914939,PMC5109898,PMC5268458,PMC5439454,PMC5653327,PMC5695137,PMC5762292,PMC5780180,PMC5835706,PMC5852880,PMC6072152,PMC6097469,PMC6325129,PMC6722737,PMC6818209,PMC6896396,PMC6921428,PMC7028870,PMC7073499,PMC7102919,PMC7395790,PMC7581448,PMC7946453,PMC8051722,PMC8076131,PMC8961311,PMC8973756,PMC9117959,PMC9276041,PMC9284897,PMC9346378,PMC9571456",,0,12,53,32,0,0.6685259453183279,0.7855555555555556,0.0,56.992963932583066,
GTGCAGCCTTTGTGTCCAAG,TTGATACAGGTAGCGCCTGGG,PMF1-BGLAP,PMF1-BGLAP,"BGLAP (6), OCN (6), Osteocalcin (4), OSTEOCALCIN (3), GAPDH (2), OSC (2), RUNX2 (2), ALP (1), BGLAP-F (1), OCL (1), OCN-F (1), OCN-hR (1), OPN (1), OSTC (1), reverce (1)","OCN (23), Osteocalcin (3), 632 (1), Antibodies (1), BGLAP (1), COLI (1), Fn1 (1), NM000711 (1), OC (1), h-OCN-F (1), h-Ocn (1), h-Ocn-F (1)",0.004,0.001,45,40,"PMC10034518, PMC10324906, PMC10404355, PMC10509643, PMC10671807, PMC10782062, PMC10835132, PMC11122527, PMC11204041, PMC11249220, PMC11335260, PMC11506500, PMC11794764, PMC12089236, PMC4077650, PMC4666781, PMC4669774, PMC4790082, PMC4990559, PMC5220409, PMC5358698, PMC5383003, PMC5562099, PMC5772930, PMC5779880, PMC5831741, PMC5833364, PMC5992730, PMC6011386, PMC6121454, PMC6276256, PMC6371545, PMC6538636, PMC7705747, PMC7967876, PMC8012148, PMC8231580, PMC8240633, PMC8724514, PMC9006575, PMC9161675, PMC9654174, PMC9778583, PMC9983316","PMC10154459, PMC10282952, PMC10337197, PMC10878154, PMC11471398, PMC11797752, PMC12097015, PMC12098891, PMC3692432, PMC3869757, PMC4200022, PMC4264207, PMC4464659, PMC4630184, PMC4793227, PMC4914939, PMC5109898, PMC5213995, PMC5268458, PMC5439454, PMC5653327, PMC5762292, PMC5780180, PMC5809428, PMC5852880, PMC6072152, PMC6267832, PMC6325129, PMC6896396, PMC7028870, PMC7073499, PMC7102919, PMC7395790, PMC7581448, PMC7946453, PMC8961311, PMC8973756, PMC9117959, PMC9284897, PMC9346378",60.61,62.58,55.0,57.1,762,538,44,40,626,673,645,693,forward,reverse_complement,4,4,3,"PMC10034518,PMC11122527,PMC11794764,PMC4077650,PMC5220409,PMC5562099,PMC6121454,PMC6371545,PMC7705747,PMC8724514,PMC9161675,PMC9778583","PMC10324906,PMC10404355,PMC10509643,PMC10671807,PMC10782062,PMC10835132,PMC11204041,PMC11249220,PMC11335260,PMC11506500,PMC12089236,PMC4666781,PMC4669774,PMC4790082,PMC4990559,PMC5358698,PMC5383003,PMC5772930,PMC5779880,PMC5831741,PMC5833364,PMC5992730,PMC6011386,PMC6276256,PMC6538636,PMC7967876,PMC8012148,PMC8231580,PMC8240633,PMC9006575,PMC9654174,PMC9983316",,"PMC10154459,PMC10282952,PMC10337197,PMC10878154,PMC11471398,PMC11797752,PMC12097015,PMC12098891,PMC3692432,PMC3869757,PMC4200022,PMC4264207,PMC4464659,PMC4630184,PMC4793227,PMC4914939,PMC5109898,PMC5213995,PMC5268458,PMC5439454,PMC5653327,PMC5762292,PMC5780180,PMC5809428,PMC5852880,PMC6072152,PMC6267832,PMC6325129,PMC6896396,PMC7028870,PMC7073499,PMC7102919,PMC7395790,PMC7581448,PMC7946453,PMC8961311,PMC8973756,PMC9117959,PMC9284897,PMC9346378",0,12,0,32,40,0.4413679549143571,0.8366666666666667,0.3433333333333337,54.03506441238453,
GTGCAGCCTTTGTGTCCAAG,CTGGAGAGGAGCAGAACTGG,PMF1-BGLAP,PMF1-BGLAP,"BGLAP (6), OCN (6), Osteocalcin (4), OSTEOCALCIN (3), GAPDH (2), OSC (2), RUNX2 (2), ALP (1), BGLAP-F (1), OCL (1), OCN-F (1), OCN-hR (1), OPN (1), OSTC (1), reverce (1)","Gene (3), OCN (3), BGLAP (2), Human (2), Osteocalcin (2), GAPDH (1), OCN--R (1), OCN-R (1), OTC (1), Primers (1), Shengong (1)",0.004,0.004,45,34,"PMC10034518, PMC10324906, PMC10404355, PMC10509643, PMC10671807, PMC10782062, PMC10835132, PMC11122527, PMC11204041, PMC11249220, PMC11335260, PMC11506500, PMC11794764, PMC12089236, PMC4077650, PMC4666781, PMC4669774, PMC4790082, PMC4990559, PMC5220409, PMC5358698, PMC5383003, PMC5562099, PMC5772930, PMC5779880, PMC5831741, PMC5833364, PMC5992730, PMC6011386, PMC6121454, PMC6276256, PMC6371545, PMC6538636, PMC7705747, PMC7967876, PMC8012148, PMC8231580, PMC8240633, PMC8724514, PMC9006575, PMC9161675, PMC9654174, PMC9778583, PMC9983316","PMC10658208, PMC11499919, PMC11562309, PMC11706895, PMC12013848, PMC12107957, PMC3170288, PMC3215189, PMC3692432, PMC3722850, PMC3854245, PMC4135228, PMC4190335, PMC4497709, PMC4500612, PMC4559195, PMC4813262, PMC5018325, PMC5151109, PMC5213995, PMC5214565, PMC5552848, PMC5769534, PMC6008747, PMC6163325, PMC6494860, PMC6594112, PMC6868153, PMC6990577, PMC7334395, PMC7545469, PMC7673024, PMC8262658, PMC9882893",60.61,60.12,55.0,60.0,762,671,44,34,626,862,645,881,forward,reverse_complement,4,3,4,"PMC10034518,PMC11122527,PMC11794764,PMC4077650,PMC5220409,PMC5562099,PMC6121454,PMC6371545,PMC7705747,PMC8724514,PMC9161675,PMC9778583","PMC10324906,PMC10404355,PMC10509643,PMC10671807,PMC10782062,PMC10835132,PMC11204041,PMC11249220,PMC11335260,PMC11506500,PMC12089236,PMC4666781,PMC4669774,PMC4790082,PMC4990559,PMC5358698,PMC5383003,PMC5772930,PMC5779880,PMC5831741,PMC5833364,PMC5992730,PMC6011386,PMC6276256,PMC6538636,PMC7967876,PMC8012148,PMC8231580,PMC8240633,PMC9006575,PMC9654174,PMC9983316","PMC10658208,PMC11499919,PMC11562309,PMC11706895,PMC12013848,PMC12107957,PMC3170288,PMC3215189,PMC3692432,PMC3722850,PMC3854245,PMC4135228,PMC4190335,PMC4497709,PMC4500612,PMC4559195,PMC4813262,PMC5018325,PMC5151109,PMC5213995,PMC5214565,PMC5552848,PMC5769534,PMC6008747,PMC6163325,PMC6494860,PMC6594112,PMC6868153,PMC6990577,PMC7334395,PMC7545469,PMC7673024,PMC8262658,PMC9882893",,0,12,34,32,0,0.6275973709979741,0.931111111111111,0.836666666666666,76.04653521656536,
GTGCAGCCTTTGTGTCCAAG,CCTGAAAGCCGATGTGGT,PMF1-BGLAP,PMF1-BGLAP,"BGLAP (6), OCN (6), Osteocalcin (4), OSTEOCALCIN (3), GAPDH (2), OSC (2), RUNX2 (2), ALP (1), BGLAP-F (1), OCL (1), OCN-F (1), OCN-hR (1), OPN (1), OSTC (1), reverce (1)","OCN (6), BSP-R (2), Gene (2), OCN-R (2), ALP (1), CCTGA (1), OC (1), OCN6 (1), Osteocalcin (1), hsa-OCN-R (1)",0.004,0.028,45,26,"PMC10034518, PMC10324906, PMC10404355, PMC10509643, PMC10671807, PMC10782062, PMC10835132, PMC11122527, PMC11204041, PMC11249220, PMC11335260, PMC11506500, PMC11794764, PMC12089236, PMC4077650, PMC4666781, PMC4669774, PMC4790082, PMC4990559, PMC5220409, PMC5358698, PMC5383003, PMC5562099, PMC5772930, PMC5779880, PMC5831741, PMC5833364, PMC5992730, PMC6011386, PMC6121454, PMC6276256, PMC6371545, PMC6538636, PMC7705747, PMC7967876, PMC8012148, PMC8231580, PMC8240633, PMC8724514, PMC9006575, PMC9161675, PMC9654174, PMC9778583, PMC9983316","PMC10070041, PMC10222704, PMC10285757, PMC3763164, PMC4655957, PMC5472052, PMC5702518, PMC5774528, PMC5837092, PMC6029428, PMC6080583, PMC6248998, PMC6333395, PMC6484321, PMC6756869, PMC6811559, PMC6812411, PMC7579890, PMC8273062, PMC8290518, PMC8570085, PMC8678408, PMC8800246, PMC8865099",60.61,57.92,55.0,55.6,762,362,44,24,626,782,645,799,forward,reverse_complement,4,2,4,"PMC10034518,PMC11122527,PMC11794764,PMC4077650,PMC5220409,PMC5562099,PMC6121454,PMC6371545,PMC7705747,PMC8724514,PMC9161675,PMC9778583","PMC10324906,PMC10404355,PMC10509643,PMC10671807,PMC10782062,PMC10835132,PMC11204041,PMC11249220,PMC11335260,PMC11506500,PMC12089236,PMC4666781,PMC4669774,PMC4790082,PMC4990559,PMC5358698,PMC5383003,PMC5772930,PMC5779880,PMC5831741,PMC5833364,PMC5992730,PMC6011386,PMC6276256,PMC6538636,PMC7967876,PMC8012148,PMC8231580,PMC8240633,PMC9006575,PMC9654174,PMC9983316","PMC10070041,PMC10222704,PMC10285757,PMC3763164,PMC4655957,PMC5472052,PMC5702518,PMC5774528,PMC5837092,PMC6029428,PMC6080583,PMC6248998,PMC6333395,PMC6756869,PMC6811559,PMC6812411,PMC7579890,PMC8273062,PMC8570085,PMC8800246,PMC8865099","PMC6484321,PMC8290518,PMC8678408",0,12,21,32,3,0.5889148577790447,0.7755555555555557,0.10333333333333405,54.779076222285596,
GTGCAGCCTTTGTGTCCAAG,GATGTGGTCAGCCAACTC,PMF1-BGLAP,PMF1-BGLAP,"BGLAP (6), OCN (6), Osteocalcin (4), OSTEOCALCIN (3), GAPDH (2), OSC (2), RUNX2 (2), ALP (1), BGLAP-F (1), OCL (1), OCN-F (1), OCN-hR (1), OPN (1), OSTC (1), reverce (1)","Osteocalcin (7), GAPDH (2), BGLAP (1), Genes (1), OCN-R (1), OSTEOCALCIN (1), OSTERIX (1), RUNX-2-forward (1), RUNX2 (1), The (1), Type (1)",0.004,0.028,45,21,"PMC10034518, PMC10324906, PMC10404355, PMC10509643, PMC10671807, PMC10782062, PMC10835132, PMC11122527, PMC11204041, PMC11249220, PMC11335260, PMC11506500, PMC11794764, PMC12089236, PMC4077650, PMC4666781, PMC4669774, PMC4790082, PMC4990559, PMC5220409, PMC5358698, PMC5383003, PMC5562099, PMC5772930, PMC5779880, PMC5831741, PMC5833364, PMC5992730, PMC6011386, PMC6121454, PMC6276256, PMC6371545, PMC6538636, PMC7705747, PMC7967876, PMC8012148, PMC8231580, PMC8240633, PMC8724514, PMC9006575, PMC9161675, PMC9654174, PMC9778583, PMC9983316","PMC10209287, PMC10218682, PMC4556843, PMC4673191, PMC4699026, PMC4750003, PMC4837802, PMC4929892, PMC4961106, PMC5009659, PMC5763659, PMC5809617, PMC5833785, PMC6311247, PMC7539403, PMC8134029, PMC8245033, PMC8467999, PMC9024451, PMC9747886",60.61,55.99,55.0,55.6,762,252,44,20,626,772,645,789,forward,reverse_complement,4,3,3,"PMC10034518,PMC11122527,PMC11794764,PMC4077650,PMC5220409,PMC5562099,PMC6121454,PMC6371545,PMC7705747,PMC8724514,PMC9161675,PMC9778583","PMC10324906,PMC10404355,PMC10509643,PMC10671807,PMC10782062,PMC10835132,PMC11204041,PMC11249220,PMC11335260,PMC11506500,PMC12089236,PMC4666781,PMC4669774,PMC4790082,PMC4990559,PMC5358698,PMC5383003,PMC5772930,PMC5779880,PMC5831741,PMC5833364,PMC5992730,PMC6011386,PMC6276256,PMC6538636,PMC7967876,PMC8012148,PMC8231580,PMC8240633,PMC9006575,PMC9654174,PMC9983316","PMC10209287,PMC10218682,PMC4556843,PMC4673191,PMC4699026,PMC4750003,PMC4837802,PMC4929892,PMC4961106,PMC5009659,PMC5763659,PMC5809617,PMC5833785,PMC6311247,PMC7539403,PMC8134029,PMC8245033,PMC8467999,PMC9024451,PMC9747886",,0,12,20,32,0,0.579383280777952,0.7522222222222222,0.0,51.535830705564265,
GTGCAGCCTTTGTGTCCAAG,GGCTCCCAGCCATTGATACAG,PMF1-BGLAP,PMF1-BGLAP,"BGLAP (6), OCN (6), Osteocalcin (4), OSTEOCALCIN (3), GAPDH (2), OSC (2), RUNX2 (2), ALP (1), BGLAP-F (1), OCL (1), OCN-F (1), OCN-hR (1), OPN (1), OSTC (1), reverce (1)","Osteocalcin (4), OCN (3), Gene (2), BGLAP (1), Genes (1), Homo (1), OCN-R (1), gene (1)",0.004,0.001,45,19,"PMC10034518, PMC10324906, PMC10404355, PMC10509643, PMC10671807, PMC10782062, PMC10835132, PMC11122527, PMC11204041, PMC11249220, PMC11335260, PMC11506500, PMC11794764, PMC12089236, PMC4077650, PMC4666781, PMC4669774, PMC4790082, PMC4990559, PMC5220409, PMC5358698, PMC5383003, PMC5562099, PMC5772930, PMC5779880, PMC5831741, PMC5833364, PMC5992730, PMC6011386, PMC6121454, PMC6276256, PMC6371545, PMC6538636, PMC7705747, PMC7967876, PMC8012148, PMC8231580, PMC8240633, PMC8724514, PMC9006575, PMC9161675, PMC9654174, PMC9778583, PMC9983316","PMC10288420, PMC10703823, PMC12108652, PMC3829770, PMC3926498, PMC4204190, PMC5373515, PMC5455643, PMC6136473, PMC6781330, PMC7528055, PMC7925396, PMC8010662, PMC8047219, PMC8184675, PMC8306468, PMC8707254, PMC8717387, PMC9251783",60.61,61.48,55.0,57.1,762,222,44,19,626,685,645,705,forward,reverse_complement,4,4,4,"PMC10034518,PMC11122527,PMC11794764,PMC4077650,PMC5220409,PMC5562099,PMC6121454,PMC6371545,PMC7705747,PMC8724514,PMC9161675,PMC9778583","PMC10324906,PMC10404355,PMC10509643,PMC10671807,PMC10782062,PMC10835132,PMC11204041,PMC11249220,PMC11335260,PMC11506500,PMC12089236,PMC4666781,PMC4669774,PMC4790082,PMC4990559,PMC5358698,PMC5383003,PMC5772930,PMC5779880,PMC5831741,PMC5833364,PMC5992730,PMC6011386,PMC6276256,PMC6538636,PMC7967876,PMC8012148,PMC8231580,PMC8240633,PMC9006575,PMC9654174,PMC9983316","PMC10288420,PMC10703823,PMC12108652,PMC3829770,PMC3926498,PMC4204190,PMC5373515,PMC5455643,PMC6136473,PMC6781330,PMC7528055,PMC7925396,PMC8010662,PMC8047219,PMC8184675,PMC8306468,PMC8707254,PMC8717387,PMC9251783",,0,12,19,32,0,0.5747782389247807,0.897777777777778,0.7100000000000009,69.87224527957238,
GTGCAGCCTTTGTGTCCAAG,CTCACACACCTCCCTCCTG,PMF1-BGLAP,PMF1-BGLAP,"BGLAP (6), OCN (6), Osteocalcin (4), OSTEOCALCIN (3), GAPDH (2), OSC (2), RUNX2 (2), ALP (1), BGLAP-F (1), OCL (1), OCN-F (1), OCN-hR (1), OPN (1), OSTC (1), reverce (1)","Gene (2), Osteocalcin (2), Direction (1)",0.004,0.011,45,17,"PMC10034518, PMC10324906, PMC10404355, PMC10509643, PMC10671807, PMC10782062, PMC10835132, PMC11122527, PMC11204041, PMC11249220, PMC11335260, PMC11506500, PMC11794764, PMC12089236, PMC4077650, PMC4666781, PMC4669774, PMC4790082, PMC4990559, PMC5220409, PMC5358698, PMC5383003, PMC5562099, PMC5772930, PMC5779880, PMC5831741, PMC5833364, PMC5992730, PMC6011386, PMC6121454, PMC6276256, PMC6371545, PMC6538636, PMC7705747, PMC7967876, PMC8012148, PMC8231580, PMC8240633, PMC8724514, PMC9006575, PMC9161675, PMC9654174, PMC9778583, PMC9983316","PMC10069154, PMC10139012, PMC11456876, PMC12109992, PMC5589808, PMC5832166, PMC6066508, PMC6428815, PMC6934613, PMC7462980, PMC7541626, PMC7866227, PMC8236553, PMC8665165, PMC8684200, PMC8739256, PMC9821315",60.61,59.68,55.0,63.2,762,147,44,17,626,735,645,753,forward,reverse_complement,4,2,5,"PMC10034518,PMC11122527,PMC11794764,PMC4077650,PMC5220409,PMC5562099,PMC6121454,PMC6371545,PMC7705747,PMC8724514,PMC9161675,PMC9778583","PMC10324906,PMC10404355,PMC10509643,PMC10671807,PMC10782062,PMC10835132,PMC11204041,PMC11249220,PMC11335260,PMC11506500,PMC12089236,PMC4666781,PMC4669774,PMC4790082,PMC4990559,PMC5358698,PMC5383003,PMC5772930,PMC5779880,PMC5831741,PMC5833364,PMC5992730,PMC6011386,PMC6276256,PMC6538636,PMC7967876,PMC8012148,PMC8231580,PMC8240633,PMC9006575,PMC9654174,PMC9983316","PMC10069154,PMC10139012,PMC11456876,PMC12109992,PMC5589808,PMC5832166,PMC6066508,PMC6428815,PMC6934613,PMC7462980,PMC7541626,PMC7866227,PMC8236553,PMC8665165,PMC8739256,PMC9821315",PMC8684200,0,12,16,32,1,0.561737567153758,0.8866666666666666,0.6900000000000002,68.4868783576879,
TGACGAGTTGGCTGACCAC,GCCGTAGAAGCGCCGATAGGC,PMF1-BGLAP,PMF1-BGLAP,"BGLAP (5), hsa-OCN-reverse (3), Gene (2), 5BGLAP (1), BGLAP-Reverse (1), COL1a1 (1), Direction (1), NM_001173531.1 (1), OCN (1), OCT4 (1), OSC (1), Orientation (1), Osteocalcin (1), Osterix (1), Target (1)","Osteocalcin (7), GAPDH (2), BGLAP (1), Col-1 (1), Gene (1), Glyceraldehyde-3 (1), OC (1), OC-R (1)",0.011,0.001,38,36,"PMC10441659, PMC10444653, PMC10643473, PMC11301355, PMC11332729, PMC11488691, PMC11818253, PMC11892751, PMC11944977, PMC12087957, PMC4329829, PMC4879177, PMC4886818, PMC5057179, PMC5164906, PMC5583332, PMC5780081, PMC5800449, PMC6265790, PMC6383392, PMC6685704, PMC6861671, PMC6920280, PMC7475978, PMC7920808, PMC8670285, PMC8722308, PMC8818240, PMC9175016, PMC9233575, PMC9354009, PMC9355958, PMC9477632, PMC9564153, PMC9570360, PMC9843530","PMC10621931, PMC1079906, PMC11986050, PMC1794501, PMC2575631, PMC2950392, PMC3252365, PMC3353470, PMC3365132, PMC3430211, PMC3580562, PMC3613821, PMC3903490, PMC4055077, PMC4247692, PMC4369894, PMC4450897, PMC4516509, PMC4538412, PMC4729148, PMC4730281, PMC5055347, PMC5460492, PMC5531028, PMC5552222, PMC5615990, PMC5647033, PMC5811493, PMC5895002, PMC6058739, PMC6579983, PMC6720366, PMC7086144, PMC9147460",60.58,66.41,57.9,66.7,710,539,36,34,768,802,786,822,forward,reverse_complement,3,4,3,,"PMC10441659,PMC10444653,PMC10643473,PMC11301355,PMC11332729,PMC11488691,PMC11818253,PMC11892751,PMC11944977,PMC12087957,PMC4329829,PMC4879177,PMC4886818,PMC5057179,PMC5164906,PMC5583332,PMC5780081,PMC5800449,PMC6265790,PMC6383392,PMC6685704,PMC6861671,PMC6920280,PMC7475978,PMC7920808,PMC8670285,PMC8722308,PMC8818240,PMC9175016,PMC9233575,PMC9354009,PMC9355958,PMC9477632,PMC9564153,PMC9570360,PMC9843530","PMC10621931,PMC1079906,PMC11986050,PMC1794501,PMC2575631,PMC2950392,PMC3252365,PMC3353470,PMC3365132,PMC3430211,PMC3580562,PMC3613821,PMC3903490,PMC4055077,PMC4247692,PMC4369894,PMC4450897,PMC4516509,PMC4538412,PMC4729148,PMC4730281,PMC5055347,PMC5460492,PMC5531028,PMC5552222,PMC5615990,PMC5647033,PMC5811493,PMC5895002,PMC6058739,PMC6579983,PMC6720366,PMC7086144,PMC9147460",,0,0,34,36,0,0.4807828211188149,0.7036805555555556,0.0,45.14955772260741,
TGACGAGTTGGCTGACCAC,CTGGAGAGGAGCAGAACTGG,PMF1-BGLAP,PMF1-BGLAP,"BGLAP (5), hsa-OCN-reverse (3), Gene (2), 5BGLAP (1), BGLAP-Reverse (1), COL1a1 (1), Direction (1), NM_001173531.1 (1), OCN (1), OCT4 (1), OSC (1), Orientation (1), Osteocalcin (1), Osterix (1), Target (1)","Gene (3), OCN (3), BGLAP (2), Human (2), Osteocalcin (2), GAPDH (1), OCN--R (1), OCN-R (1), OTC (1), Primers (1), Shengong (1)",0.011,0.004,38,34,"PMC10441659, PMC10444653, PMC10643473, PMC11301355, PMC11332729, PMC11488691, PMC11818253, PMC11892751, PMC11944977, PMC12087957, PMC4329829, PMC4879177, PMC4886818, PMC5057179, PMC5164906, PMC5583332, PMC5780081, PMC5800449, PMC6265790, PMC6383392, PMC6685704, PMC6861671, PMC6920280, PMC7475978, PMC7920808, PMC8670285, PMC8722308, PMC8818240, PMC9175016, PMC9233575, PMC9354009, PMC9355958, PMC9477632, PMC9564153, PMC9570360, PMC9843530","PMC10658208, PMC11499919, PMC11562309, PMC11706895, PMC12013848, PMC12107957, PMC3170288, PMC3215189, PMC3692432, PMC3722850, PMC3854245, PMC4135228, PMC4190335, PMC4497709, PMC4500612, PMC4559195, PMC4813262, PMC5018325, PMC5151109, PMC5213995, PMC5214565, PMC5552848, PMC5769534, PMC6008747, PMC6163325, PMC6494860, PMC6594112, PMC6868153, PMC6990577, PMC7334395, PMC7545469, PMC7673024, PMC8262658, PMC9882893",60.58,60.12,57.9,60.0,710,671,36,34,768,862,786,881,forward,reverse_complement,3,3,4,,"PMC10441659,PMC10444653,PMC10643473,PMC11301355,PMC11332729,PMC11488691,PMC11818253,PMC11892751,PMC11944977,PMC12087957,PMC4329829,PMC4879177,PMC4886818,PMC5057179,PMC5164906,PMC5583332,PMC5780081,PMC5800449,PMC6265790,PMC6383392,PMC6685704,PMC6861671,PMC6920280,PMC7475978,PMC7920808,PMC8670285,PMC8722308,PMC8818240,PMC9175016,PMC9233575,PMC9354009,PMC9355958,PMC9477632,PMC9564153,PMC9570360,PMC9843530","PMC10658208,PMC11499919,PMC11562309,PMC11706895,PMC12013848,PMC12107957,PMC3170288,PMC3215189,PMC3692432,PMC3722850,PMC3854245,PMC4135228,PMC4190335,PMC4497709,PMC4500612,PMC4559195,PMC4813262,PMC5018325,PMC5151109,PMC5213995,PMC5214565,PMC5552848,PMC5769534,PMC6008747,PMC6163325,PMC6494860,PMC6594112,PMC6868153,PMC6990577,PMC7334395,PMC7545469,PMC7673024,PMC8262658,PMC9882893",,0,0,34,36,0,0.4807828211188149,0.8911111111111112,0.8466666666666663,67.70580772260742,
TGACGAGTTGGCTGACCAC,CCTGAAAGCCGATGTGGT,PMF1-BGLAP,PMF1-BGLAP,"BGLAP (5), hsa-OCN-reverse (3), Gene (2), 5BGLAP (1), BGLAP-Reverse (1), COL1a1 (1), Direction (1), NM_001173531.1 (1), OCN (1), OCT4 (1), OSC (1), Orientation (1), Osteocalcin (1), Osterix (1), Target (1)","OCN (6), BSP-R (2), Gene (2), OCN-R (2), ALP (1), CCTGA (1), OC (1), OCN6 (1), Osteocalcin (1), hsa-OCN-R (1)",0.011,0.028,38,26,"PMC10441659, PMC10444653, PMC10643473, PMC11301355, PMC11332729, PMC11488691, PMC11818253, PMC11892751, PMC11944977, PMC12087957, PMC4329829, PMC4879177, PMC4886818, PMC5057179, PMC5164906, PMC5583332, PMC5780081, PMC5800449, PMC6265790, PMC6383392, PMC6685704, PMC6861671, PMC6920280, PMC7475978, PMC7920808, PMC8670285, PMC8722308, PMC8818240, PMC9175016, PMC9233575, PMC9354009, PMC9355958, PMC9477632, PMC9564153, PMC9570360, PMC9843530","PMC10070041, PMC10222704, PMC10285757, PMC3763164, PMC4655957, PMC5472052, PMC5702518, PMC5774528, PMC5837092, PMC6029428, PMC6080583, PMC6248998, PMC6333395, PMC6484321, PMC6756869, PMC6811559, PMC6812411, PMC7579890, PMC8273062, PMC8290518, PMC8570085, PMC8678408, PMC8800246, PMC8865099",60.58,57.92,57.9,55.6,710,362,36,24,768,782,786,799,forward,reverse_complement,3,2,5,,"PMC10441659,PMC10444653,PMC10643473,PMC11301355,PMC11332729,PMC11488691,PMC11818253,PMC11892751,PMC11944977,PMC12087957,PMC4329829,PMC4879177,PMC4886818,PMC5057179,PMC5164906,PMC5583332,PMC5780081,PMC5800449,PMC6265790,PMC6383392,PMC6685704,PMC6861671,PMC6920280,PMC7475978,PMC7920808,PMC8670285,PMC8722308,PMC8818240,PMC9175016,PMC9233575,PMC9354009,PMC9355958,PMC9477632,PMC9564153,PMC9570360,PMC9843530","PMC10070041,PMC10222704,PMC10285757,PMC3763164,PMC4655957,PMC5472052,PMC5702518,PMC5774528,PMC5837092,PMC6029428,PMC6080583,PMC6248998,PMC6333395,PMC6756869,PMC6811559,PMC6812411,PMC7579890,PMC8273062,PMC8570085,PMC8800246,PMC8865099","PMC6484321,PMC8290518,PMC8678408",0,0,21,36,3,0.4421003078998856,0.7355555555555557,0.11333333333333451,46.43834872832764,
GCCTATCGGCGCTTCTACGGC,CTGGAGAGGAGCAGAACTGG,PMF1-BGLAP,PMF1-BGLAP,"Osteocalcin (7), GAPDH (2), BGLAP (1), Col-1 (1), Gene (1), Glyceraldehyde-3 (1), OC (1), OC-R (1)","Gene (3), OCN (3), BGLAP (2), Human (2), Osteocalcin (2), GAPDH (1), OCN--R (1), OCN-R (1), OTC (1), Primers (1), Shengong (1)",0.001,0.004,36,34,"PMC10621931, PMC1079906, PMC11986050, PMC1794501, PMC2575631, PMC2950392, PMC3252365, PMC3353470, PMC3365132, PMC3430211, PMC3580562, PMC3613821, PMC3903490, PMC4055077, PMC4247692, PMC4369894, PMC4450897, PMC4516509, PMC4538412, PMC4729148, PMC4730281, PMC5055347, PMC5460492, PMC5531028, PMC5552222, PMC5615990, PMC5647033, PMC5811493, PMC5895002, PMC6058739, PMC6579983, PMC6720366, PMC7086144, PMC9147460","PMC10658208, PMC11499919, PMC11562309, PMC11706895, PMC12013848, PMC12107957, PMC3170288, PMC3215189, PMC3692432, PMC3722850, PMC3854245, PMC4135228, PMC4190335, PMC4497709, PMC4500612, PMC4559195, PMC4813262, PMC5018325, PMC5151109, PMC5213995, PMC5214565, PMC5552848, PMC5769534, PMC6008747, PMC6163325, PMC6494860, PMC6594112, PMC6868153, PMC6990577, PMC7334395, PMC7545469, PMC7673024, PMC8262658, PMC9882893",66.41,60.12,66.7,60.0,539,671,34,34,802,862,822,881,forward,reverse_complement,4,3,4,,"PMC10621931,PMC1079906,PMC11986050,PMC1794501,PMC2575631,PMC2950392,PMC3252365,PMC3353470,PMC3365132,PMC3430211,PMC3580562,PMC3613821,PMC3903490,PMC4055077,PMC4247692,PMC4369894,PMC4450897,PMC4516509,PMC4538412,PMC4729148,PMC4730281,PMC5055347,PMC5460492,PMC5531028,PMC5552222,PMC5615990,PMC5647033,PMC5811493,PMC5895002,PMC6058739,PMC6579983,PMC6720366,PMC7086144,PMC9147460","PMC10658208,PMC11499919,PMC11562309,PMC11706895,PMC12013848,PMC12107957,PMC3170288,PMC3215189,PMC3692432,PMC3722850,PMC3854245,PMC4135228,PMC4190335,PMC4497709,PMC4500612,PMC4559195,PMC4813262,PMC5018325,PMC5151109,PMC5213995,PMC5214565,PMC5552848,PMC5769534,PMC6008747,PMC6163325,PMC6494860,PMC6594112,PMC6868153,PMC6990577,PMC7334395,PMC7545469,PMC7673024,PMC8262658,PMC9882893",,0,0,34,34,0,0.47854808683409344,0.6870138888888888,0.0,44.53782100837134,
CGCTACCTGTATCAATGGCTGG,CGCCTGGGTCTCTTCACTAC,PMF1-BGLAP,PMF1-BGLAP,"OCN (8), BGLAP (5), Osteocalcin (4), A-3 (1), BGLAP-F (1), Bglap (1), Human (1), NM_199173 (1), Oct (1), Osteocalin-Forward (1), hOCN-F (1)","Osteocalcin (5), RUNX2 (3), BGLAP (2), Bglap (2), Gene (2), Genes (2), Human (2), OC (2), OCN (2), C-3 (1), GAPDH (1), OCN-F (1), Osteogenic (1), Target (1)",0.000345,0.004,33,45,"PMC10222618, PMC10387216, PMC10407617, PMC10454939, PMC10779481, PMC10809007, PMC10903013, PMC11118509, PMC11129143, PMC11197745, PMC11330066, PMC11361852, PMC11439940, PMC11561506, PMC11744864, PMC11755084, PMC11817755, PMC11867901, PMC12085028, PMC3788782, PMC6151224, PMC7300400, PMC7504673, PMC7746460, PMC7817818, PMC7885459, PMC7893692, PMC8411547, PMC8806437, PMC8963903, PMC9358836, PMC9750767, PMC9953662","PMC10142914, PMC10815924, PMC10953090, PMC11071322, PMC11251957, PMC11413851, PMC11468810, PMC11523078, PMC11657990, PMC11895669, PMC11941504, PMC11941925, PMC12104865, PMC2212719, PMC2582889, PMC4055128, PMC4223691, PMC4718960, PMC4790631, PMC5003369, PMC5122164, PMC5292195, PMC5987610, PMC6009779, PMC6124053, PMC6145055, PMC6202397, PMC6525797, PMC6776644, PMC6833923, PMC6883626, PMC7023766, PMC7285613, PMC7351982, PMC7500044, PMC7503232, PMC7644787, PMC7884435, PMC8057913, PMC8170469, PMC8312462, PMC9014318, PMC9337630, PMC9500064, PMC9676210",61.78,60.47,54.5,60.0,158,1049,33,45,679,661,700,680,forward,reverse_complement,3,2,3,"PMC10222618,PMC10387216,PMC10407617,PMC10454939,PMC10779481,PMC10809007,PMC10903013,PMC11118509,PMC11129143,PMC11197745,PMC11330066,PMC11361852,PMC11439940,PMC11561506,PMC11744864,PMC11755084,PMC11817755,PMC11867901,PMC12085028,PMC3788782,PMC6151224,PMC7300400,PMC7504673,PMC7746460,PMC7817818,PMC7885459,PMC7893692,PMC8411547,PMC8806437,PMC8963903,PMC9358836,PMC9750767,PMC9953662",,"PMC10142914,PMC10815924,PMC10953090,PMC11071322,PMC11251957,PMC11413851,PMC11468810,PMC11523078,PMC11657990,PMC11895669,PMC11941504,PMC11941925,PMC12104865,PMC2582889,PMC4055128,PMC4223691,PMC4718960,PMC4790631,PMC5003369,PMC5122164,PMC5987610,PMC6009779,PMC6124053,PMC6145055,PMC6202397,PMC6525797,PMC6776644,PMC6833923,PMC6883626,PMC7023766,PMC7285613,PMC7351982,PMC7500044,PMC7503232,PMC7644787,PMC7884435,PMC8057913,PMC8170469,PMC8312462,PMC9014318,PMC9337630,PMC9500064,PMC9676210","PMC2212719,PMC5292195",0,33,43,0,2,0.6917912326359201,0.8855555555555554,0.5633333333333326,72.42289496512933,
CGCTACCTGTATCAATGGCTGG,GTGGTCAGCCAACTCGTCA,PMF1-BGLAP,PMF1-BGLAP,"OCN (8), BGLAP (5), Osteocalcin (4), A-3 (1), BGLAP-F (1), Bglap (1), Human (1), NM_199173 (1), Oct (1), Osteocalin-Forward (1), hOCN-F (1)","BGLAP (5), hsa-OCN-reverse (3), Gene (2), 5BGLAP (1), BGLAP-Reverse (1), COL1a1 (1), Direction (1), NM_001173531.1 (1), OCN (1), OCT4 (1), OSC (1), Orientation (1), Osteocalcin (1), Osterix (1), Target (1)",0.000345,0.011,33,38,"PMC10222618, PMC10387216, PMC10407617, PMC10454939, PMC10779481, PMC10809007, PMC10903013, PMC11118509, PMC11129143, PMC11197745, PMC11330066, PMC11361852, PMC11439940, PMC11561506, PMC11744864, PMC11755084, PMC11817755, PMC11867901, PMC12085028, PMC3788782, PMC6151224, PMC7300400, PMC7504673, PMC7746460, PMC7817818, PMC7885459, PMC7893692, PMC8411547, PMC8806437, PMC8963903, PMC9358836, PMC9750767, PMC9953662","PMC10441659, PMC10444653, PMC10643473, PMC11301355, PMC11332729, PMC11488691, PMC11818253, PMC11892751, PMC11944977, PMC12087957, PMC4329829, PMC4879177, PMC4886818, PMC5057179, PMC5164906, PMC5583332, PMC5780081, PMC5800449, PMC6265790, PMC6383392, PMC6685704, PMC6861671, PMC6920280, PMC7475978, PMC7920808, PMC8670285, PMC8722308, PMC8818240, PMC9175016, PMC9233575, PMC9354009, PMC9355958, PMC9477632, PMC9564153, PMC9570360, PMC9843530",61.78,60.58,54.5,57.9,158,710,33,36,679,768,700,786,forward,reverse_complement,3,3,6,"PMC10222618,PMC10387216,PMC10407617,PMC10454939,PMC10779481,PMC10809007,PMC10903013,PMC11118509,PMC11129143,PMC11197745,PMC11330066,PMC11361852,PMC11439940,PMC11561506,PMC11744864,PMC11755084,PMC11817755,PMC11867901,PMC12085028,PMC3788782,PMC6151224,PMC7300400,PMC7504673,PMC7746460,PMC7817818,PMC7885459,PMC7893692,PMC8411547,PMC8806437,PMC8963903,PMC9358836,PMC9750767,PMC9953662",,"PMC10441659,PMC10444653,PMC10643473,PMC11301355,PMC11332729,PMC11488691,PMC11818253,PMC11892751,PMC11944977,PMC12087957,PMC4329829,PMC4879177,PMC4886818,PMC5057179,PMC5164906,PMC5583332,PMC5780081,PMC5800449,PMC6265790,PMC6383392,PMC6685704,PMC6861671,PMC6920280,PMC7475978,PMC7920808,PMC8670285,PMC8722308,PMC8818240,PMC9175016,PMC9233575,PMC9354009,PMC9355958,PMC9477632,PMC9564153,PMC9570360,PMC9843530",,0,33,36,0,0,0.0,0.0,0.0,0.0,
CGCTACCTGTATCAATGGCTGG,GCCGTAGAAGCGCCGATAGGC,PMF1-BGLAP,PMF1-BGLAP,"OCN (8), BGLAP (5), Osteocalcin (4), A-3 (1), BGLAP-F (1), Bglap (1), Human (1), NM_199173 (1), Oct (1), Osteocalin-Forward (1), hOCN-F (1)","Osteocalcin (7), GAPDH (2), BGLAP (1), Col-1 (1), Gene (1), Glyceraldehyde-3 (1), OC (1), OC-R (1)",0.000345,0.001,33,36,"PMC10222618, PMC10387216, PMC10407617, PMC10454939, PMC10779481, PMC10809007, PMC10903013, PMC11118509, PMC11129143, PMC11197745, PMC11330066, PMC11361852, PMC11439940, PMC11561506, PMC11744864, PMC11755084, PMC11817755, PMC11867901, PMC12085028, PMC3788782, PMC6151224, PMC7300400, PMC7504673, PMC7746460, PMC7817818, PMC7885459, PMC7893692, PMC8411547, PMC8806437, PMC8963903, PMC9358836, PMC9750767, PMC9953662","PMC10621931, PMC1079906, PMC11986050, PMC1794501, PMC2575631, PMC2950392, PMC3252365, PMC3353470, PMC3365132, PMC3430211, PMC3580562, PMC3613821, PMC3903490, PMC4055077, PMC4247692, PMC4369894, PMC4450897, PMC4516509, PMC4538412, PMC4729148, PMC4730281, PMC5055347, PMC5460492, PMC5531028, PMC5552222, PMC5615990, PMC5647033, PMC5811493, PMC5895002, PMC6058739, PMC6579983, PMC6720366, PMC7086144, PMC9147460",61.78,66.41,54.5,66.7,158,539,33,34,679,802,700,822,forward,reverse_complement,3,4,4,"PMC10222618,PMC10387216,PMC10407617,PMC10454939,PMC10779481,PMC10809007,PMC10903013,PMC11118509,PMC11129143,PMC11197745,PMC11330066,PMC11361852,PMC11439940,PMC11561506,PMC11744864,PMC11755084,PMC11817755,PMC11867901,PMC12085028,PMC3788782,PMC6151224,PMC7300400,PMC7504673,PMC7746460,PMC7817818,PMC7885459,PMC7893692,PMC8411547,PMC8806437,PMC8963903,PMC9358836,PMC9750767,PMC9953662",,"PMC10621931,PMC1079906,PMC11986050,PMC1794501,PMC2575631,PMC2950392,PMC3252365,PMC3353470,PMC3365132,PMC3430211,PMC3580562,PMC3613821,PMC3903490,PMC4055077,PMC4247692,PMC4369894,PMC4450897,PMC4516509,PMC4538412,PMC4729148,PMC4730281,PMC5055347,PMC5460492,PMC5531028,PMC5552222,PMC5615990,PMC5647033,PMC5811493,PMC5895002,PMC6058739,PMC6579983,PMC6720366,PMC7086144,PMC9147460",,0,33,34,0,0,0.6684044824634947,0.6786805555555555,0.0,53.78064078984139,
CGCTACCTGTATCAATGGCTGG,CTCCTGAAAGCCGATGTGGTCA,PMF1-BGLAP,PMF1-BGLAP,"OCN (8), BGLAP (5), Osteocalcin (4), A-3 (1), BGLAP-F (1), Bglap (1), Human (1), NM_199173 (1), Oct (1), Osteocalin-Forward (1), hOCN-F (1)","BGLAP (4), Osteocalcin (3), Direction (2), ALPL (1), BGLAP-R (1), Bglap (1), Bglap2 (1), DSPP (1), Gene (1), OC (1), OCN (1), Osteocalin-Reverse (1), VEGF (1), hOCN-R (1)",0.000345,0.000345,33,32,"PMC10222618, PMC10387216, PMC10407617, PMC10454939, PMC10779481, PMC10809007, PMC10903013, PMC11118509, PMC11129143, PMC11197745, PMC11330066, PMC11361852, PMC11439940, PMC11561506, PMC11744864, PMC11755084, PMC11817755, PMC11867901, PMC12085028, PMC3788782, PMC6151224, PMC7300400, PMC7504673, PMC7746460, PMC7817818, PMC7885459, PMC7893692, PMC8411547, PMC8806437, PMC8963903, PMC9358836, PMC9750767, PMC9953662","PMC10222618, PMC10387216, PMC10407617, PMC10454939, PMC10779481, PMC10809007, PMC10903013, PMC11118509, PMC11129143, PMC11197745, PMC11330066, PMC11361852, PMC11439940, PMC11561506, PMC11744864, PMC11755084, PMC11817755, PMC11867901, PMC12085028, PMC3788782, PMC6151224, PMC7300400, PMC7407412, PMC7504673, PMC7746460, PMC7817818, PMC7885459, PMC8411547, PMC8963903, PMC9617701, PMC9750767, PMC9953662",61.78,63.23,54.5,54.5,158,137,33,32,679,780,700,801,forward,reverse_complement,3,3,4,"PMC10222618,PMC10387216,PMC10407617,PMC10454939,PMC10779481,PMC10809007,PMC10903013,PMC11118509,PMC11129143,PMC11197745,PMC11330066,PMC11361852,PMC11439940,PMC11561506,PMC11744864,PMC11755084,PMC11817755,PMC11867901,PMC12085028,PMC3788782,PMC6151224,PMC7300400,PMC7504673,PMC7746460,PMC7817818,PMC7885459,PMC7893692,PMC8411547,PMC8806437,PMC8963903,PMC9358836,PMC9750767,PMC9953662",,"PMC10222618,PMC10387216,PMC10407617,PMC10454939,PMC10779481,PMC10809007,PMC10903013,PMC11118509,PMC11129143,PMC11197745,PMC11330066,PMC11361852,PMC11439940,PMC11561506,PMC11744864,PMC11755084,PMC11817755,PMC11867901,PMC12085028,PMC3788782,PMC6151224,PMC7300400,PMC7407412,PMC7504673,PMC7746460,PMC7817818,PMC7885459,PMC8411547,PMC8963903,PMC9617701,PMC9750767,PMC9953662",,30,33,32,0,0,1.0,0.7772222222222225,0.5166666666666682,83.65000000000003,"PMC10222618,PMC10387216,PMC10407617,PMC10454939,PMC10779481,PMC10809007,PMC10903013,PMC11118509,PMC11129143,PMC11197745,PMC11330066,PMC11361852,PMC11439940,PMC11561506,PMC11744864,PMC11755084,PMC11817755,PMC11867901,PMC12085028,PMC3788782,PMC6151224,PMC7300400,PMC7504673,PMC7746460,PMC7817818,PMC7885459,PMC8411547,PMC8963903,PMC9750767,PMC9953662"
CGCTACCTGTATCAATGGCTGG,TCAGCCAACTCGTCACAGTC,PMF1-BGLAP,PMF1-BGLAP,"OCN (8), BGLAP (5), Osteocalcin (4), A-3 (1), BGLAP-F (1), Bglap (1), Human (1), NM_199173 (1), Oct (1), Osteocalin-Forward (1), hOCN-F (1)","BGLAP (18), Osteocalcin (18), OCN (13), Gene (7), Human (3), human (3), GAPDH (2), NM_199173.5 (2), The (2), ALP (1), BGLAP-R (1), Bone (1), CAGTC (1), CxCr4 (1), Direction (1), FGF23 (1), Genes (1), H-OCN-R1 (1), MasterMix (1), NM_199173 (1), NM_199173.3 (1), OC (1), OC-R (1), OCN- (1), OCN-F (1), OSTEOCALCIN (1), OTC (1), Osteocalcin-R (1), Osteogenesis (1), TGF- (1), hum_OCN_5/3 (1)",0.000345,0.004,33,141,"PMC10222618, PMC10387216, PMC10407617, PMC10454939, PMC10779481, PMC10809007, PMC10903013, PMC11118509, PMC11129143, PMC11197745, PMC11330066, PMC11361852, PMC11439940, PMC11561506, PMC11744864, PMC11755084, PMC11817755, PMC11867901, PMC12085028, PMC3788782, PMC6151224, PMC7300400, PMC7504673, PMC7746460, PMC7817818, PMC7885459, PMC7893692, PMC8411547, PMC8806437, PMC8963903, PMC9358836, PMC9750767, PMC9953662","PMC10034518, PMC10379034, PMC10406694, PMC10552899, PMC10618393, PMC10743052, PMC10858363, PMC10878834, PMC10889793, PMC10976750, PMC11122527, PMC11259626, PMC11269795, PMC11499919, PMC11559138, PMC11562309, PMC11578294, PMC11591890, PMC11595442, PMC11762233, PMC11794764, PMC11839199, PMC11918522, PMC12072047, PMC12080316, PMC12091229, PMC12107957, PMC2646266, PMC3136101, PMC3170288, PMC3446456, PMC3471036, PMC3706764, PMC3799771, PMC3805512, PMC3849435, PMC3907683, PMC3914586, PMC4055119, PMC4077650, PMC4081551, PMC4087006, PMC4178031, PMC4201491, PMC4227163, PMC4298333, PMC4404686, PMC4416238, PMC4451686, PMC4500612, PMC4539932, PMC4559195, PMC4562352, PMC4674106, PMC4676112, PMC4707328, PMC4813262, PMC4880889, PMC4899037, PMC4932130, PMC5072612, PMC5099844, PMC5164905, PMC5322661, PMC5358692, PMC5360390, PMC5493527, PMC5551777, PMC5552848, PMC5573935, PMC5658998, PMC5667471, PMC5690675, PMC5733904, PMC5746324, PMC5895940, PMC5997644, PMC6008747, PMC6073779, PMC6092836, PMC6095197, PMC6163325, PMC6172397, PMC6263063, PMC6323209, PMC6371545, PMC6434481, PMC6494860, PMC6538993, PMC6594112, PMC6743420, PMC6918167, PMC7191235, PMC7266346, PMC7315279, PMC7334395, PMC7352200, PMC7378902, PMC7545469, PMC7555878, PMC7564340, PMC7653780, PMC7691854, PMC7736623, PMC7751477, PMC7848378, PMC7897289, PMC8027176, PMC8063876, PMC8257615, PMC8353646, PMC8395443, PMC8399135, PMC8508916, PMC8520689, PMC8525028, PMC8554986, PMC8717537, PMC8758693, PMC8805820, PMC8868595, PMC8897656, PMC8949995, PMC8998418, PMC9097555, PMC9161927, PMC9406723, PMC9663507, PMC9778583, PMC9796874, PMC9857206, PMC9869574, PMC9934467, PMC9949900, PMC9963438, PMC9964429, PMC9993741",61.78,60.61,54.5,55.0,158,2507,33,137,679,763,700,782,forward,reverse_complement,3,3,6,"PMC10222618,PMC10387216,PMC10407617,PMC10454939,PMC10779481,PMC10809007,PMC10903013,PMC11118509,PMC11129143,PMC11197745,PMC11330066,PMC11361852,PMC11439940,PMC11561506,PMC11744864,PMC11755084,PMC11817755,PMC11867901,PMC12085028,PMC3788782,PMC6151224,PMC7300400,PMC7504673,PMC7746460,PMC7817818,PMC7885459,PMC7893692,PMC8411547,PMC8806437,PMC8963903,PMC9358836,PMC9750767,PMC9953662",,"PMC10034518,PMC10379034,PMC10552899,PMC10618393,PMC10858363,PMC10878834,PMC10889793,PMC10976750,PMC11122527,PMC11259626,PMC11269795,PMC11559138,PMC11578294,PMC11591890,PMC11595442,PMC11762233,PMC11794764,PMC11839199,PMC11918522,PMC12080316,PMC12091229,PMC2646266,PMC3136101,PMC3446456,PMC3799771,PMC3805512,PMC3849435,PMC3907683,PMC3914586,PMC4055119,PMC4077650,PMC4081551,PMC4087006,PMC4178031,PMC4201491,PMC4227163,PMC4298333,PMC4404686,PMC4539932,PMC4562352,PMC4674106,PMC4676112,PMC4707328,PMC4880889,PMC4899037,PMC4932130,PMC5072612,PMC5099844,PMC5164905,PMC5322661,PMC5358692,PMC5360390,PMC5493527,PMC5551777,PMC5573935,PMC5658998,PMC5690675,PMC5733904,PMC5746324,PMC5895940,PMC5997644,PMC6073779,PMC6092836,PMC6095197,PMC6172397,PMC6263063,PMC6323209,PMC6371545,PMC6434481,PMC6743420,PMC7191235,PMC7266346,PMC7315279,PMC7378902,PMC7555878,PMC7564340,PMC7653780,PMC7736623,PMC7751477,PMC7897289,PMC8027176,PMC8063876,PMC8257615,PMC8353646,PMC8395443,PMC8399135,PMC8508916,PMC8520689,PMC8525028,PMC8554986,PMC8717537,PMC8758693,PMC8805820,PMC8868595,PMC8949995,PMC9097555,PMC9161927,PMC9406723,PMC9663507,PMC9778583,PMC9796874,PMC9857206,PMC9869574,PMC9949900,PMC9963438,PMC9964429,PMC9993741","PMC10406694,PMC10743052,PMC11499919,PMC11562309,PMC12072047,PMC12107957,PMC3170288,PMC3471036,PMC3706764,PMC4416238,PMC4451686,PMC4500612,PMC4559195,PMC4813262,PMC5552848,PMC5667471,PMC6008747,PMC6163325,PMC6494860,PMC6538993,PMC6594112,PMC6918167,PMC7334395,PMC7352200,PMC7545469,PMC7691854,PMC7848378,PMC8897656,PMC8998418,PMC9934467",0,33,107,0,30,0.0,0.0,0.0,0.0,
CGCTACCTGTATCAATGGCTGG,GGTCAGCCAACTCGTCACAGTC,PMF1-BGLAP,PMF1-BGLAP,"OCN (8), BGLAP (5), Osteocalcin (4), A-3 (1), BGLAP-F (1), Bglap (1), Human (1), NM_199173 (1), Oct (1), Osteocalin-Forward (1), hOCN-F (1)","OCN (9), BGLAP (2), 50 (1), Actin (1), Antibodies (1), COL (1), COLI (1), Fn1 (1), G6PDH (1), Gene (1), NM000711 (1), Osteocalcin (1), RUNX2 (1), Runx2 (1), TCF-4 (1), h-OCN-R (1), h-Ocn (1), h-Ocn-R (1)",0.000345,0.000345,33,54,"PMC10222618, PMC10387216, PMC10407617, PMC10454939, PMC10779481, PMC10809007, PMC10903013, PMC11118509, PMC11129143, PMC11197745, PMC11330066, PMC11361852, PMC11439940, PMC11561506, PMC11744864, PMC11755084, PMC11817755, PMC11867901, PMC12085028, PMC3788782, PMC6151224, PMC7300400, PMC7504673, PMC7746460, PMC7817818, PMC7885459, PMC7893692, PMC8411547, PMC8806437, PMC8963903, PMC9358836, PMC9750767, PMC9953662","PMC10002049, PMC10154459, PMC10282952, PMC10294445, PMC10337197, PMC10813297, PMC10878154, PMC11010622, PMC11067224, PMC11471398, PMC11476683, PMC11797752, PMC12097015, PMC12098891, PMC3869757, PMC4012947, PMC4200022, PMC4264207, PMC4270765, PMC4464659, PMC4630184, PMC4914939, PMC5109898, PMC5268458, PMC5439454, PMC5653327, PMC5695137, PMC5762292, PMC5780180, PMC5835706, PMC5852880, PMC6072152, PMC6097469, PMC6325129, PMC6722737, PMC6818209, PMC6896396, PMC6921428, PMC7028870, PMC7073499, PMC7102919, PMC7395790, PMC7581448, PMC7946453, PMC8051722, PMC8076131, PMC8961311, PMC8973756, PMC9117959, PMC9276041, PMC9284897, PMC9346378, PMC9571456",61.78,63.99,54.5,59.1,158,698,33,53,679,763,700,784,forward,reverse_complement,3,3,6,"PMC10222618,PMC10387216,PMC10407617,PMC10454939,PMC10779481,PMC10809007,PMC10903013,PMC11118509,PMC11129143,PMC11197745,PMC11330066,PMC11361852,PMC11439940,PMC11561506,PMC11744864,PMC11755084,PMC11817755,PMC11867901,PMC12085028,PMC3788782,PMC6151224,PMC7300400,PMC7504673,PMC7746460,PMC7817818,PMC7885459,PMC7893692,PMC8411547,PMC8806437,PMC8963903,PMC9358836,PMC9750767,PMC9953662",,"PMC10002049,PMC10154459,PMC10282952,PMC10294445,PMC10337197,PMC10813297,PMC10878154,PMC11010622,PMC11067224,PMC11471398,PMC11476683,PMC11797752,PMC12097015,PMC12098891,PMC3869757,PMC4012947,PMC4200022,PMC4264207,PMC4270765,PMC4464659,PMC4630184,PMC4914939,PMC5109898,PMC5268458,PMC5439454,PMC5653327,PMC5695137,PMC5762292,PMC5780180,PMC5835706,PMC5852880,PMC6072152,PMC6097469,PMC6325129,PMC6722737,PMC6818209,PMC6896396,PMC6921428,PMC7028870,PMC7073499,PMC7102919,PMC7395790,PMC7581448,PMC7946453,PMC8051722,PMC8076131,PMC8961311,PMC8973756,PMC9117959,PMC9276041,PMC9284897,PMC9346378,PMC9571456",,0,33,53,0,0,0.0,0.0,0.0,0.0,
CGCTACCTGTATCAATGGCTGG,CTGGAGAGGAGCAGAACTGG,PMF1-BGLAP,PMF1-BGLAP,"OCN (8), BGLAP (5), Osteocalcin (4), A-3 (1), BGLAP-F (1), Bglap (1), Human (1), NM_199173 (1), Oct (1), Osteocalin-Forward (1), hOCN-F (1)","Gene (3), OCN (3), BGLAP (2), Human (2), Osteocalcin (2), GAPDH (1), OCN--R (1), OCN-R (1), OTC (1), Primers (1), Shengong (1)",0.000345,0.004,33,34,"PMC10222618, PMC10387216, PMC10407617, PMC10454939, PMC10779481, PMC10809007, PMC10903013, PMC11118509, PMC11129143, PMC11197745, PMC11330066, PMC11361852, PMC11439940, PMC11561506, PMC11744864, PMC11755084, PMC11817755, PMC11867901, PMC12085028, PMC3788782, PMC6151224, PMC7300400, PMC7504673, PMC7746460, PMC7817818, PMC7885459, PMC7893692, PMC8411547, PMC8806437, PMC8963903, PMC9358836, PMC9750767, PMC9953662","PMC10658208, PMC11499919, PMC11562309, PMC11706895, PMC12013848, PMC12107957, PMC3170288, PMC3215189, PMC3692432, PMC3722850, PMC3854245, PMC4135228, PMC4190335, PMC4497709, PMC4500612, PMC4559195, PMC4813262, PMC5018325, PMC5151109, PMC5213995, PMC5214565, PMC5552848, PMC5769534, PMC6008747, PMC6163325, PMC6494860, PMC6594112, PMC6868153, PMC6990577, PMC7334395, PMC7545469, PMC7673024, PMC8262658, PMC9882893",61.78,60.12,54.5,60.0,158,671,33,34,679,862,700,881,forward,reverse_complement,3,3,3,"PMC10222618,PMC10387216,PMC10407617,PMC10454939,PMC10779481,PMC10809007,PMC10903013,PMC11118509,PMC11129143,PMC11197745,PMC11330066,PMC11361852,PMC11439940,PMC11561506,PMC11744864,PMC11755084,PMC11817755,PMC11867901,PMC12085028,PMC3788782,PMC6151224,PMC7300400,PMC7504673,PMC7746460,PMC7817818,PMC7885459,PMC7893692,PMC8411547,PMC8806437,PMC8963903,PMC9358836,PMC9750767,PMC9953662",,"PMC10658208,PMC11499919,PMC11562309,PMC11706895,PMC12013848,PMC12107957,PMC3170288,PMC3215189,PMC3692432,PMC3722850,PMC3854245,PMC4135228,PMC4190335,PMC4497709,PMC4500612,PMC4559195,PMC4813262,PMC5018325,PMC5151109,PMC5213995,PMC5214565,PMC5552848,PMC5769534,PMC6008747,PMC6163325,PMC6494860,PMC6594112,PMC6868153,PMC6990577,PMC7334395,PMC7545469,PMC7673024,PMC8262658,PMC9882893",,0,33,34,0,0,0.6684044824634947,0.866111111111111,0.44666666666666544,68.33689078984138,
CGCTACCTGTATCAATGGCTGG,CCTGAAAGCCGATGTGGT,PMF1-BGLAP,PMF1-BGLAP,"OCN (8), BGLAP (5), Osteocalcin (4), A-3 (1), BGLAP-F (1), Bglap (1), Human (1), NM_199173 (1), Oct (1), Osteocalin-Forward (1), hOCN-F (1)","OCN (6), BSP-R (2), Gene (2), OCN-R (2), ALP (1), CCTGA (1), OC (1), OCN6 (1), Osteocalcin (1), hsa-OCN-R (1)",0.000345,0.028,33,26,"PMC10222618, PMC10387216, PMC10407617, PMC10454939, PMC10779481, PMC10809007, PMC10903013, PMC11118509, PMC11129143, PMC11197745, PMC11330066, PMC11361852, PMC11439940, PMC11561506, PMC11744864, PMC11755084, PMC11817755, PMC11867901, PMC12085028, PMC3788782, PMC6151224, PMC7300400, PMC7504673, PMC7746460, PMC7817818, PMC7885459, PMC7893692, PMC8411547, PMC8806437, PMC8963903, PMC9358836, PMC9750767, PMC9953662","PMC10070041, PMC10222704, PMC10285757, PMC3763164, PMC4655957, PMC5472052, PMC5702518, PMC5774528, PMC5837092, PMC6029428, PMC6080583, PMC6248998, PMC6333395, PMC6484321, PMC6756869, PMC6811559, PMC6812411, PMC7579890, PMC8273062, PMC8290518, PMC8570085, PMC8678408, PMC8800246, PMC8865099",61.78,57.92,54.5,55.6,158,362,33,24,679,782,700,799,forward,reverse_complement,3,2,4,"PMC10222618,PMC10387216,PMC10407617,PMC10454939,PMC10779481,PMC10809007,PMC10903013,PMC11118509,PMC11129143,PMC11197745,PMC11330066,PMC11361852,PMC11439940,PMC11561506,PMC11744864,PMC11755084,PMC11817755,PMC11867901,PMC12085028,PMC3788782,PMC6151224,PMC7300400,PMC7504673,PMC7746460,PMC7817818,PMC7885459,PMC7893692,PMC8411547,PMC8806437,PMC8963903,PMC9358836,PMC9750767,PMC9953662",,"PMC10070041,PMC10222704,PMC10285757,PMC3763164,PMC4655957,PMC5472052,PMC5702518,PMC5774528,PMC5837092,PMC6029428,PMC6080583,PMC6248998,PMC6333395,PMC6756869,PMC6811559,PMC6812411,PMC7579890,PMC8273062,PMC8570085,PMC8800246,PMC8865099","PMC6484321,PMC8290518,PMC8678408",0,33,21,0,3,0.6297219692445655,0.7105555555555556,0.0,52.80276512889495,
CGCTACCTGTATCAATGGCTGG,GATGTGGTCAGCCAACTC,PMF1-BGLAP,PMF1-BGLAP,"OCN (8), BGLAP (5), Osteocalcin (4), A-3 (1), BGLAP-F (1), Bglap (1), Human (1), NM_199173 (1), Oct (1), Osteocalin-Forward (1), hOCN-F (1)","Osteocalcin (7), GAPDH (2), BGLAP (1), Genes (1), OCN-R (1), OSTEOCALCIN (1), OSTERIX (1), RUNX-2-forward (1), RUNX2 (1), The (1), Type (1)",0.000345,0.028,33,21,"PMC10222618, PMC10387216, PMC10407617, PMC10454939, PMC10779481, PMC10809007, PMC10903013, PMC11118509, PMC11129143, PMC11197745, PMC11330066, PMC11361852, PMC11439940, PMC11561506, PMC11744864, PMC11755084, PMC11817755, PMC11867901, PMC12085028, PMC3788782, PMC6151224, PMC7300400, PMC7504673, PMC7746460, PMC7817818, PMC7885459, PMC7893692, PMC8411547, PMC8806437, PMC8963903, PMC9358836, PMC9750767, PMC9953662","PMC10209287, PMC10218682, PMC4556843, PMC4673191, PMC4699026, PMC4750003, PMC4837802, PMC4929892, PMC4961106, PMC5009659, PMC5763659, PMC5809617, PMC5833785, PMC6311247, PMC7539403, PMC8134029, PMC8245033, PMC8467999, PMC9024451, PMC9747886",61.78,55.99,54.5,55.6,158,252,33,20,679,772,700,789,forward,reverse_complement,3,3,6,"PMC10222618,PMC10387216,PMC10407617,PMC10454939,PMC10779481,PMC10809007,PMC10903013,PMC11118509,PMC11129143,PMC11197745,PMC11330066,PMC11361852,PMC11439940,PMC11561506,PMC11744864,PMC11755084,PMC11817755,PMC11867901,PMC12085028,PMC3788782,PMC6151224,PMC7300400,PMC7504673,PMC7746460,PMC7817818,PMC7885459,PMC7893692,PMC8411547,PMC8806437,PMC8963903,PMC9358836,PMC9750767,PMC9953662",,"PMC10209287,PMC10218682,PMC4556843,PMC4673191,PMC4699026,PMC4750003,PMC4837802,PMC4929892,PMC4961106,PMC5009659,PMC5763659,PMC5809617,PMC5833785,PMC6311247,PMC7539403,PMC8134029,PMC8245033,PMC8467999,PMC9024451,PMC9747886",,0,33,20,0,0,0.0,0.0,0.0,0.0,
CGCTACCTGTATCAATGGCTGG,CTCACACACCTCCCTCCTG,PMF1-BGLAP,PMF1-BGLAP,"OCN (8), BGLAP (5), Osteocalcin (4), A-3 (1), BGLAP-F (1), Bglap (1), Human (1), NM_199173 (1), Oct (1), Osteocalin-Forward (1), hOCN-F (1)","Gene (2), Osteocalcin (2), Direction (1)",0.000345,0.011,33,17,"PMC10222618, PMC10387216, PMC10407617, PMC10454939, PMC10779481, PMC10809007, PMC10903013, PMC11118509, PMC11129143, PMC11197745, PMC11330066, PMC11361852, PMC11439940, PMC11561506, PMC11744864, PMC11755084, PMC11817755, PMC11867901, PMC12085028, PMC3788782, PMC6151224, PMC7300400, PMC7504673, PMC7746460, PMC7817818, PMC7885459, PMC7893692, PMC8411547, PMC8806437, PMC8963903, PMC9358836, PMC9750767, PMC9953662","PMC10069154, PMC10139012, PMC11456876, PMC12109992, PMC5589808, PMC5832166, PMC6066508, PMC6428815, PMC6934613, PMC7462980, PMC7541626, PMC7866227, PMC8236553, PMC8665165, PMC8684200, PMC8739256, PMC9821315",61.78,59.68,54.5,63.2,158,147,33,17,679,735,700,753,forward,reverse_complement,3,2,3,"PMC10222618,PMC10387216,PMC10407617,PMC10454939,PMC10779481,PMC10809007,PMC10903013,PMC11118509,PMC11129143,PMC11197745,PMC11330066,PMC11361852,PMC11439940,PMC11561506,PMC11744864,PMC11755084,PMC11817755,PMC11867901,PMC12085028,PMC3788782,PMC6151224,PMC7300400,PMC7504673,PMC7746460,PMC7817818,PMC7885459,PMC7893692,PMC8411547,PMC8806437,PMC8963903,PMC9358836,PMC9750767,PMC9953662",,"PMC10069154,PMC10139012,PMC11456876,PMC12109992,PMC5589808,PMC5832166,PMC6066508,PMC6428815,PMC6934613,PMC7462980,PMC7541626,PMC7866227,PMC8236553,PMC8665165,PMC8739256,PMC9821315",PMC8684200,0,33,16,0,1,0.6025446786192786,0.8216666666666665,0.2999999999999995,60.77723393096392,
GGAGGGCAGCGAGGTAGTG,CCCTCCTGCTTGGACACAAAG,PMF1-BGLAP,PMF1-BGLAP,"Osteocalcin (7), BGLAP (4), Gene (2), BGLAP/PB-OST (1), Bglap (1), COL1A1 (1), GENE/NCBI (1), IBSP (1), NM_199173.6 (1), OCN (1), OCN-R (1), OSX (1), Wnt3a (1)","Gene (13), BGLAP (8), OCN (8), Osteocalcin (4), GAPDH (2), OPN (2), human (2), 632 (1), Bglap (1), C-3 (1), CCC (1), CDK6 (1), COL1a1 (1), CYR61 (1), CircLPAR1 (1), Data (1), Direction (1), FGFR1 (1), H- (1), Human (1), LSD1 (1), NM_199173.6 (1), OC-R (1), OCN--R (1), OCN-Reverse (1), OSTEOCALCIN (1), Osteocalcin-R (1), P2RX4 (1), Runx2 (1), h-OCN (1), hsa-OCN-Reverse (1)",0.011,0.001,35,117,"PMC10039520, PMC10413082, PMC10905591, PMC11057131, PMC1808058, PMC2936347, PMC3111432, PMC3488317, PMC3594746, PMC3598946, PMC3965505, PMC4076233, PMC4447443, PMC4550660, PMC4682290, PMC4917651, PMC5293776, PMC5364878, PMC545655, PMC5609535, PMC6481719, PMC6682326, PMC7239921, PMC7389809, PMC7666130, PMC7947597, PMC8120848, PMC8290398, PMC8426510, PMC8756236, PMC8882829, PMC9130678, PMC9911595","PMC10142914, PMC10212705, PMC10266046, PMC10478283, PMC10659042, PMC10800782, PMC10849785, PMC10929792, PMC10936096, PMC11001392, PMC11084186, PMC11330132, PMC11391719, PMC11562097, PMC11565289, PMC11590406, PMC11633500, PMC11896475, PMC11947814, PMC11977094, PMC12001474, PMC12024643, PMC12073084, PMC12074812, PMC3569421, PMC3880843, PMC4028224, PMC4203828, PMC4317596, PMC4375934, PMC4388628, PMC4738707, PMC4767937, PMC4773240, PMC4948698, PMC5030629, PMC5192052, PMC5239543, PMC5355733, PMC5548928, PMC5776773, PMC5951430, PMC5970187, PMC5996090, PMC6002551, PMC6029469, PMC6120750, PMC6134938, PMC6154708, PMC6241358, PMC6391470, PMC6410690, PMC6533502, PMC6561377, PMC6594288, PMC6811605, PMC6889321, PMC6916635, PMC6964093, PMC6996099, PMC7011343, PMC7012241, PMC7033235, PMC7073820, PMC7165343, PMC7193115, PMC7233608, PMC7435717, PMC7446217, PMC7488079, PMC7539105, PMC7576269, PMC7583167, PMC7609060, PMC7610338, PMC7645323, PMC7676202, PMC7694436, PMC7807199, PMC7811365, PMC7814734, PMC7893805, PMC7904523, PMC8040480, PMC8076414, PMC8097863, PMC8187992, PMC8261971, PMC8294092, PMC8309475, PMC8366957, PMC8381068, PMC8382950, PMC8441126, PMC8647299, PMC8665342, PMC8919664, PMC8962127, PMC8971384, PMC9080063, PMC9206573, PMC9236897, PMC9275886, PMC9320112, PMC9339598, PMC9561255, PMC9726269, PMC9782440, PMC9854827, PMC9856031, PMC9909214, PMC9925051, PMC9945756, PMC9991042",62.73,61.82,68.4,57.1,443,1461,33,114,648,633,666,653,forward,reverse_complement,2,3,6,,"PMC10039520,PMC10413082,PMC10905591,PMC11057131,PMC1808058,PMC2936347,PMC3111432,PMC3488317,PMC3594746,PMC3598946,PMC3965505,PMC4076233,PMC4447443,PMC4550660,PMC4682290,PMC4917651,PMC5293776,PMC5364878,PMC545655,PMC5609535,PMC6481719,PMC6682326,PMC7239921,PMC7389809,PMC7666130,PMC7947597,PMC8120848,PMC8290398,PMC8426510,PMC8756236,PMC8882829,PMC9130678,PMC9911595","PMC10142914,PMC10212705,PMC10266046,PMC10478283,PMC10659042,PMC10800782,PMC10849785,PMC10929792,PMC10936096,PMC11001392,PMC11084186,PMC11330132,PMC11391719,PMC11562097,PMC11565289,PMC11590406,PMC11633500,PMC11896475,PMC11947814,PMC11977094,PMC12001474,PMC12024643,PMC12073084,PMC12074812,PMC3569421,PMC3880843,PMC4028224,PMC4203828,PMC4317596,PMC4375934,PMC4388628,PMC4738707,PMC4767937,PMC4773240,PMC4948698,PMC5030629,PMC5192052,PMC5239543,PMC5355733,PMC5548928,PMC5776773,PMC5951430,PMC5970187,PMC5996090,PMC6002551,PMC6029469,PMC6120750,PMC6134938,PMC6154708,PMC6241358,PMC6391470,PMC6410690,PMC6533502,PMC6561377,PMC6594288,PMC6811605,PMC6889321,PMC6916635,PMC6964093,PMC6996099,PMC7011343,PMC7012241,PMC7033235,PMC7073820,PMC7165343,PMC7193115,PMC7233608,PMC7435717,PMC7446217,PMC7488079,PMC7539105,PMC7576269,PMC7583167,PMC7609060,PMC7610338,PMC7645323,PMC7676202,PMC7694436,PMC7807199,PMC7811365,PMC7814734,PMC7893805,PMC7904523,PMC8040480,PMC8076414,PMC8097863,PMC8187992,PMC8261971,PMC8294092,PMC8309475,PMC8366957,PMC8381068,PMC8382950,PMC8441126,PMC8647299,PMC8665342,PMC8919664,PMC8962127,PMC8971384,PMC9080063,PMC9206573,PMC9236897,PMC9275886,PMC9320112,PMC9339598,PMC9561255,PMC9726269,PMC9782440,PMC9854827,PMC9856031,PMC9909214,PMC9925051,PMC9945756,PMC9991042",,0,0,114,33,0,0.0,0.0,0.0,0.0,
GGAGGGCAGCGAGGTAGTG,CCATTGATACAGGTAGCGCC,PMF1-BGLAP,PMF1-BGLAP,"Osteocalcin (7), BGLAP (4), Gene (2), BGLAP/PB-OST (1), Bglap (1), COL1A1 (1), GENE/NCBI (1), IBSP (1), NM_199173.6 (1), OCN (1), OCN-R (1), OSX (1), Wnt3a (1)","BGLAP (22), OCN (19), Osteocalcin (7), Ocn (3), hsa-OCN-forward (3), human (3), hOCN (2), 110 (1), 5BGLAP (1), ALP (1), BGLAP-F (1), BGLAP-Forward (1), Homo (1), Human (1), NM_199173.5 (1), NM_199173.6 (1), OC (1), OGN (1), OSC (1), Osteocalcin-F (1), Osteogenesis (1), The (1), VEGF (1)",0.011,0.004,35,90,"PMC10039520, PMC10413082, PMC10905591, PMC11057131, PMC1808058, PMC2936347, PMC3111432, PMC3488317, PMC3594746, PMC3598946, PMC3965505, PMC4076233, PMC4447443, PMC4550660, PMC4682290, PMC4917651, PMC5293776, PMC5364878, PMC545655, PMC5609535, PMC6481719, PMC6682326, PMC7239921, PMC7389809, PMC7666130, PMC7947597, PMC8120848, PMC8290398, PMC8426510, PMC8756236, PMC8882829, PMC9130678, PMC9911595","PMC10160763, PMC10379034, PMC10441659, PMC10444653, PMC10643473, PMC10878834, PMC10976750, PMC11259626, PMC11269795, PMC11301355, PMC11332729, PMC11559230, PMC11595442, PMC11762233, PMC11763229, PMC11818253, PMC11823243, PMC11892751, PMC11944977, PMC12080316, PMC12087957, PMC12091229, PMC2646266, PMC3799771, PMC3805512, PMC4178031, PMC4201491, PMC4329829, PMC4404686, PMC4836087, PMC4879177, PMC4886818, PMC5057179, PMC5072612, PMC5164906, PMC5297792, PMC5322661, PMC5490090, PMC5493527, PMC5513456, PMC5583332, PMC5658998, PMC5668416, PMC5680323, PMC5704576, PMC5780081, PMC5800449, PMC6092836, PMC6172397, PMC6265790, PMC6323209, PMC6685704, PMC6861671, PMC6920280, PMC7266346, PMC7294393, PMC7315279, PMC7378902, PMC7475978, PMC7897289, PMC7920808, PMC8353646, PMC8395443, PMC8508916, PMC8520689, PMC8525028, PMC8554986, PMC8670285, PMC8722308, PMC8818240, PMC8868595, PMC9097555, PMC9175016, PMC9233575, PMC9354009, PMC9355958, PMC9477632, PMC9564153, PMC9570360, PMC9796874, PMC9821985, PMC9843530, PMC9963438, PMC9964429, PMC9993741",62.73,59.13,68.4,55.0,443,1773,33,85,648,677,666,696,forward,reverse_complement,2,4,3,,"PMC10039520,PMC10413082,PMC10905591,PMC11057131,PMC1808058,PMC2936347,PMC3111432,PMC3488317,PMC3594746,PMC3598946,PMC3965505,PMC4076233,PMC4447443,PMC4550660,PMC4682290,PMC4917651,PMC5293776,PMC5364878,PMC545655,PMC5609535,PMC6481719,PMC6682326,PMC7239921,PMC7389809,PMC7666130,PMC7947597,PMC8120848,PMC8290398,PMC8426510,PMC8756236,PMC8882829,PMC9130678,PMC9911595",,"PMC10160763,PMC10379034,PMC10441659,PMC10444653,PMC10643473,PMC10878834,PMC10976750,PMC11259626,PMC11269795,PMC11301355,PMC11332729,PMC11559230,PMC11595442,PMC11762233,PMC11763229,PMC11818253,PMC11823243,PMC11892751,PMC11944977,PMC12080316,PMC12087957,PMC12091229,PMC2646266,PMC3799771,PMC3805512,PMC4178031,PMC4201491,PMC4329829,PMC4404686,PMC4836087,PMC4879177,PMC4886818,PMC5057179,PMC5072612,PMC5164906,PMC5297792,PMC5322661,PMC5490090,PMC5493527,PMC5513456,PMC5583332,PMC5658998,PMC5668416,PMC5680323,PMC5704576,PMC5780081,PMC5800449,PMC6092836,PMC6172397,PMC6265790,PMC6323209,PMC6685704,PMC6861671,PMC6920280,PMC7266346,PMC7294393,PMC7315279,PMC7378902,PMC7475978,PMC7897289,PMC7920808,PMC8353646,PMC8395443,PMC8508916,PMC8520689,PMC8525028,PMC8554986,PMC8670285,PMC8722308,PMC8818240,PMC8868595,PMC9097555,PMC9175016,PMC9233575,PMC9354009,PMC9355958,PMC9477632,PMC9564153,PMC9570360,PMC9796874,PMC9821985,PMC9843530,PMC9963438,PMC9964429,PMC9993741",0,0,0,33,85,0.32094311956957305,0.7058333333333335,0.0,37.22215597847865,
GGAGGGCAGCGAGGTAGTG,CGCCTGGGTCTCTTCACTAC,PMF1-BGLAP,PMF1-BGLAP,"Osteocalcin (7), BGLAP (4), Gene (2), BGLAP/PB-OST (1), Bglap (1), COL1A1 (1), GENE/NCBI (1), IBSP (1), NM_199173.6 (1), OCN (1), OCN-R (1), OSX (1), Wnt3a (1)","Osteocalcin (5), RUNX2 (3), BGLAP (2), Bglap (2), Gene (2), Genes (2), Human (2), OC (2), OCN (2), C-3 (1), GAPDH (1), OCN-F (1), Osteogenic (1), Target (1)",0.011,0.004,35,45,"PMC10039520, PMC10413082, PMC10905591, PMC11057131, PMC1808058, PMC2936347, PMC3111432, PMC3488317, PMC3594746, PMC3598946, PMC3965505, PMC4076233, PMC4447443, PMC4550660, PMC4682290, PMC4917651, PMC5293776, PMC5364878, PMC545655, PMC5609535, PMC6481719, PMC6682326, PMC7239921, PMC7389809, PMC7666130, PMC7947597, PMC8120848, PMC8290398, PMC8426510, PMC8756236, PMC8882829, PMC9130678, PMC9911595","PMC10142914, PMC10815924, PMC10953090, PMC11071322, PMC11251957, PMC11413851, PMC11468810, PMC11523078, PMC11657990, PMC11895669, PMC11941504, PMC11941925, PMC12104865, PMC2212719, PMC2582889, PMC4055128, PMC4223691, PMC4718960, PMC4790631, PMC5003369, PMC5122164, PMC5292195, PMC5987610, PMC6009779, PMC6124053, PMC6145055, PMC6202397, PMC6525797, PMC6776644, PMC6833923, PMC6883626, PMC7023766, PMC7285613, PMC7351982, PMC7500044, PMC7503232, PMC7644787, PMC7884435, PMC8057913, PMC8170469, PMC8312462, PMC9014318, PMC9337630, PMC9500064, PMC9676210",62.73,60.47,68.4,60.0,443,1049,33,45,648,661,666,680,forward,reverse_complement,2,2,6,,"PMC10039520,PMC10413082,PMC10905591,PMC11057131,PMC1808058,PMC2936347,PMC3111432,PMC3488317,PMC3594746,PMC3598946,PMC3965505,PMC4076233,PMC4447443,PMC4550660,PMC4682290,PMC4917651,PMC5293776,PMC5364878,PMC545655,PMC5609535,PMC6481719,PMC6682326,PMC7239921,PMC7389809,PMC7666130,PMC7947597,PMC8120848,PMC8290398,PMC8426510,PMC8756236,PMC8882829,PMC9130678,PMC9911595","PMC10142914,PMC10815924,PMC10953090,PMC11071322,PMC11251957,PMC11413851,PMC11468810,PMC11523078,PMC11657990,PMC11895669,PMC11941504,PMC11941925,PMC12104865,PMC2582889,PMC4055128,PMC4223691,PMC4718960,PMC4790631,PMC5003369,PMC5122164,PMC5987610,PMC6009779,PMC6124053,PMC6145055,PMC6202397,PMC6525797,PMC6776644,PMC6833923,PMC6883626,PMC7023766,PMC7285613,PMC7351982,PMC7500044,PMC7503232,PMC7644787,PMC7884435,PMC8057913,PMC8170469,PMC8312462,PMC9014318,PMC9337630,PMC9500064,PMC9676210","PMC2212719,PMC5292195",0,0,43,33,2,0.0,0.0,0.0,0.0,
GGAGGGCAGCGAGGTAGTG,GTGGTCAGCCAACTCGTCA,PMF1-BGLAP,PMF1-BGLAP,"Osteocalcin (7), BGLAP (4), Gene (2), BGLAP/PB-OST (1), Bglap (1), COL1A1 (1), GENE/NCBI (1), IBSP (1), NM_199173.6 (1), OCN (1), OCN-R (1), OSX (1), Wnt3a (1)","BGLAP (5), hsa-OCN-reverse (3), Gene (2), 5BGLAP (1), BGLAP-Reverse (1), COL1a1 (1), Direction (1), NM_001173531.1 (1), OCN (1), OCT4 (1), OSC (1), Orientation (1), Osteocalcin (1), Osterix (1), Target (1)",0.011,0.011,35,38,"PMC10039520, PMC10413082, PMC10905591, PMC11057131, PMC1808058, PMC2936347, PMC3111432, PMC3488317, PMC3594746, PMC3598946, PMC3965505, PMC4076233, PMC4447443, PMC4550660, PMC4682290, PMC4917651, PMC5293776, PMC5364878, PMC545655, PMC5609535, PMC6481719, PMC6682326, PMC7239921, PMC7389809, PMC7666130, PMC7947597, PMC8120848, PMC8290398, PMC8426510, PMC8756236, PMC8882829, PMC9130678, PMC9911595","PMC10441659, PMC10444653, PMC10643473, PMC11301355, PMC11332729, PMC11488691, PMC11818253, PMC11892751, PMC11944977, PMC12087957, PMC4329829, PMC4879177, PMC4886818, PMC5057179, PMC5164906, PMC5583332, PMC5780081, PMC5800449, PMC6265790, PMC6383392, PMC6685704, PMC6861671, PMC6920280, PMC7475978, PMC7920808, PMC8670285, PMC8722308, PMC8818240, PMC9175016, PMC9233575, PMC9354009, PMC9355958, PMC9477632, PMC9564153, PMC9570360, PMC9843530",62.73,60.58,68.4,57.9,443,710,33,36,648,768,666,786,forward,reverse_complement,2,3,4,,"PMC10039520,PMC10413082,PMC10905591,PMC11057131,PMC1808058,PMC2936347,PMC3111432,PMC3488317,PMC3594746,PMC3598946,PMC3965505,PMC4076233,PMC4447443,PMC4550660,PMC4682290,PMC4917651,PMC5293776,PMC5364878,PMC545655,PMC5609535,PMC6481719,PMC6682326,PMC7239921,PMC7389809,PMC7666130,PMC7947597,PMC8120848,PMC8290398,PMC8426510,PMC8756236,PMC8882829,PMC9130678,PMC9911595","PMC10441659,PMC10444653,PMC10643473,PMC11301355,PMC11332729,PMC11488691,PMC11818253,PMC11892751,PMC11944977,PMC12087957,PMC4329829,PMC4879177,PMC4886818,PMC5057179,PMC5164906,PMC5583332,PMC5780081,PMC5800449,PMC6265790,PMC6383392,PMC6685704,PMC6861671,PMC6920280,PMC7475978,PMC7920808,PMC8670285,PMC8722308,PMC8818240,PMC9175016,PMC9233575,PMC9354009,PMC9355958,PMC9477632,PMC9564153,PMC9570360,PMC9843530",,0,0,36,33,0,0.48262729697299456,0.7358333333333336,0.28333333333333377,51.87303151531641,
GGAGGGCAGCGAGGTAGTG,GCCGTAGAAGCGCCGATAGGC,PMF1-BGLAP,PMF1-BGLAP,"Osteocalcin (7), BGLAP (4), Gene (2), BGLAP/PB-OST (1), Bglap (1), COL1A1 (1), GENE/NCBI (1), IBSP (1), NM_199173.6 (1), OCN (1), OCN-R (1), OSX (1), Wnt3a (1)","Osteocalcin (7), GAPDH (2), BGLAP (1), Col-1 (1), Gene (1), Glyceraldehyde-3 (1), OC (1), OC-R (1)",0.011,0.001,35,36,"PMC10039520, PMC10413082, PMC10905591, PMC11057131, PMC1808058, PMC2936347, PMC3111432, PMC3488317, PMC3594746, PMC3598946, PMC3965505, PMC4076233, PMC4447443, PMC4550660, PMC4682290, PMC4917651, PMC5293776, PMC5364878, PMC545655, PMC5609535, PMC6481719, PMC6682326, PMC7239921, PMC7389809, PMC7666130, PMC7947597, PMC8120848, PMC8290398, PMC8426510, PMC8756236, PMC8882829, PMC9130678, PMC9911595","PMC10621931, PMC1079906, PMC11986050, PMC1794501, PMC2575631, PMC2950392, PMC3252365, PMC3353470, PMC3365132, PMC3430211, PMC3580562, PMC3613821, PMC3903490, PMC4055077, PMC4247692, PMC4369894, PMC4450897, PMC4516509, PMC4538412, PMC4729148, PMC4730281, PMC5055347, PMC5460492, PMC5531028, PMC5552222, PMC5615990, PMC5647033, PMC5811493, PMC5895002, PMC6058739, PMC6579983, PMC6720366, PMC7086144, PMC9147460",62.73,66.41,68.4,66.7,443,539,33,34,648,802,666,822,forward,reverse_complement,2,4,3,,"PMC10039520,PMC10413082,PMC10905591,PMC11057131,PMC1808058,PMC2936347,PMC3111432,PMC3488317,PMC3594746,PMC3598946,PMC3965505,PMC4076233,PMC4447443,PMC4550660,PMC4682290,PMC4917651,PMC5293776,PMC5364878,PMC545655,PMC5609535,PMC6481719,PMC6682326,PMC7239921,PMC7389809,PMC7666130,PMC7947597,PMC8120848,PMC8290398,PMC8426510,PMC8756236,PMC8882829,PMC9130678,PMC9911595","PMC10621931,PMC1079906,PMC11986050,PMC1794501,PMC2575631,PMC2950392,PMC3252365,PMC3353470,PMC3365132,PMC3430211,PMC3580562,PMC3613821,PMC3903490,PMC4055077,PMC4247692,PMC4369894,PMC4450897,PMC4516509,PMC4538412,PMC4729148,PMC4730281,PMC5055347,PMC5460492,PMC5531028,PMC5552222,PMC5615990,PMC5647033,PMC5811493,PMC5895002,PMC6058739,PMC6579983,PMC6720366,PMC7086144,PMC9147460",,0,0,34,33,0,0.4773823568360085,0.5317361111111112,0.0,39.82120117513376,
GGAGGGCAGCGAGGTAGTG,CCAGCCATTGATACAGGTAGCG,PMF1-BGLAP,PMF1-BGLAP,"Osteocalcin (7), BGLAP (4), Gene (2), BGLAP/PB-OST (1), Bglap (1), COL1A1 (1), GENE/NCBI (1), IBSP (1), NM_199173.6 (1), OCN (1), OCN-R (1), OSX (1), Wnt3a (1)","OCN (8), BGLAP (5), Osteocalcin (4), A-3 (1), BGLAP-F (1), Bglap (1), Human (1), NM_199173 (1), Oct (1), Osteocalin-Forward (1), hOCN-F (1)",0.011,0.000345,35,33,"PMC10039520, PMC10413082, PMC10905591, PMC11057131, PMC1808058, PMC2936347, PMC3111432, PMC3488317, PMC3594746, PMC3598946, PMC3965505, PMC4076233, PMC4447443, PMC4550660, PMC4682290, PMC4917651, PMC5293776, PMC5364878, PMC545655, PMC5609535, PMC6481719, PMC6682326, PMC7239921, PMC7389809, PMC7666130, PMC7947597, PMC8120848, PMC8290398, PMC8426510, PMC8756236, PMC8882829, PMC9130678, PMC9911595","PMC10222618, PMC10387216, PMC10407617, PMC10454939, PMC10779481, PMC10809007, PMC10903013, PMC11118509, PMC11129143, PMC11197745, PMC11330066, PMC11361852, PMC11439940, PMC11561506, PMC11744864, PMC11755084, PMC11817755, PMC11867901, PMC12085028, PMC3788782, PMC6151224, PMC7300400, PMC7504673, PMC7746460, PMC7817818, PMC7885459, PMC7893692, PMC8411547, PMC8806437, PMC8963903, PMC9358836, PMC9750767, PMC9953662",62.73,61.78,68.4,54.5,443,158,33,33,648,679,666,700,forward,reverse_complement,2,3,3,,"PMC10039520,PMC10413082,PMC10905591,PMC11057131,PMC1808058,PMC2936347,PMC3111432,PMC3488317,PMC3594746,PMC3598946,PMC3965505,PMC4076233,PMC4447443,PMC4550660,PMC4682290,PMC4917651,PMC5293776,PMC5364878,PMC545655,PMC5609535,PMC6481719,PMC6682326,PMC7239921,PMC7389809,PMC7666130,PMC7947597,PMC8120848,PMC8290398,PMC8426510,PMC8756236,PMC8882829,PMC9130678,PMC9911595",,"PMC10222618,PMC10387216,PMC10407617,PMC10454939,PMC10779481,PMC10809007,PMC10903013,PMC11118509,PMC11129143,PMC11197745,PMC11330066,PMC11361852,PMC11439940,PMC11561506,PMC11744864,PMC11755084,PMC11817755,PMC11867901,PMC12085028,PMC3788782,PMC6151224,PMC7300400,PMC7504673,PMC7746460,PMC7817818,PMC7885459,PMC7893692,PMC8411547,PMC8806437,PMC8963903,PMC9358836,PMC9750767,PMC9953662",0,0,0,33,33,0.28362425311141826,0.7108333333333334,0.6833333333333347,49.172879322237605,
GGAGGGCAGCGAGGTAGTG,CTCCTGAAAGCCGATGTGGTCA,PMF1-BGLAP,PMF1-BGLAP,"Osteocalcin (7), BGLAP (4), Gene (2), BGLAP/PB-OST (1), Bglap (1), COL1A1 (1), GENE/NCBI (1), IBSP (1), NM_199173.6 (1), OCN (1), OCN-R (1), OSX (1), Wnt3a (1)","BGLAP (4), Osteocalcin (3), Direction (2), ALPL (1), BGLAP-R (1), Bglap (1), Bglap2 (1), DSPP (1), Gene (1), OC (1), OCN (1), Osteocalin-Reverse (1), VEGF (1), hOCN-R (1)",0.011,0.000345,35,32,"PMC10039520, PMC10413082, PMC10905591, PMC11057131, PMC1808058, PMC2936347, PMC3111432, PMC3488317, PMC3594746, PMC3598946, PMC3965505, PMC4076233, PMC4447443, PMC4550660, PMC4682290, PMC4917651, PMC5293776, PMC5364878, PMC545655, PMC5609535, PMC6481719, PMC6682326, PMC7239921, PMC7389809, PMC7666130, PMC7947597, PMC8120848, PMC8290398, PMC8426510, PMC8756236, PMC8882829, PMC9130678, PMC9911595","PMC10222618, PMC10387216, PMC10407617, PMC10454939, PMC10779481, PMC10809007, PMC10903013, PMC11118509, PMC11129143, PMC11197745, PMC11330066, PMC11361852, PMC11439940, PMC11561506, PMC11744864, PMC11755084, PMC11817755, PMC11867901, PMC12085028, PMC3788782, PMC6151224, PMC7300400, PMC7407412, PMC7504673, PMC7746460, PMC7817818, PMC7885459, PMC8411547, PMC8963903, PMC9617701, PMC9750767, PMC9953662",62.73,63.23,68.4,54.5,443,137,33,32,648,780,666,801,forward,reverse_complement,2,3,4,,"PMC10039520,PMC10413082,PMC10905591,PMC11057131,PMC1808058,PMC2936347,PMC3111432,PMC3488317,PMC3594746,PMC3598946,PMC3965505,PMC4076233,PMC4447443,PMC4550660,PMC4682290,PMC4917651,PMC5293776,PMC5364878,PMC545655,PMC5609535,PMC6481719,PMC6682326,PMC7239921,PMC7389809,PMC7666130,PMC7947597,PMC8120848,PMC8290398,PMC8426510,PMC8756236,PMC8882829,PMC9130678,PMC9911595","PMC10222618,PMC10387216,PMC10407617,PMC10454939,PMC10779481,PMC10809007,PMC10903013,PMC11118509,PMC11129143,PMC11197745,PMC11330066,PMC11361852,PMC11439940,PMC11561506,PMC11744864,PMC11755084,PMC11817755,PMC11867901,PMC12085028,PMC3788782,PMC6151224,PMC7300400,PMC7407412,PMC7504673,PMC7746460,PMC7817818,PMC7885459,PMC8411547,PMC8963903,PMC9617701,PMC9750767,PMC9953662",,0,0,32,33,0,0.4718287176982886,0.6302777777777782,0.8333333333333334,59.166435884914435,
GGAGGGCAGCGAGGTAGTG,TCAGCCAACTCGTCACAGTC,PMF1-BGLAP,PMF1-BGLAP,"Osteocalcin (7), BGLAP (4), Gene (2), BGLAP/PB-OST (1), Bglap (1), COL1A1 (1), GENE/NCBI (1), IBSP (1), NM_199173.6 (1), OCN (1), OCN-R (1), OSX (1), Wnt3a (1)","BGLAP (18), Osteocalcin (18), OCN (13), Gene (7), Human (3), human (3), GAPDH (2), NM_199173.5 (2), The (2), ALP (1), BGLAP-R (1), Bone (1), CAGTC (1), CxCr4 (1), Direction (1), FGF23 (1), Genes (1), H-OCN-R1 (1), MasterMix (1), NM_199173 (1), NM_199173.3 (1), OC (1), OC-R (1), OCN- (1), OCN-F (1), OSTEOCALCIN (1), OTC (1), Osteocalcin-R (1), Osteogenesis (1), TGF- (1), hum_OCN_5/3 (1)",0.011,0.004,35,141,"PMC10039520, PMC10413082, PMC10905591, PMC11057131, PMC1808058, PMC2936347, PMC3111432, PMC3488317, PMC3594746, PMC3598946, PMC3965505, PMC4076233, PMC4447443, PMC4550660, PMC4682290, PMC4917651, PMC5293776, PMC5364878, PMC545655, PMC5609535, PMC6481719, PMC6682326, PMC7239921, PMC7389809, PMC7666130, PMC7947597, PMC8120848, PMC8290398, PMC8426510, PMC8756236, PMC8882829, PMC9130678, PMC9911595","PMC10034518, PMC10379034, PMC10406694, PMC10552899, PMC10618393, PMC10743052, PMC10858363, PMC10878834, PMC10889793, PMC10976750, PMC11122527, PMC11259626, PMC11269795, PMC11499919, PMC11559138, PMC11562309, PMC11578294, PMC11591890, PMC11595442, PMC11762233, PMC11794764, PMC11839199, PMC11918522, PMC12072047, PMC12080316, PMC12091229, PMC12107957, PMC2646266, PMC3136101, PMC3170288, PMC3446456, PMC3471036, PMC3706764, PMC3799771, PMC3805512, PMC3849435, PMC3907683, PMC3914586, PMC4055119, PMC4077650, PMC4081551, PMC4087006, PMC4178031, PMC4201491, PMC4227163, PMC4298333, PMC4404686, PMC4416238, PMC4451686, PMC4500612, PMC4539932, PMC4559195, PMC4562352, PMC4674106, PMC4676112, PMC4707328, PMC4813262, PMC4880889, PMC4899037, PMC4932130, PMC5072612, PMC5099844, PMC5164905, PMC5322661, PMC5358692, PMC5360390, PMC5493527, PMC5551777, PMC5552848, PMC5573935, PMC5658998, PMC5667471, PMC5690675, PMC5733904, PMC5746324, PMC5895940, PMC5997644, PMC6008747, PMC6073779, PMC6092836, PMC6095197, PMC6163325, PMC6172397, PMC6263063, PMC6323209, PMC6371545, PMC6434481, PMC6494860, PMC6538993, PMC6594112, PMC6743420, PMC6918167, PMC7191235, PMC7266346, PMC7315279, PMC7334395, PMC7352200, PMC7378902, PMC7545469, PMC7555878, PMC7564340, PMC7653780, PMC7691854, PMC7736623, PMC7751477, PMC7848378, PMC7897289, PMC8027176, PMC8063876, PMC8257615, PMC8353646, PMC8395443, PMC8399135, PMC8508916, PMC8520689, PMC8525028, PMC8554986, PMC8717537, PMC8758693, PMC8805820, PMC8868595, PMC8897656, PMC8949995, PMC8998418, PMC9097555, PMC9161927, PMC9406723, PMC9663507, PMC9778583, PMC9796874, PMC9857206, PMC9869574, PMC9934467, PMC9949900, PMC9963438, PMC9964429, PMC9993741",62.73,60.61,68.4,55.0,443,2507,33,137,648,763,666,782,forward,reverse_complement,2,3,4,,"PMC10039520,PMC10413082,PMC10905591,PMC11057131,PMC1808058,PMC2936347,PMC3111432,PMC3488317,PMC3594746,PMC3598946,PMC3965505,PMC4076233,PMC4447443,PMC4550660,PMC4682290,PMC4917651,PMC5293776,PMC5364878,PMC545655,PMC5609535,PMC6481719,PMC6682326,PMC7239921,PMC7389809,PMC7666130,PMC7947597,PMC8120848,PMC8290398,PMC8426510,PMC8756236,PMC8882829,PMC9130678,PMC9911595","PMC10034518,PMC10379034,PMC10552899,PMC10618393,PMC10858363,PMC10878834,PMC10889793,PMC10976750,PMC11122527,PMC11259626,PMC11269795,PMC11559138,PMC11578294,PMC11591890,PMC11595442,PMC11762233,PMC11794764,PMC11839199,PMC11918522,PMC12080316,PMC12091229,PMC2646266,PMC3136101,PMC3446456,PMC3799771,PMC3805512,PMC3849435,PMC3907683,PMC3914586,PMC4055119,PMC4077650,PMC4081551,PMC4087006,PMC4178031,PMC4201491,PMC4227163,PMC4298333,PMC4404686,PMC4539932,PMC4562352,PMC4674106,PMC4676112,PMC4707328,PMC4880889,PMC4899037,PMC4932130,PMC5072612,PMC5099844,PMC5164905,PMC5322661,PMC5358692,PMC5360390,PMC5493527,PMC5551777,PMC5573935,PMC5658998,PMC5690675,PMC5733904,PMC5746324,PMC5895940,PMC5997644,PMC6073779,PMC6092836,PMC6095197,PMC6172397,PMC6263063,PMC6323209,PMC6371545,PMC6434481,PMC6743420,PMC7191235,PMC7266346,PMC7315279,PMC7378902,PMC7555878,PMC7564340,PMC7653780,PMC7736623,PMC7751477,PMC7897289,PMC8027176,PMC8063876,PMC8257615,PMC8353646,PMC8395443,PMC8399135,PMC8508916,PMC8520689,PMC8525028,PMC8554986,PMC8717537,PMC8758693,PMC8805820,PMC8868595,PMC8949995,PMC9097555,PMC9161927,PMC9406723,PMC9663507,PMC9778583,PMC9796874,PMC9857206,PMC9869574,PMC9949900,PMC9963438,PMC9964429,PMC9993741","PMC10406694,PMC10743052,PMC11499919,PMC11562309,PMC12072047,PMC12107957,PMC3170288,PMC3471036,PMC3706764,PMC4416238,PMC4451686,PMC4500612,PMC4559195,PMC4813262,PMC5552848,PMC5667471,PMC6008747,PMC6163325,PMC6494860,PMC6538993,PMC6594112,PMC6918167,PMC7334395,PMC7352200,PMC7545469,PMC7691854,PMC7848378,PMC8897656,PMC8998418,PMC9934467",0,0,107,33,30,0.5899609880501404,0.7758333333333335,0.2933333333333342,58.63971606917371,
GGAGGGCAGCGAGGTAGTG,GGTCAGCCAACTCGTCACAGTC,PMF1-BGLAP,PMF1-BGLAP,"Osteocalcin (7), BGLAP (4), Gene (2), BGLAP/PB-OST (1), Bglap (1), COL1A1 (1), GENE/NCBI (1), IBSP (1), NM_199173.6 (1), OCN (1), OCN-R (1), OSX (1), Wnt3a (1)","OCN (9), BGLAP (2), 50 (1), Actin (1), Antibodies (1), COL (1), COLI (1), Fn1 (1), G6PDH (1), Gene (1), NM000711 (1), Osteocalcin (1), RUNX2 (1), Runx2 (1), TCF-4 (1), h-OCN-R (1), h-Ocn (1), h-Ocn-R (1)",0.011,0.000345,35,54,"PMC10039520, PMC10413082, PMC10905591, PMC11057131, PMC1808058, PMC2936347, PMC3111432, PMC3488317, PMC3594746, PMC3598946, PMC3965505, PMC4076233, PMC4447443, PMC4550660, PMC4682290, PMC4917651, PMC5293776, PMC5364878, PMC545655, PMC5609535, PMC6481719, PMC6682326, PMC7239921, PMC7389809, PMC7666130, PMC7947597, PMC8120848, PMC8290398, PMC8426510, PMC8756236, PMC8882829, PMC9130678, PMC9911595","PMC10002049, PMC10154459, PMC10282952, PMC10294445, PMC10337197, PMC10813297, PMC10878154, PMC11010622, PMC11067224, PMC11471398, PMC11476683, PMC11797752, PMC12097015, PMC12098891, PMC3869757, PMC4012947, PMC4200022, PMC4264207, PMC4270765, PMC4464659, PMC4630184, PMC4914939, PMC5109898, PMC5268458, PMC5439454, PMC5653327, PMC5695137, PMC5762292, PMC5780180, PMC5835706, PMC5852880, PMC6072152, PMC6097469, PMC6325129, PMC6722737, PMC6818209, PMC6896396, PMC6921428, PMC7028870, PMC7073499, PMC7102919, PMC7395790, PMC7581448, PMC7946453, PMC8051722, PMC8076131, PMC8961311, PMC8973756, PMC9117959, PMC9276041, PMC9284897, PMC9346378, PMC9571456",62.73,63.99,68.4,59.1,443,698,33,53,648,763,666,784,forward,reverse_complement,2,3,4,,"PMC10039520,PMC10413082,PMC10905591,PMC11057131,PMC1808058,PMC2936347,PMC3111432,PMC3488317,PMC3594746,PMC3598946,PMC3965505,PMC4076233,PMC4447443,PMC4550660,PMC4682290,PMC4917651,PMC5293776,PMC5364878,PMC545655,PMC5609535,PMC6481719,PMC6682326,PMC7239921,PMC7389809,PMC7666130,PMC7947597,PMC8120848,PMC8290398,PMC8426510,PMC8756236,PMC8882829,PMC9130678,PMC9911595","PMC10002049,PMC10154459,PMC10282952,PMC10294445,PMC10337197,PMC10813297,PMC10878154,PMC11010622,PMC11067224,PMC11471398,PMC11476683,PMC11797752,PMC12097015,PMC12098891,PMC3869757,PMC4012947,PMC4200022,PMC4264207,PMC4270765,PMC4464659,PMC4630184,PMC4914939,PMC5109898,PMC5268458,PMC5439454,PMC5653327,PMC5695137,PMC5762292,PMC5780180,PMC5835706,PMC5852880,PMC6072152,PMC6097469,PMC6325129,PMC6722737,PMC6818209,PMC6896396,PMC6921428,PMC7028870,PMC7073499,PMC7102919,PMC7395790,PMC7581448,PMC7946453,PMC8051722,PMC8076131,PMC8961311,PMC8973756,PMC9117959,PMC9276041,PMC9284897,PMC9346378,PMC9571456",,0,0,53,33,0,0.5183109311563623,0.5736111111111113,0.5799999999999983,54.72387989115142,
GGAGGGCAGCGAGGTAGTG,TTGATACAGGTAGCGCCTGGG,PMF1-BGLAP,PMF1-BGLAP,"Osteocalcin (7), BGLAP (4), Gene (2), BGLAP/PB-OST (1), Bglap (1), COL1A1 (1), GENE/NCBI (1), IBSP (1), NM_199173.6 (1), OCN (1), OCN-R (1), OSX (1), Wnt3a (1)","OCN (23), Osteocalcin (3), 632 (1), Antibodies (1), BGLAP (1), COLI (1), Fn1 (1), NM000711 (1), OC (1), h-OCN-F (1), h-Ocn (1), h-Ocn-F (1)",0.011,0.001,35,40,"PMC10039520, PMC10413082, PMC10905591, PMC11057131, PMC1808058, PMC2936347, PMC3111432, PMC3488317, PMC3594746, PMC3598946, PMC3965505, PMC4076233, PMC4447443, PMC4550660, PMC4682290, PMC4917651, PMC5293776, PMC5364878, PMC545655, PMC5609535, PMC6481719, PMC6682326, PMC7239921, PMC7389809, PMC7666130, PMC7947597, PMC8120848, PMC8290398, PMC8426510, PMC8756236, PMC8882829, PMC9130678, PMC9911595","PMC10154459, PMC10282952, PMC10337197, PMC10878154, PMC11471398, PMC11797752, PMC12097015, PMC12098891, PMC3692432, PMC3869757, PMC4200022, PMC4264207, PMC4464659, PMC4630184, PMC4793227, PMC4914939, PMC5109898, PMC5213995, PMC5268458, PMC5439454, PMC5653327, PMC5762292, PMC5780180, PMC5809428, PMC5852880, PMC6072152, PMC6267832, PMC6325129, PMC6896396, PMC7028870, PMC7073499, PMC7102919, PMC7395790, PMC7581448, PMC7946453, PMC8961311, PMC8973756, PMC9117959, PMC9284897, PMC9346378",62.73,62.58,68.4,57.1,443,538,33,40,648,673,666,693,forward,reverse_complement,2,4,3,,"PMC10039520,PMC10413082,PMC10905591,PMC11057131,PMC1808058,PMC2936347,PMC3111432,PMC3488317,PMC3594746,PMC3598946,PMC3965505,PMC4076233,PMC4447443,PMC4550660,PMC4682290,PMC4917651,PMC5293776,PMC5364878,PMC545655,PMC5609535,PMC6481719,PMC6682326,PMC7239921,PMC7389809,PMC7666130,PMC7947597,PMC8120848,PMC8290398,PMC8426510,PMC8756236,PMC8882829,PMC9130678,PMC9911595",,"PMC10154459,PMC10282952,PMC10337197,PMC10878154,PMC11471398,PMC11797752,PMC12097015,PMC12098891,PMC3692432,PMC3869757,PMC4200022,PMC4264207,PMC4464659,PMC4630184,PMC4793227,PMC4914939,PMC5109898,PMC5213995,PMC5268458,PMC5439454,PMC5653327,PMC5762292,PMC5780180,PMC5809428,PMC5852880,PMC6072152,PMC6267832,PMC6325129,PMC6896396,PMC7028870,PMC7073499,PMC7102919,PMC7395790,PMC7581448,PMC7946453,PMC8961311,PMC8973756,PMC9117959,PMC9284897,PMC9346378",0,0,0,33,40,0.2911529407523915,0.6247222222222224,0.9500000000000005,52.29931370428626,
GGAGGGCAGCGAGGTAGTG,CTGGAGAGGAGCAGAACTGG,PMF1-BGLAP,PMF1-BGLAP,"Osteocalcin (7), BGLAP (4), Gene (2), BGLAP/PB-OST (1), Bglap (1), COL1A1 (1), GENE/NCBI (1), IBSP (1), NM_199173.6 (1), OCN (1), OCN-R (1), OSX (1), Wnt3a (1)","Gene (3), OCN (3), BGLAP (2), Human (2), Osteocalcin (2), GAPDH (1), OCN--R (1), OCN-R (1), OTC (1), Primers (1), Shengong (1)",0.011,0.004,35,34,"PMC10039520, PMC10413082, PMC10905591, PMC11057131, PMC1808058, PMC2936347, PMC3111432, PMC3488317, PMC3594746, PMC3598946, PMC3965505, PMC4076233, PMC4447443, PMC4550660, PMC4682290, PMC4917651, PMC5293776, PMC5364878, PMC545655, PMC5609535, PMC6481719, PMC6682326, PMC7239921, PMC7389809, PMC7666130, PMC7947597, PMC8120848, PMC8290398, PMC8426510, PMC8756236, PMC8882829, PMC9130678, PMC9911595","PMC10658208, PMC11499919, PMC11562309, PMC11706895, PMC12013848, PMC12107957, PMC3170288, PMC3215189, PMC3692432, PMC3722850, PMC3854245, PMC4135228, PMC4190335, PMC4497709, PMC4500612, PMC4559195, PMC4813262, PMC5018325, PMC5151109, PMC5213995, PMC5214565, PMC5552848, PMC5769534, PMC6008747, PMC6163325, PMC6494860, PMC6594112, PMC6868153, PMC6990577, PMC7334395, PMC7545469, PMC7673024, PMC8262658, PMC9882893",62.73,60.12,68.4,60.0,443,671,33,34,648,862,666,881,forward,reverse_complement,2,3,3,,"PMC10039520,PMC10413082,PMC10905591,PMC11057131,PMC1808058,PMC2936347,PMC3111432,PMC3488317,PMC3594746,PMC3598946,PMC3965505,PMC4076233,PMC4447443,PMC4550660,PMC4682290,PMC4917651,PMC5293776,PMC5364878,PMC545655,PMC5609535,PMC6481719,PMC6682326,PMC7239921,PMC7389809,PMC7666130,PMC7947597,PMC8120848,PMC8290398,PMC8426510,PMC8756236,PMC8882829,PMC9130678,PMC9911595","PMC10658208,PMC11499919,PMC11562309,PMC11706895,PMC12013848,PMC12107957,PMC3170288,PMC3215189,PMC3692432,PMC3722850,PMC3854245,PMC4135228,PMC4190335,PMC4497709,PMC4500612,PMC4559195,PMC4813262,PMC5018325,PMC5151109,PMC5213995,PMC5214565,PMC5552848,PMC5769534,PMC6008747,PMC6163325,PMC6494860,PMC6594112,PMC6868153,PMC6990577,PMC7334395,PMC7545469,PMC7673024,PMC8262658,PMC9882893",,0,0,34,33,0,0.4773823568360085,0.7191666666666667,0.13000000000000023,48.04411784180043,
GGAGGGCAGCGAGGTAGTG,CCTGAAAGCCGATGTGGT,PMF1-BGLAP,PMF1-BGLAP,"Osteocalcin (7), BGLAP (4), Gene (2), BGLAP/PB-OST (1), Bglap (1), COL1A1 (1), GENE/NCBI (1), IBSP (1), NM_199173.6 (1), OCN (1), OCN-R (1), OSX (1), Wnt3a (1)","OCN (6), BSP-R (2), Gene (2), OCN-R (2), ALP (1), CCTGA (1), OC (1), OCN6 (1), Osteocalcin (1), hsa-OCN-R (1)",0.011,0.028,35,26,"PMC10039520, PMC10413082, PMC10905591, PMC11057131, PMC1808058, PMC2936347, PMC3111432, PMC3488317, PMC3594746, PMC3598946, PMC3965505, PMC4076233, PMC4447443, PMC4550660, PMC4682290, PMC4917651, PMC5293776, PMC5364878, PMC545655, PMC5609535, PMC6481719, PMC6682326, PMC7239921, PMC7389809, PMC7666130, PMC7947597, PMC8120848, PMC8290398, PMC8426510, PMC8756236, PMC8882829, PMC9130678, PMC9911595","PMC10070041, PMC10222704, PMC10285757, PMC3763164, PMC4655957, PMC5472052, PMC5702518, PMC5774528, PMC5837092, PMC6029428, PMC6080583, PMC6248998, PMC6333395, PMC6484321, PMC6756869, PMC6811559, PMC6812411, PMC7579890, PMC8273062, PMC8290518, PMC8570085, PMC8678408, PMC8800246, PMC8865099",62.73,57.92,68.4,55.6,443,362,33,24,648,782,666,799,forward,reverse_complement,2,2,3,,"PMC10039520,PMC10413082,PMC10905591,PMC11057131,PMC1808058,PMC2936347,PMC3111432,PMC3488317,PMC3594746,PMC3598946,PMC3965505,PMC4076233,PMC4447443,PMC4550660,PMC4682290,PMC4917651,PMC5293776,PMC5364878,PMC545655,PMC5609535,PMC6481719,PMC6682326,PMC7239921,PMC7389809,PMC7666130,PMC7947597,PMC8120848,PMC8290398,PMC8426510,PMC8756236,PMC8882829,PMC9130678,PMC9911595","PMC10070041,PMC10222704,PMC10285757,PMC3763164,PMC4655957,PMC5472052,PMC5702518,PMC5774528,PMC5837092,PMC6029428,PMC6080583,PMC6248998,PMC6333395,PMC6756869,PMC6811559,PMC6812411,PMC7579890,PMC8273062,PMC8570085,PMC8800246,PMC8865099","PMC6484321,PMC8290518,PMC8678408",0,0,21,33,3,0.4386998436170792,0.5636111111111114,0.0,38.8433255141873,
GGAGGGCAGCGAGGTAGTG,GATGTGGTCAGCCAACTC,PMF1-BGLAP,PMF1-BGLAP,"Osteocalcin (7), BGLAP (4), Gene (2), BGLAP/PB-OST (1), Bglap (1), COL1A1 (1), GENE/NCBI (1), IBSP (1), NM_199173.6 (1), OCN (1), OCN-R (1), OSX (1), Wnt3a (1)","Osteocalcin (7), GAPDH (2), BGLAP (1), Genes (1), OCN-R (1), OSTEOCALCIN (1), OSTERIX (1), RUNX-2-forward (1), RUNX2 (1), The (1), Type (1)",0.011,0.028,35,21,"PMC10039520, PMC10413082, PMC10905591, PMC11057131, PMC1808058, PMC2936347, PMC3111432, PMC3488317, PMC3594746, PMC3598946, PMC3965505, PMC4076233, PMC4447443, PMC4550660, PMC4682290, PMC4917651, PMC5293776, PMC5364878, PMC545655, PMC5609535, PMC6481719, PMC6682326, PMC7239921, PMC7389809, PMC7666130, PMC7947597, PMC8120848, PMC8290398, PMC8426510, PMC8756236, PMC8882829, PMC9130678, PMC9911595","PMC10209287, PMC10218682, PMC4556843, PMC4673191, PMC4699026, PMC4750003, PMC4837802, PMC4929892, PMC4961106, PMC5009659, PMC5763659, PMC5809617, PMC5833785, PMC6311247, PMC7539403, PMC8134029, PMC8245033, PMC8467999, PMC9024451, PMC9747886",62.73,55.99,68.4,55.6,443,252,33,20,648,772,666,789,forward,reverse_complement,2,3,3,,"PMC10039520,PMC10413082,PMC10905591,PMC11057131,PMC1808058,PMC2936347,PMC3111432,PMC3488317,PMC3594746,PMC3598946,PMC3965505,PMC4076233,PMC4447443,PMC4550660,PMC4682290,PMC4917651,PMC5293776,PMC5364878,PMC545655,PMC5609535,PMC6481719,PMC6682326,PMC7239921,PMC7389809,PMC7666130,PMC7947597,PMC8120848,PMC8290398,PMC8426510,PMC8756236,PMC8882829,PMC9130678,PMC9911595","PMC10209287,PMC10218682,PMC4556843,PMC4673191,PMC4699026,PMC4750003,PMC4837802,PMC4929892,PMC4961106,PMC5009659,PMC5763659,PMC5809617,PMC5833785,PMC6311247,PMC7539403,PMC8134029,PMC8245033,PMC8467999,PMC9024451,PMC9747886",,0,0,20,33,0,0.4291682666159864,0.540277777777778,0.0,37.66674666413265,
GGAGGGCAGCGAGGTAGTG,GGCTCCCAGCCATTGATACAG,PMF1-BGLAP,PMF1-BGLAP,"Osteocalcin (7), BGLAP (4), Gene (2), BGLAP/PB-OST (1), Bglap (1), COL1A1 (1), GENE/NCBI (1), IBSP (1), NM_199173.6 (1), OCN (1), OCN-R (1), OSX (1), Wnt3a (1)","Osteocalcin (4), OCN (3), Gene (2), BGLAP (1), Genes (1), Homo (1), OCN-R (1), gene (1)",0.011,0.001,35,19,"PMC10039520, PMC10413082, PMC10905591, PMC11057131, PMC1808058, PMC2936347, PMC3111432, PMC3488317, PMC3594746, PMC3598946, PMC3965505, PMC4076233, PMC4447443, PMC4550660, PMC4682290, PMC4917651, PMC5293776, PMC5364878, PMC545655, PMC5609535, PMC6481719, PMC6682326, PMC7239921, PMC7389809, PMC7666130, PMC7947597, PMC8120848, PMC8290398, PMC8426510, PMC8756236, PMC8882829, PMC9130678, PMC9911595","PMC10288420, PMC10703823, PMC12108652, PMC3829770, PMC3926498, PMC4204190, PMC5373515, PMC5455643, PMC6136473, PMC6781330, PMC7528055, PMC7925396, PMC8010662, PMC8047219, PMC8184675, PMC8306468, PMC8707254, PMC8717387, PMC9251783",62.73,61.48,68.4,57.1,443,222,33,19,648,685,666,705,forward,reverse_complement,2,4,4,,"PMC10039520,PMC10413082,PMC10905591,PMC11057131,PMC1808058,PMC2936347,PMC3111432,PMC3488317,PMC3594746,PMC3598946,PMC3965505,PMC4076233,PMC4447443,PMC4550660,PMC4682290,PMC4917651,PMC5293776,PMC5364878,PMC545655,PMC5609535,PMC6481719,PMC6682326,PMC7239921,PMC7389809,PMC7666130,PMC7947597,PMC8120848,PMC8290398,PMC8426510,PMC8756236,PMC8882829,PMC9130678,PMC9911595","PMC10288420,PMC10703823,PMC12108652,PMC3829770,PMC3926498,PMC4204190,PMC5373515,PMC5455643,PMC6136473,PMC6781330,PMC7528055,PMC7925396,PMC8010662,PMC8047219,PMC8184675,PMC8306468,PMC8707254,PMC8717387,PMC9251783",,0,0,19,33,0,0.4245632247628152,0.6858333333333337,0.5833333333333333,53.469827904807445,
GGAGGGCAGCGAGGTAGTG,CTCACACACCTCCCTCCTG,PMF1-BGLAP,PMF1-BGLAP,"Osteocalcin (7), BGLAP (4), Gene (2), BGLAP/PB-OST (1), Bglap (1), COL1A1 (1), GENE/NCBI (1), IBSP (1), NM_199173.6 (1), OCN (1), OCN-R (1), OSX (1), Wnt3a (1)","Gene (2), Osteocalcin (2), Direction (1)",0.011,0.011,35,17,"PMC10039520, PMC10413082, PMC10905591, PMC11057131, PMC1808058, PMC2936347, PMC3111432, PMC3488317, PMC3594746, PMC3598946, PMC3965505, PMC4076233, PMC4447443, PMC4550660, PMC4682290, PMC4917651, PMC5293776, PMC5364878, PMC545655, PMC5609535, PMC6481719, PMC6682326, PMC7239921, PMC7389809, PMC7666130, PMC7947597, PMC8120848, PMC8290398, PMC8426510, PMC8756236, PMC8882829, PMC9130678, PMC9911595","PMC10069154, PMC10139012, PMC11456876, PMC12109992, PMC5589808, PMC5832166, PMC6066508, PMC6428815, PMC6934613, PMC7462980, PMC7541626, PMC7866227, PMC8236553, PMC8665165, PMC8684200, PMC8739256, PMC9821315",62.73,59.68,68.4,63.2,443,147,33,17,648,735,666,753,forward,reverse_complement,2,2,6,,"PMC10039520,PMC10413082,PMC10905591,PMC11057131,PMC1808058,PMC2936347,PMC3111432,PMC3488317,PMC3594746,PMC3598946,PMC3965505,PMC4076233,PMC4447443,PMC4550660,PMC4682290,PMC4917651,PMC5293776,PMC5364878,PMC545655,PMC5609535,PMC6481719,PMC6682326,PMC7239921,PMC7389809,PMC7666130,PMC7947597,PMC8120848,PMC8290398,PMC8426510,PMC8756236,PMC8882829,PMC9130678,PMC9911595","PMC10069154,PMC10139012,PMC11456876,PMC12109992,PMC5589808,PMC5832166,PMC6066508,PMC6428815,PMC6934613,PMC7462980,PMC7541626,PMC7866227,PMC8236553,PMC8665165,PMC8739256,PMC9821315",PMC8684200,0,0,16,33,1,0.0,0.0,0.0,0.0,
TGACCACATCGGCTTTCAGGAG,GCCGTAGAAGCGCCGATAGGC,PMF1-BGLAP,PMF1-BGLAP,"BGLAP (4), Osteocalcin (3), Direction (2), ALPL (1), BGLAP-R (1), Bglap (1), Bglap2 (1), DSPP (1), Gene (1), OC (1), OCN (1), Osteocalin-Reverse (1), VEGF (1), hOCN-R (1)","Osteocalcin (7), GAPDH (2), BGLAP (1), Col-1 (1), Gene (1), Glyceraldehyde-3 (1), OC (1), OC-R (1)",0.000345,0.001,32,36,"PMC10222618, PMC10387216, PMC10407617, PMC10454939, PMC10779481, PMC10809007, PMC10903013, PMC11118509, PMC11129143, PMC11197745, PMC11330066, PMC11361852, PMC11439940, PMC11561506, PMC11744864, PMC11755084, PMC11817755, PMC11867901, PMC12085028, PMC3788782, PMC6151224, PMC7300400, PMC7407412, PMC7504673, PMC7746460, PMC7817818, PMC7885459, PMC8411547, PMC8963903, PMC9617701, PMC9750767, PMC9953662","PMC10621931, PMC1079906, PMC11986050, PMC1794501, PMC2575631, PMC2950392, PMC3252365, PMC3353470, PMC3365132, PMC3430211, PMC3580562, PMC3613821, PMC3903490, PMC4055077, PMC4247692, PMC4369894, PMC4450897, PMC4516509, PMC4538412, PMC4729148, PMC4730281, PMC5055347, PMC5460492, PMC5531028, PMC5552222, PMC5615990, PMC5647033, PMC5811493, PMC5895002, PMC6058739, PMC6579983, PMC6720366, PMC7086144, PMC9147460",63.23,66.41,54.5,66.7,137,539,32,34,780,802,801,822,forward,reverse_complement,3,4,6,,"PMC10222618,PMC10387216,PMC10407617,PMC10454939,PMC10779481,PMC10809007,PMC10903013,PMC11118509,PMC11129143,PMC11197745,PMC11330066,PMC11361852,PMC11439940,PMC11561506,PMC11744864,PMC11755084,PMC11817755,PMC11867901,PMC12085028,PMC3788782,PMC6151224,PMC7300400,PMC7407412,PMC7504673,PMC7746460,PMC7817818,PMC7885459,PMC8411547,PMC8963903,PMC9617701,PMC9750767,PMC9953662","PMC10621931,PMC1079906,PMC11986050,PMC1794501,PMC2575631,PMC2950392,PMC3252365,PMC3353470,PMC3365132,PMC3430211,PMC3580562,PMC3613821,PMC3903490,PMC4055077,PMC4247692,PMC4369894,PMC4450897,PMC4516509,PMC4538412,PMC4729148,PMC4730281,PMC5055347,PMC5460492,PMC5531028,PMC5552222,PMC5615990,PMC5647033,PMC5811493,PMC5895002,PMC6058739,PMC6579983,PMC6720366,PMC7086144,PMC9147460",,0,0,34,32,0,0.0,0.0,0.0,0.0,
TGACCACATCGGCTTTCAGGAG,TCAGCCAACTCGTCACAGTC,PMF1-BGLAP,PMF1-BGLAP,"BGLAP (4), Osteocalcin (3), Direction (2), ALPL (1), BGLAP-R (1), Bglap (1), Bglap2 (1), DSPP (1), Gene (1), OC (1), OCN (1), Osteocalin-Reverse (1), VEGF (1), hOCN-R (1)","BGLAP (18), Osteocalcin (18), OCN (13), Gene (7), Human (3), human (3), GAPDH (2), NM_199173.5 (2), The (2), ALP (1), BGLAP-R (1), Bone (1), CAGTC (1), CxCr4 (1), Direction (1), FGF23 (1), Genes (1), H-OCN-R1 (1), MasterMix (1), NM_199173 (1), NM_199173.3 (1), OC (1), OC-R (1), OCN- (1), OCN-F (1), OSTEOCALCIN (1), OTC (1), Osteocalcin-R (1), Osteogenesis (1), TGF- (1), hum_OCN_5/3 (1)",0.000345,0.004,32,141,"PMC10222618, PMC10387216, PMC10407617, PMC10454939, PMC10779481, PMC10809007, PMC10903013, PMC11118509, PMC11129143, PMC11197745, PMC11330066, PMC11361852, PMC11439940, PMC11561506, PMC11744864, PMC11755084, PMC11817755, PMC11867901, PMC12085028, PMC3788782, PMC6151224, PMC7300400, PMC7407412, PMC7504673, PMC7746460, PMC7817818, PMC7885459, PMC8411547, PMC8963903, PMC9617701, PMC9750767, PMC9953662","PMC10034518, PMC10379034, PMC10406694, PMC10552899, PMC10618393, PMC10743052, PMC10858363, PMC10878834, PMC10889793, PMC10976750, PMC11122527, PMC11259626, PMC11269795, PMC11499919, PMC11559138, PMC11562309, PMC11578294, PMC11591890, PMC11595442, PMC11762233, PMC11794764, PMC11839199, PMC11918522, PMC12072047, PMC12080316, PMC12091229, PMC12107957, PMC2646266, PMC3136101, PMC3170288, PMC3446456, PMC3471036, PMC3706764, PMC3799771, PMC3805512, PMC3849435, PMC3907683, PMC3914586, PMC4055119, PMC4077650, PMC4081551, PMC4087006, PMC4178031, PMC4201491, PMC4227163, PMC4298333, PMC4404686, PMC4416238, PMC4451686, PMC4500612, PMC4539932, PMC4559195, PMC4562352, PMC4674106, PMC4676112, PMC4707328, PMC4813262, PMC4880889, PMC4899037, PMC4932130, PMC5072612, PMC5099844, PMC5164905, PMC5322661, PMC5358692, PMC5360390, PMC5493527, PMC5551777, PMC5552848, PMC5573935, PMC5658998, PMC5667471, PMC5690675, PMC5733904, PMC5746324, PMC5895940, PMC5997644, PMC6008747, PMC6073779, PMC6092836, PMC6095197, PMC6163325, PMC6172397, PMC6263063, PMC6323209, PMC6371545, PMC6434481, PMC6494860, PMC6538993, PMC6594112, PMC6743420, PMC6918167, PMC7191235, PMC7266346, PMC7315279, PMC7334395, PMC7352200, PMC7378902, PMC7545469, PMC7555878, PMC7564340, PMC7653780, PMC7691854, PMC7736623, PMC7751477, PMC7848378, PMC7897289, PMC8027176, PMC8063876, PMC8257615, PMC8353646, PMC8395443, PMC8399135, PMC8508916, PMC8520689, PMC8525028, PMC8554986, PMC8717537, PMC8758693, PMC8805820, PMC8868595, PMC8897656, PMC8949995, PMC8998418, PMC9097555, PMC9161927, PMC9406723, PMC9663507, PMC9778583, PMC9796874, PMC9857206, PMC9869574, PMC9934467, PMC9949900, PMC9963438, PMC9964429, PMC9993741",63.23,60.61,54.5,55.0,137,2507,32,137,780,763,801,782,forward,reverse_complement,3,3,4,,"PMC10222618,PMC10387216,PMC10407617,PMC10454939,PMC10779481,PMC10809007,PMC10903013,PMC11118509,PMC11129143,PMC11197745,PMC11330066,PMC11361852,PMC11439940,PMC11561506,PMC11744864,PMC11755084,PMC11817755,PMC11867901,PMC12085028,PMC3788782,PMC6151224,PMC7300400,PMC7407412,PMC7504673,PMC7746460,PMC7817818,PMC7885459,PMC8411547,PMC8963903,PMC9617701,PMC9750767,PMC9953662","PMC10034518,PMC10379034,PMC10552899,PMC10618393,PMC10858363,PMC10878834,PMC10889793,PMC10976750,PMC11122527,PMC11259626,PMC11269795,PMC11559138,PMC11578294,PMC11591890,PMC11595442,PMC11762233,PMC11794764,PMC11839199,PMC11918522,PMC12080316,PMC12091229,PMC2646266,PMC3136101,PMC3446456,PMC3799771,PMC3805512,PMC3849435,PMC3907683,PMC3914586,PMC4055119,PMC4077650,PMC4081551,PMC4087006,PMC4178031,PMC4201491,PMC4227163,PMC4298333,PMC4404686,PMC4539932,PMC4562352,PMC4674106,PMC4676112,PMC4707328,PMC4880889,PMC4899037,PMC4932130,PMC5072612,PMC5099844,PMC5164905,PMC5322661,PMC5358692,PMC5360390,PMC5493527,PMC5551777,PMC5573935,PMC5658998,PMC5690675,PMC5733904,PMC5746324,PMC5895940,PMC5997644,PMC6073779,PMC6092836,PMC6095197,PMC6172397,PMC6263063,PMC6323209,PMC6371545,PMC6434481,PMC6743420,PMC7191235,PMC7266346,PMC7315279,PMC7378902,PMC7555878,PMC7564340,PMC7653780,PMC7736623,PMC7751477,PMC7897289,PMC8027176,PMC8063876,PMC8257615,PMC8353646,PMC8395443,PMC8399135,PMC8508916,PMC8520689,PMC8525028,PMC8554986,PMC8717537,PMC8758693,PMC8805820,PMC8868595,PMC8949995,PMC9097555,PMC9161927,PMC9406723,PMC9663507,PMC9778583,PMC9796874,PMC9857206,PMC9869574,PMC9949900,PMC9963438,PMC9964429,PMC9993741","PMC10406694,PMC10743052,PMC11499919,PMC11562309,PMC12072047,PMC12107957,PMC3170288,PMC3471036,PMC3706764,PMC4416238,PMC4451686,PMC4500612,PMC4559195,PMC4813262,PMC5552848,PMC5667471,PMC6008747,PMC6163325,PMC6494860,PMC6538993,PMC6594112,PMC6918167,PMC7334395,PMC7352200,PMC7545469,PMC7691854,PMC7848378,PMC8897656,PMC8998418,PMC9934467",0,0,107,32,30,0.5887604550477168,0.8422222222222224,0.12666666666666748,57.23802275238587,
TGACCACATCGGCTTTCAGGAG,GGTCAGCCAACTCGTCACAGTC,PMF1-BGLAP,PMF1-BGLAP,"BGLAP (4), Osteocalcin (3), Direction (2), ALPL (1), BGLAP-R (1), Bglap (1), Bglap2 (1), DSPP (1), Gene (1), OC (1), OCN (1), Osteocalin-Reverse (1), VEGF (1), hOCN-R (1)","OCN (9), BGLAP (2), 50 (1), Actin (1), Antibodies (1), COL (1), COLI (1), Fn1 (1), G6PDH (1), Gene (1), NM000711 (1), Osteocalcin (1), RUNX2 (1), Runx2 (1), TCF-4 (1), h-OCN-R (1), h-Ocn (1), h-Ocn-R (1)",0.000345,0.000345,32,54,"PMC10222618, PMC10387216, PMC10407617, PMC10454939, PMC10779481, PMC10809007, PMC10903013, PMC11118509, PMC11129143, PMC11197745, PMC11330066, PMC11361852, PMC11439940, PMC11561506, PMC11744864, PMC11755084, PMC11817755, PMC11867901, PMC12085028, PMC3788782, PMC6151224, PMC7300400, PMC7407412, PMC7504673, PMC7746460, PMC7817818, PMC7885459, PMC8411547, PMC8963903, PMC9617701, PMC9750767, PMC9953662","PMC10002049, PMC10154459, PMC10282952, PMC10294445, PMC10337197, PMC10813297, PMC10878154, PMC11010622, PMC11067224, PMC11471398, PMC11476683, PMC11797752, PMC12097015, PMC12098891, PMC3869757, PMC4012947, PMC4200022, PMC4264207, PMC4270765, PMC4464659, PMC4630184, PMC4914939, PMC5109898, PMC5268458, PMC5439454, PMC5653327, PMC5695137, PMC5762292, PMC5780180, PMC5835706, PMC5852880, PMC6072152, PMC6097469, PMC6325129, PMC6722737, PMC6818209, PMC6896396, PMC6921428, PMC7028870, PMC7073499, PMC7102919, PMC7395790, PMC7581448, PMC7946453, PMC8051722, PMC8076131, PMC8961311, PMC8973756, PMC9117959, PMC9276041, PMC9284897, PMC9346378, PMC9571456",63.23,63.99,54.5,59.1,137,698,32,53,780,763,801,784,forward,reverse_complement,3,3,5,,"PMC10222618,PMC10387216,PMC10407617,PMC10454939,PMC10779481,PMC10809007,PMC10903013,PMC11118509,PMC11129143,PMC11197745,PMC11330066,PMC11361852,PMC11439940,PMC11561506,PMC11744864,PMC11755084,PMC11817755,PMC11867901,PMC12085028,PMC3788782,PMC6151224,PMC7300400,PMC7407412,PMC7504673,PMC7746460,PMC7817818,PMC7885459,PMC8411547,PMC8963903,PMC9617701,PMC9750767,PMC9953662","PMC10002049,PMC10154459,PMC10282952,PMC10294445,PMC10337197,PMC10813297,PMC10878154,PMC11010622,PMC11067224,PMC11471398,PMC11476683,PMC11797752,PMC12097015,PMC12098891,PMC3869757,PMC4012947,PMC4200022,PMC4264207,PMC4270765,PMC4464659,PMC4630184,PMC4914939,PMC5109898,PMC5268458,PMC5439454,PMC5653327,PMC5695137,PMC5762292,PMC5780180,PMC5835706,PMC5852880,PMC6072152,PMC6097469,PMC6325129,PMC6722737,PMC6818209,PMC6896396,PMC6921428,PMC7028870,PMC7073499,PMC7102919,PMC7395790,PMC7581448,PMC7946453,PMC8051722,PMC8076131,PMC8961311,PMC8973756,PMC9117959,PMC9276041,PMC9284897,PMC9346378,PMC9571456",,0,0,53,32,0,0.5171103981539387,0.6400000000000002,0.746666666666665,59.988853241030235,
TGACCACATCGGCTTTCAGGAG,CTGGAGAGGAGCAGAACTGG,PMF1-BGLAP,PMF1-BGLAP,"BGLAP (4), Osteocalcin (3), Direction (2), ALPL (1), BGLAP-R (1), Bglap (1), Bglap2 (1), DSPP (1), Gene (1), OC (1), OCN (1), Osteocalin-Reverse (1), VEGF (1), hOCN-R (1)","Gene (3), OCN (3), BGLAP (2), Human (2), Osteocalcin (2), GAPDH (1), OCN--R (1), OCN-R (1), OTC (1), Primers (1), Shengong (1)",0.000345,0.004,32,34,"PMC10222618, PMC10387216, PMC10407617, PMC10454939, PMC10779481, PMC10809007, PMC10903013, PMC11118509, PMC11129143, PMC11197745, PMC11330066, PMC11361852, PMC11439940, PMC11561506, PMC11744864, PMC11755084, PMC11817755, PMC11867901, PMC12085028, PMC3788782, PMC6151224, PMC7300400, PMC7407412, PMC7504673, PMC7746460, PMC7817818, PMC7885459, PMC8411547, PMC8963903, PMC9617701, PMC9750767, PMC9953662","PMC10658208, PMC11499919, PMC11562309, PMC11706895, PMC12013848, PMC12107957, PMC3170288, PMC3215189, PMC3692432, PMC3722850, PMC3854245, PMC4135228, PMC4190335, PMC4497709, PMC4500612, PMC4559195, PMC4813262, PMC5018325, PMC5151109, PMC5213995, PMC5214565, PMC5552848, PMC5769534, PMC6008747, PMC6163325, PMC6494860, PMC6594112, PMC6868153, PMC6990577, PMC7334395, PMC7545469, PMC7673024, PMC8262658, PMC9882893",63.23,60.12,54.5,60.0,137,671,32,34,780,862,801,881,forward,reverse_complement,3,3,3,,"PMC10222618,PMC10387216,PMC10407617,PMC10454939,PMC10779481,PMC10809007,PMC10903013,PMC11118509,PMC11129143,PMC11197745,PMC11330066,PMC11361852,PMC11439940,PMC11561506,PMC11744864,PMC11755084,PMC11817755,PMC11867901,PMC12085028,PMC3788782,PMC6151224,PMC7300400,PMC7407412,PMC7504673,PMC7746460,PMC7817818,PMC7885459,PMC8411547,PMC8963903,PMC9617701,PMC9750767,PMC9953662","PMC10658208,PMC11499919,PMC11562309,PMC11706895,PMC12013848,PMC12107957,PMC3170288,PMC3215189,PMC3692432,PMC3722850,PMC3854245,PMC4135228,PMC4190335,PMC4497709,PMC4500612,PMC4559195,PMC4813262,PMC5018325,PMC5151109,PMC5213995,PMC5214565,PMC5552848,PMC5769534,PMC6008747,PMC6163325,PMC6494860,PMC6594112,PMC6868153,PMC6990577,PMC7334395,PMC7545469,PMC7673024,PMC8262658,PMC9882893",,0,0,34,32,0,0.47618182383358487,0.7855555555555557,0.0,47.375757858345914,
