f_sequence,r_sequence,f_gene,r_gene,f_author_gene_list,r_author_gene_list,f_evalue,r_evalue,f_Occurrence_Count,r_Occurrence_Count,f_pmcid_list,r_pmcid_list,f_Citation_Count,r_Citation_Count,f_Tm_C,r_Tm_C,f_GC_pct,r_GC_pct,f_pmcid_count,r_pmcid_count,f_match_start,r_match_start,f_match_end,r_match_end,f_orientation,r_orientation,f_self_comp,r_self_comp,pair_comp,f_cross_specificity_0,f_cross_specificity_0_seq,r_cross_specificity_0,r_cross_specificity_0_seq,f_cross_specificity_1,f_cross_specificity_1_seq,r_cross_specificity_1,r_cross_specificity_1_seq,f_cross_specificity_2,f_cross_specificity_2_seq,r_cross_specificity_2,r_cross_specificity_2_seq,f_cross_specificity_3,f_cross_specificity_3_seq,r_cross_specificity_3,r_cross_specificity_3_seq,f_cross_specificity_4,f_cross_specificity_4_seq,r_cross_specificity_4,r_cross_specificity_4_seq,f_reg_pmcid_list,f_inv_pmcid_list,r_reg_pmcid_list,r_inv_pmcid_list,f_reg_pmcid_count,f_inv_pmcid_count,r_reg_pmcid_count,r_inv_pmcid_count,pair_shared_pmcid_list,pair_shared_pmcid_count,evidence_score,biophysics_score,synergy_score,pickr_score,percentile
CTTGAATCCCGAATGGAAAGGG,GTGTATATCCCAGGGTGATCCTC,POU5F1,POU5F1,"5460 (1) (1), OCT-4 (2) (1), OCT-4-F (1) (1), OCT4 (24) (1), OCT4-F (5) (1), OCT4-F1 (2) (1), OCT4-r (1) (1), Oct (2) (1), Oct-3/4 (1) (1), Oct-4 (6) (1), Oct3/4 (1) (1), Oct3/4-F (1) (1), Oct4 (8) (1), Oct4-F (3) (1), POU5F1 (9) (1), POU5F1-F (1) (1), Recombinant (1) (1), The (1) (1), h-Oct3/4-F (1) (1), hPOU5F1-F (1) (1)","4505967a2 (2) (1), ALDH1 (1) (1), CD133 (1) (1), GAPDH (1) (1), Gene (1) (1), Human (2) (1), Myc (1) (1), Nanog (1) (1), OCT-4 (3) (1), OCT-4-R (1) (1), OCT3/4 (6) (1), OCT4 (4) (1), OCT4-R (6) (1), OCT4-R1 (2) (1), OCT4-Reverse (1) (1), Oct-3/4 (1) (1), Oct-4 (3) (1), Oct3/4 (2) (1), Oct4 (1) (1), Oct4-R (4) (1), POU5F1 (11) (1), POU5F1-R (1) (1), PR (1) (1), Product (1) (1), REAGENT (1) (1), Recombinant (1) (1), Reve (1) (1), SOCS5 (1) (1), SOX2 (3) (1), The (1) (1), h-Oct3/4-R (1) (1), hPOU5F1-R (1) (1)",0.000345,8.72e-05,98,122," PMC10417289, PMC10475219, PMC10477221, PMC10478283, PMC10483786, PMC10795422, PMC10872666, PMC10872693, PMC10976750, PMC11277582, PMC11301968, PMC11374638, PMC11576721, PMC11669215, PMC11680578, PMC11720593, PMC11982335, PMC12103779, PMC3462595, PMC3503795, PMC4052487, PMC4248291, PMC4355729, PMC4464886, PMC4694887, PMC5332902, PMC5352030, PMC5535708, PMC5547951, PMC5599183, PMC5715296, PMC5732775, PMC5830947, PMC5859474, PMC6050740, PMC6092836, PMC6197282, PMC6478495, PMC6712617, PMC7081039, PMC7137341, PMC7217831, PMC7248475, PMC7264286, PMC7302175, PMC7330704, PMC7378902, PMC7466444, PMC7467757, PMC7759383, PMC7790904, PMC8291794, PMC8298552, PMC8455594, PMC8530990, PMC8555683, PMC8638179, PMC8718897, PMC8782888, PMC8797349, PMC8831954, PMC8897693, PMC8971536, PMC8999884, PMC9005530, PMC9010412, PMC9131684, PMC9284726, PMC9438273, PMC9461253, PMC9709059, PMC9864029, PMC9893670,PMC10288279,PMC10404326,PMC10471830,PMC10721152,PMC11411300,PMC11569164,PMC11570519,PMC12235983,PMC3849256,PMC4248291,PMC4694887,PMC4891057,PMC5399579,PMC5535708,PMC5599183,PMC5709502,PMC8494899,PMC8527102,PMC8529542,PMC8571728,PMC9595492"," PMC10404326, PMC10417289, PMC10475219, PMC10478283, PMC10483786, PMC10611369, PMC10772788, PMC10795422, PMC10872666, PMC10897545, PMC10940801, PMC10976750, PMC11220018, PMC11243929, PMC11277582, PMC11301968, PMC11374638, PMC11576721, PMC11669215, PMC11720593, PMC11961977, PMC11982335, PMC12038528, PMC12103779, PMC3503795, PMC3849256, PMC4052487, PMC4248291, PMC4355729, PMC4464886, PMC4684758, PMC4694887, PMC4746423, PMC4879770, PMC4985348, PMC5351613, PMC5352030, PMC5487916, PMC5535708, PMC5547951, PMC5599183, PMC5632925, PMC5709502, PMC5715296, PMC5742625, PMC5830947, PMC5832770, PMC5859474, PMC6050740, PMC6092836, PMC6197282, PMC6478495, PMC6562827, PMC6694096, PMC6712617, PMC6728214, PMC6996343, PMC7081039, PMC7217831, PMC7264286, PMC7302175, PMC7330704, PMC7378902, PMC7457590, PMC7466444, PMC7467757, PMC7759383, PMC7790904, PMC8197761, PMC8291794, PMC8330544, PMC8369939, PMC8414676, PMC8416176, PMC8455594, PMC8520720, PMC8530990, PMC8555683, PMC8638179, PMC8718897, PMC8782888, PMC8797349, PMC8805864, PMC8810931, PMC8831954, PMC8971536, PMC8974062, PMC8999884, PMC9005530, PMC9010412, PMC9131684, PMC9214204, PMC9284726, PMC9353684, PMC9365344, PMC9438273, PMC9461253, PMC9577761, PMC9709059, PMC9864029, PMC9893670,PMC10108533,PMC10628816,PMC10721152,PMC11270788,PMC11411300,PMC4248291,PMC4694887,PMC5399579,PMC5535708,PMC5599183,PMC6567805,PMC8527102,PMC8529542,PMC8571728,PMC9595492",549.0,392.0,59.97,60.16,50.0,52.2,94,116,1045.0,1186.0,1066.0,1208.0,forward,reverse_complement,3,4,3,,,,,,,,,,,,,,,,,,,,,"PMC10288279,PMC10404326,PMC10417289,PMC10471830,PMC10475219,PMC10477221,PMC10478283,PMC10483786,PMC10721152,PMC10795422,PMC10872666,PMC10872693,PMC10976750,PMC11277582,PMC11301968,PMC11374638,PMC11411300,PMC11569164,PMC11570519,PMC11576721,PMC11669215,PMC11680578,PMC11720593,PMC11982335,PMC12103779,PMC12235983,PMC3462595,PMC3503795,PMC3849256,PMC4052487,PMC4248291,PMC4355729,PMC4464886,PMC4694887,PMC4891057,PMC5332902,PMC5352030,PMC5399579,PMC5535708,PMC5547951,PMC5599183,PMC5709502,PMC5715296,PMC5732775,PMC5830947,PMC5859474,PMC6050740,PMC6092836,PMC6197282,PMC6478495,PMC6712617,PMC7081039,PMC7137341,PMC7217831,PMC7248475,PMC7264286,PMC7302175,PMC7330704,PMC7378902,PMC7466444,PMC7467757,PMC7759383,PMC7790904,PMC8291794,PMC8298552,PMC8455594,PMC8494899,PMC8527102,PMC8529542,PMC8530990,PMC8555683,PMC8571728,PMC8638179,PMC8718897,PMC8782888,PMC8797349,PMC8831954,PMC8897693,PMC8971536,PMC8999884,PMC9005530,PMC9010412,PMC9131684,PMC9284726,PMC9438273,PMC9461253,PMC9595492,PMC9709059,PMC9864029,PMC9893670",,"PMC10108533,PMC10404326,PMC10417289,PMC10475219,PMC10478283,PMC10483786,PMC10611369,PMC10628816,PMC10721152,PMC10772788,PMC10795422,PMC10872666,PMC10897545,PMC10940801,PMC10976750,PMC11220018,PMC11243929,PMC11270788,PMC11277582,PMC11301968,PMC11374638,PMC11411300,PMC11576721,PMC11669215,PMC11720593,PMC11961977,PMC11982335,PMC12038528,PMC12103779,PMC3503795,PMC3849256,PMC4052487,PMC4248291,PMC4355729,PMC4464886,PMC4684758,PMC4694887,PMC4746423,PMC4879770,PMC4985348,PMC5351613,PMC5352030,PMC5399579,PMC5487916,PMC5535708,PMC5547951,PMC5599183,PMC5632925,PMC5709502,PMC5715296,PMC5742625,PMC5830947,PMC5832770,PMC5859474,PMC6050740,PMC6092836,PMC6197282,PMC6478495,PMC6562827,PMC6567805,PMC6694096,PMC6728214,PMC6996343,PMC7081039,PMC7217831,PMC7264286,PMC7302175,PMC7330704,PMC7378902,PMC7457590,PMC7466444,PMC7467757,PMC7759383,PMC7790904,PMC8197761,PMC8291794,PMC8330544,PMC8369939,PMC8414676,PMC8416176,PMC8455594,PMC8520720,PMC8527102,PMC8529542,PMC8530990,PMC8555683,PMC8571728,PMC8638179,PMC8718897,PMC8782888,PMC8797349,PMC8805864,PMC8810931,PMC8831954,PMC8971536,PMC8974062,PMC8999884,PMC9005530,PMC9010412,PMC9131684,PMC9214204,PMC9284726,PMC9353684,PMC9365344,PMC9438273,PMC9461253,PMC9577761,PMC9595492,PMC9709059,PMC9864029,PMC9893670",PMC6712617,90,0,111,1,"PMC10404326,PMC10417289,PMC10475219,PMC10478283,PMC10483786,PMC10721152,PMC10795422,PMC10872666,PMC10976750,PMC11277582,PMC11301968,PMC11374638,PMC11411300,PMC11576721,PMC11669215,PMC11720593,PMC11982335,PMC12103779,PMC3503795,PMC3849256,PMC4052487,PMC4248291,PMC4355729,PMC4464886,PMC4694887,PMC5352030,PMC5399579,PMC5535708,PMC5547951,PMC5599183,PMC5709502,PMC5715296,PMC5830947,PMC5859474,PMC6050740,PMC6092836,PMC6197282,PMC6478495,PMC7081039,PMC7217831,PMC7264286,PMC7302175,PMC7330704,PMC7378902,PMC7466444,PMC7467757,PMC7759383,PMC7790904,PMC8291794,PMC8455594,PMC8527102,PMC8529542,PMC8530990,PMC8555683,PMC8571728,PMC8638179,PMC8718897,PMC8782888,PMC8797349,PMC8831954,PMC8971536,PMC8999884,PMC9005530,PMC9010412,PMC9131684,PMC9284726,PMC9438273,PMC9461253,PMC9595492,PMC9709059,PMC9864029,PMC9893670",72,1.0,0.9894444444444446,0.9366666666666674,98.41666666666667,99.6734351591206
GAAGGATGTGGTCCGAGTGT,GTGAAGTGAGGGCTCCCATA,POU5F1,POU5F1,"55 (1) (1), ACT (1) (1), Cyclin (1) (1), GGAGA (1) (1), GenBank (1) (1), Genbank (1) (1), NANOG (1) (1), NM_002701 (1) (1), OCT-4 (5) (1), OCT3 (1) (1), OCT3/4 (1) (1), OCT4 (4) (1), OCT4-F (1) (1), OCT4_fw (1) (1), Oct-4 (2) (1), Oct4 (3) (1), POU (1) (1), POU5F1 (5) (1), POU5F1-R (1) (1), Pou5F_R (1) (1), SOX-2 (1) (1), SOX2 (2) (1), Sox2 (1) (1), The (1) (1), Upper (2) (1)","CTCC (1) (1), Gene (2) (1), LGR5 (1) (1), Lower (2) (1), MYC (1) (1), OCT-4 (4) (1), OCT4 (2) (1), OCT4A (2) (1), OCT4B (2) (1), Oct-4 (3) (1), Oct4 (1) (1), Oct4A (1) (1), Oct4B (1) (1), POU5F1 (2) (1), Sex (1) (1), homeobox (1) (1)",0.004,0.004,75,44," PMC10139117, PMC10163040, PMC10377620, PMC10645425, PMC10671720, PMC10706241, PMC10805825, PMC10835262, PMC10960442, PMC11335221, PMC11655692, PMC11983960, PMC2844422, PMC2887366, PMC3311553, PMC3479164, PMC3641338, PMC3973192, PMC4081551, PMC4201761, PMC4297870, PMC4376765, PMC4616026, PMC4762427, PMC4832103, PMC5323177, PMC5415946, PMC5527465, PMC5666729, PMC5768693, PMC5815497, PMC6281623, PMC6283856, PMC6307676, PMC6399006, PMC6494844, PMC6538673, PMC6544653, PMC6547395, PMC6606997, PMC6625065, PMC6711954, PMC7041535, PMC7049688, PMC7348751, PMC7388557, PMC7797662, PMC7859355, PMC7940740, PMC8104960, PMC8152426, PMC8286457, PMC8366451, PMC8441142, PMC8448614, PMC8674875, PMC8773805, PMC9374437, PMC9405349,PMC10094087,PMC10173517,PMC11045446,PMC3479164,PMC3898746,PMC6281623,PMC6283856,PMC6525983,PMC6545159,PMC7005693,PMC8100125"," PMC10139117, PMC10671720, PMC10829671, PMC11040361, PMC11274440, PMC11655692, PMC3095638, PMC3311553, PMC3511366, PMC3554725, PMC3823397, PMC3916122, PMC4201761, PMC4464659, PMC4561906, PMC4618831, PMC4832103, PMC5131843, PMC5167543, PMC5323177, PMC5472783, PMC6283856, PMC6430470, PMC7388557, PMC7463744, PMC7643360, PMC7694436, PMC7904523, PMC8104960, PMC8674875,PMC10094087,PMC12205603,PMC4561906,PMC4741483,PMC6283856,PMC7863557",817.0,106.0,60.05,59.46,55.0,55.0,70,36,1528.0,1691.0,1547.0,1710.0,forward,reverse_complement,3,3,3,,,,,,,,,,,,,,,,,,,,,"PMC10094087,PMC10139117,PMC10377620,PMC10671720,PMC11655692,PMC2844422,PMC3311553,PMC4201761,PMC4832103,PMC5323177,PMC6283856,PMC6538673,PMC6544653,PMC6606997,PMC7041535,PMC7348751,PMC7388557,PMC8104960,PMC8448614,PMC8674875","PMC10163040,PMC10173517,PMC10645425,PMC10706241,PMC10805825,PMC10835262,PMC10960442,PMC11045446,PMC11335221,PMC11983960,PMC2887366,PMC3479164,PMC3641338,PMC3898746,PMC3973192,PMC4081551,PMC4297870,PMC4376765,PMC4616026,PMC4762427,PMC5415946,PMC5527465,PMC5666729,PMC5768693,PMC5815497,PMC6281623,PMC6307676,PMC6399006,PMC6494844,PMC6525983,PMC6545159,PMC6547395,PMC6625065,PMC6711954,PMC7005693,PMC7049688,PMC7797662,PMC7859355,PMC7940740,PMC8100125,PMC8152426,PMC8286457,PMC8366451,PMC8441142,PMC8773805,PMC9374437,PMC9405349","PMC10094087,PMC10139117,PMC10671720,PMC10829671,PMC11040361,PMC11274440,PMC11655692,PMC12205603,PMC3095638,PMC3311553,PMC3511366,PMC3554725,PMC3823397,PMC3916122,PMC4201761,PMC4464659,PMC4561906,PMC4618831,PMC4741483,PMC4832103,PMC5167543,PMC5323177,PMC5472783,PMC6283856,PMC6430470,PMC7388557,PMC7463744,PMC7643360,PMC7694436,PMC7863557,PMC7904523,PMC8104960,PMC8674875","PMC10829671,PMC4464659,PMC5131843,PMC6430470",20,47,33,4,"PMC10094087,PMC10139117,PMC10671720,PMC11655692,PMC3311553,PMC4201761,PMC4832103,PMC5323177,PMC6283856,PMC7388557,PMC8104960,PMC8674875",12,1.0,0.9672222222222224,0.8033333333333346,95.08333333333337,99.40133781932377
GTGGAGGAAGCTGACAACAA,ATTCTCCAGGTTGCCTCTCA,POU5F1,POU5F1,"119 (1) (1), A2300 (1) (1), EGFP (1) (1), FOR (1) (1), GAC (1) (1), Gene (2) (1), H-OCT4 (1) (1), Human (1) (1), NANOG (2) (1), NANOG-F (1) (1), OCT3/4 (1) (1), OCT4 (12) (1), OCT4-F (1) (1), OCT4-Sense (1) (1), OCT4-reverse (1) (1), Oct-4 (2) (1), Oct4 (6) (1), Oct4-reverse (1) (1), Oct4a (1) (1), POU (1) (1), POU5F1 (10) (1), Pluripotency (2) (1), Set (1) (1), The (1) (1), USA (1) (1), human (1) (1)","Gene (1) (1), NANOG (1) (1), OCT4 (2) (1), Oct-4 (1) (1), Oct4 (2) (1), POU5F1 (4) (1), SOX2 (1) (1), The (1) (1)",0.004,0.004,72,27," PMC10957997, PMC11014864, PMC11101480, PMC11292262, PMC11427698, PMC11515471, PMC11581432, PMC2831306, PMC3077891, PMC3857166, PMC4090168, PMC4090206, PMC4219743, PMC4358081, PMC4461767, PMC4467125, PMC4484432, PMC5357761, PMC5386357, PMC5479030, PMC5488545, PMC5524812, PMC5533946, PMC5541715, PMC5591432, PMC5677350, PMC5851116, PMC6059729, PMC6168501, PMC6214949, PMC6237593, PMC6283842, PMC6349828, PMC6355651, PMC6430378, PMC6544653, PMC6549167, PMC6591285, PMC6664765, PMC6933027, PMC7005302, PMC7471976, PMC7593581, PMC7600115, PMC7649396, PMC7674658, PMC7692041, PMC7850411, PMC8273683, PMC8340846, PMC8922936, PMC9103168, PMC9558687, PMC9727917, PMC9750879,PMC10074076,PMC10787008,PMC5288783,PMC5386357,PMC6059729,PMC6210048,PMC6214949,PMC6283842,PMC6391455,PMC8596119,PMC8674361,PMC9198085,PMC9618131"," PMC10957997, PMC11014864, PMC11101480, PMC11427698, PMC11581432, PMC3857166, PMC4219743, PMC4358081, PMC4467125, PMC5357761, PMC5524812, PMC5677350, PMC6168501, PMC7600115, PMC7674658, PMC7692041, PMC7814647, PMC8340846, PMC8922936, PMC9103168, PMC9167649,PMC10074076,PMC10787008,PMC5076449,PMC6391455,PMC8039936,PMC9618131",471.0,88.0,58.69,59.01,50.0,50.0,68,27,1340.0,1440.0,1359.0,1459.0,forward,reverse_complement,4,3,5,,,,,,,,,,,,,,,,,,,,,"PMC10074076,PMC10787008,PMC10957997,PMC11014864,PMC11101480,PMC11292262,PMC11427698,PMC11515471,PMC11581432,PMC2831306,PMC3077891,PMC3857166,PMC4090168,PMC4090206,PMC4219743,PMC4358081,PMC4461767,PMC4467125,PMC4484432,PMC5288783,PMC5357761,PMC5386357,PMC5479030,PMC5488545,PMC5524812,PMC5533946,PMC5541715,PMC5591432,PMC5677350,PMC5851116,PMC6059729,PMC6168501,PMC6210048,PMC6214949,PMC6237593,PMC6283842,PMC6349828,PMC6355651,PMC6391455,PMC6544653,PMC6549167,PMC6591285,PMC6664765,PMC6933027,PMC7005302,PMC7471976,PMC7593581,PMC7600115,PMC7649396,PMC7674658,PMC7692041,PMC8273683,PMC8340846,PMC8674361,PMC8922936,PMC9103168,PMC9198085,PMC9558687,PMC9618131,PMC9727917,PMC9750879","PMC6430378,PMC7850411,PMC8596119","PMC10074076,PMC10787008,PMC10957997,PMC11014864,PMC11101480,PMC11427698,PMC11581432,PMC3857166,PMC4219743,PMC4358081,PMC4467125,PMC5357761,PMC5524812,PMC5677350,PMC6168501,PMC6391455,PMC7600115,PMC7674658,PMC7692041,PMC8340846,PMC8922936,PMC9103168,PMC9618131","PMC5076449,PMC7814647,PMC8039936,PMC9167649",61,3,23,4,"PMC10074076,PMC10787008,PMC10957997,PMC11014864,PMC11101480,PMC11427698,PMC11581432,PMC3857166,PMC4219743,PMC4358081,PMC4467125,PMC5357761,PMC5524812,PMC5677350,PMC6168501,PMC6391455,PMC7600115,PMC7674658,PMC7692041,PMC8340846,PMC8922936,PMC9103168,PMC9618131",23,1.0,0.872222222222222,0.8933333333333332,94.03333333333333,99.28125320912014
AGTGAGAGGCAACCTGGAGA,ACACTCGGACCACATCCTTC,POU5F1,POU5F1,"657 (1) (1), EXO-OCT4 (1) (1), Kit (1) (1), NM001113060 (1) (1), NM_001113060 (1) (1), NM_002701.4 (1) (1), OCT-4 (2) (1), OCT3/4 (4) (1), OCT4 (25) (1), OCT4A (3) (1), Oct-4 (1) (1), Oct3/4 (1) (1), Oct4 (6) (1), Oct4-SF1 (3) (1), Oct4A (1) (1), Oct4a (1) (1), POU5F1 (13) (1), POU5F1-r (2) (1), POU5F1/OCT4 (1) (1), Pou5F_F (1) (1), RT-PCR (1) (1), TGG-3 (1) (1), hPOU5F1 (1) (1), p-POU5F1-Q-179-R (1) (1), pc-POU5F1-Q-179-R (1) (1)","55 (1) (1), ACT (1) (1), Cyclin (1) (1), GGAGA (1) (1), GenBank (1) (1), Genbank (1) (1), NANOG (1) (1), NM_002701 (1) (1), OCT-4 (5) (1), OCT3 (1) (1), OCT3/4 (1) (1), OCT4 (4) (1), OCT4-F (1) (1), OCT4_fw (1) (1), Oct-4 (2) (1), Oct4 (3) (1), POU (1) (1), POU5F1 (5) (1), POU5F1-R (1) (1), Pou5F_R (1) (1), SOX-2 (1) (1), SOX2 (2) (1), Sox2 (1) (1), The (1) (1), Upper (2) (1)",0.004,0.004,108,75," PMC10163040, PMC10164477, PMC10445237, PMC10584277, PMC10645425, PMC10706241, PMC10829671, PMC11274440, PMC11330932, PMC11466741, PMC11983960, PMC12010222, PMC2768758, PMC2887366, PMC3096636, PMC3198501, PMC3334991, PMC3479164, PMC3492496, PMC3554725, PMC3641338, PMC3734275, PMC3859201, PMC3916122, PMC3946260, PMC3973192, PMC4093196, PMC4334543, PMC4381569, PMC4464659, PMC4495055, PMC4561906, PMC4616026, PMC4618831, PMC4682290, PMC4762427, PMC4887794, PMC4932181, PMC5134122, PMC5385527, PMC5415946, PMC5432225, PMC5472783, PMC5488545, PMC5647349, PMC5752187, PMC5762807, PMC5768693, PMC5815497, PMC5841441, PMC5855759, PMC6073876, PMC6399006, PMC6430470, PMC6494844, PMC6538509, PMC6544653, PMC6625065, PMC6711954, PMC6749091, PMC6983992, PMC7005302, PMC7049688, PMC7481635, PMC7599646, PMC7643360, PMC7672295, PMC7694436, PMC7904523, PMC7940740, PMC8160028, PMC8229322, PMC8239245, PMC8286457, PMC8366451, PMC8441142, PMC8460459, PMC8611001, PMC8897656, PMC9169189, PMC9374437, PMC9454898, PMC9614032, PMC9898924,PMC10143469,PMC11045446,PMC11055877,PMC12053477,PMC3479164,PMC3898746,PMC4561906,PMC4616026,PMC4740175,PMC4741483,PMC5441176,PMC6545159,PMC7005693,PMC8100125,PMC8674361,PMC8851157,PMC8861636"," PMC10139117, PMC10163040, PMC10377620, PMC10645425, PMC10671720, PMC10706241, PMC10805825, PMC10835262, PMC10960442, PMC11335221, PMC11655692, PMC11983960, PMC2844422, PMC2887366, PMC3311553, PMC3479164, PMC3641338, PMC3973192, PMC4081551, PMC4201761, PMC4297870, PMC4376765, PMC4616026, PMC4762427, PMC4832103, PMC5323177, PMC5415946, PMC5527465, PMC5666729, PMC5768693, PMC5815497, PMC6281623, PMC6283856, PMC6307676, PMC6399006, PMC6494844, PMC6538673, PMC6544653, PMC6547395, PMC6606997, PMC6625065, PMC6711954, PMC7041535, PMC7049688, PMC7348751, PMC7388557, PMC7797662, PMC7859355, PMC7940740, PMC8104960, PMC8152426, PMC8286457, PMC8366451, PMC8441142, PMC8448614, PMC8674875, PMC8773805, PMC9374437, PMC9405349,PMC10094087,PMC10173517,PMC11045446,PMC3479164,PMC3898746,PMC6281623,PMC6283856,PMC6525983,PMC6545159,PMC7005693,PMC8100125",890.0,817.0,60.85,60.05,55.0,55.0,101,70,1438.0,1528.0,1457.0,1547.0,forward,reverse_complement,3,3,4,,,,,,,,,,,,,,,,,,,,,"PMC10143469,PMC10163040,PMC10164477,PMC10584277,PMC10645425,PMC10706241,PMC10829671,PMC11045446,PMC11055877,PMC11274440,PMC11330932,PMC11466741,PMC11983960,PMC12010222,PMC12053477,PMC2768758,PMC2887366,PMC3096636,PMC3479164,PMC3492496,PMC3554725,PMC3641338,PMC3734275,PMC3859201,PMC3898746,PMC3916122,PMC3946260,PMC3973192,PMC4093196,PMC4334543,PMC4381569,PMC4464659,PMC4495055,PMC4561906,PMC4616026,PMC4618831,PMC4682290,PMC4740175,PMC4741483,PMC4762427,PMC4932181,PMC5134122,PMC5415946,PMC5441176,PMC5472783,PMC5647349,PMC5752187,PMC5762807,PMC5768693,PMC5815497,PMC5855759,PMC6073876,PMC6399006,PMC6430470,PMC6494844,PMC6538509,PMC6545159,PMC6625065,PMC6711954,PMC6749091,PMC6983992,PMC7005693,PMC7049688,PMC7481635,PMC7643360,PMC7672295,PMC7694436,PMC7904523,PMC7940740,PMC8100125,PMC8160028,PMC8229322,PMC8239245,PMC8286457,PMC8366451,PMC8441142,PMC8460459,PMC8611001,PMC8851157,PMC8861636,PMC8897656,PMC9169189,PMC9374437,PMC9898924","PMC10445237,PMC3198501,PMC3334991,PMC4887794,PMC5385527,PMC5432225,PMC5488545,PMC5841441,PMC6544653,PMC7005302,PMC7599646,PMC8674361,PMC9454898,PMC9614032","PMC10163040,PMC10173517,PMC10645425,PMC10706241,PMC10805825,PMC10835262,PMC10960442,PMC11045446,PMC11335221,PMC11983960,PMC2887366,PMC3479164,PMC3641338,PMC3898746,PMC3973192,PMC4081551,PMC4297870,PMC4376765,PMC4616026,PMC4762427,PMC5415946,PMC5527465,PMC5666729,PMC5768693,PMC5815497,PMC6281623,PMC6307676,PMC6399006,PMC6494844,PMC6525983,PMC6545159,PMC6547395,PMC6625065,PMC6711954,PMC7005693,PMC7049688,PMC7797662,PMC7859355,PMC7940740,PMC8100125,PMC8152426,PMC8286457,PMC8366451,PMC8441142,PMC8773805,PMC9374437,PMC9405349","PMC10094087,PMC10139117,PMC10377620,PMC10671720,PMC11655692,PMC2844422,PMC3311553,PMC4201761,PMC4832103,PMC5323177,PMC6283856,PMC6538673,PMC6544653,PMC6606997,PMC7041535,PMC7348751,PMC7388557,PMC8104960,PMC8448614,PMC8674875",84,14,47,20,"PMC10163040,PMC10645425,PMC10706241,PMC11045446,PMC11983960,PMC2887366,PMC3479164,PMC3641338,PMC3898746,PMC3973192,PMC4616026,PMC4762427,PMC5415946,PMC5768693,PMC5815497,PMC6399006,PMC6494844,PMC6545159,PMC6625065,PMC6711954,PMC7005693,PMC7049688,PMC7940740,PMC8100125,PMC8286457,PMC8366451,PMC8441142,PMC9374437",28,1.0,0.9500000000000001,0.7333333333333318,93.16666666666664,99.16661759965648
AGCGAACCAGTATCGAGAAC,TTACAGAACCACACTCGGAC,POU5F1,POU5F1,"Human-OCT4 (1) (1), NM_203289.4 (1) (1), OCT (1) (1), OCT-4 (3) (1), OCT-4-forward (1) (1), OCT4 (12) (1), Oct-4 (1) (1), Oct4 (3) (1), Octamer-binding (1) (1), POU (1) (1), POU5F1 (1) (1), TUBB3 (1) (1), hOCT4 (1) (1), oct4 (1) (1), total (1) (1)","Marker (1) (1), OCT-4 (2) (1), OCT-4-reverse (1) (1), OCT4-R (1) (1), Oct-4 (1) (1), SOX2 (2) (1), hOCT4 (1) (1), total (1) (1)",0.004,0.004,40,36," PMC10229310, PMC11060038, PMC11270849, PMC11303166, PMC2911382, PMC3060028, PMC3661502, PMC3953728, PMC4414166, PMC4638229, PMC4871453, PMC5206619, PMC5354751, PMC5661476, PMC5971255, PMC6163012, PMC6304868, PMC6538993, PMC6607707, PMC7026130, PMC7056658, PMC7106710, PMC7374836, PMC7876244, PMC7998608, PMC8067398, PMC8268119, PMC8379370, PMC8773741, PMC9010520, PMC9290266,PMC10177426,PMC3060028,PMC4050354,PMC4414166,PMC6831611,PMC9811443"," PMC10229310, PMC2911382, PMC3046119, PMC3060028, PMC3661502, PMC3953728, PMC4353623, PMC4414166, PMC4871453, PMC5206619, PMC5354751, PMC5661476, PMC6163012, PMC6304868, PMC6607707, PMC7026130, PMC7056658, PMC7106710, PMC7374836, PMC7532415, PMC7876244, PMC7998608, PMC8027678, PMC8067398, PMC8268119, PMC8773741, PMC9010520, PMC9290266,PMC10177426,PMC3060028,PMC4050354,PMC4414166,PMC6831611,PMC9811443",189.0,189.0,58.08,57.84,50.0,50.0,37,34,1416.0,1538.0,1435.0,1557.0,forward,reverse_complement,4,2,4,,,,,,,,,,,,,,,,,,,,,"PMC10177426,PMC10229310,PMC11060038,PMC11270849,PMC11303166,PMC2911382,PMC3060028,PMC3661502,PMC3953728,PMC4050354,PMC4414166,PMC4638229,PMC4871453,PMC5206619,PMC5354751,PMC5661476,PMC5971255,PMC6163012,PMC6304868,PMC6538993,PMC6607707,PMC6831611,PMC7026130,PMC7056658,PMC7106710,PMC7374836,PMC7876244,PMC7998608,PMC8067398,PMC8268119,PMC8379370,PMC8773741,PMC9010520,PMC9290266,PMC9811443",,"PMC10177426,PMC10229310,PMC2911382,PMC3046119,PMC3060028,PMC3661502,PMC3953728,PMC4050354,PMC4353623,PMC4414166,PMC4871453,PMC5206619,PMC5354751,PMC5661476,PMC6163012,PMC6304868,PMC6607707,PMC6831611,PMC7026130,PMC7056658,PMC7106710,PMC7374836,PMC7532415,PMC7876244,PMC7998608,PMC8027678,PMC8067398,PMC8268119,PMC8773741,PMC9010520,PMC9290266,PMC9811443",,35,0,32,0,"PMC10177426,PMC10229310,PMC2911382,PMC3060028,PMC3661502,PMC3953728,PMC4050354,PMC4414166,PMC4871453,PMC5206619,PMC5354751,PMC5661476,PMC6163012,PMC6304868,PMC6607707,PMC6831611,PMC7026130,PMC7056658,PMC7106710,PMC7374836,PMC7876244,PMC7998608,PMC8067398,PMC8268119,PMC8773741,PMC9010520,PMC9290266,PMC9811443",28,1.0,0.7733333333333334,0.9200000000000017,91.60000000000004,98.91823440614932
AGTGAGAGGCAACCTGGAGA,GCCGGTTACAGAACCACACT,POU5F1,POU5F1,"657 (1) (1), EXO-OCT4 (1) (1), Kit (1) (1), NM001113060 (1) (1), NM_001113060 (1) (1), NM_002701.4 (1) (1), OCT-4 (2) (1), OCT3/4 (4) (1), OCT4 (25) (1), OCT4A (3) (1), Oct-4 (1) (1), Oct3/4 (1) (1), Oct4 (6) (1), Oct4-SF1 (3) (1), Oct4A (1) (1), Oct4a (1) (1), POU5F1 (13) (1), POU5F1-r (2) (1), POU5F1/OCT4 (1) (1), Pou5F_F (1) (1), RT-PCR (1) (1), TGG-3 (1) (1), hPOU5F1 (1) (1), p-POU5F1-Q-179-R (1) (1), pc-POU5F1-Q-179-R (1) (1)","A2299 (1) (1), AT112 (1) (1), DCX (1) (1), Gene (1) (1), Nanog (1) (1), Nestin (1) (1), OCT3 (1) (1), OCT4 (1) (1), OCT4-Reverse (1) (1), Oct4 (1) (1), Orientation (1) (1), POU5F1 (5) (1), Rev- (1) (1), Target (2) (1), hsa-oct-4 (1) (1)",0.004,0.004,108,32," PMC10163040, PMC10164477, PMC10445237, PMC10584277, PMC10645425, PMC10706241, PMC10829671, PMC11274440, PMC11330932, PMC11466741, PMC11983960, PMC12010222, PMC2768758, PMC2887366, PMC3096636, PMC3198501, PMC3334991, PMC3479164, PMC3492496, PMC3554725, PMC3641338, PMC3734275, PMC3859201, PMC3916122, PMC3946260, PMC3973192, PMC4093196, PMC4334543, PMC4381569, PMC4464659, PMC4495055, PMC4561906, PMC4616026, PMC4618831, PMC4682290, PMC4762427, PMC4887794, PMC4932181, PMC5134122, PMC5385527, PMC5415946, PMC5432225, PMC5472783, PMC5488545, PMC5647349, PMC5752187, PMC5762807, PMC5768693, PMC5815497, PMC5841441, PMC5855759, PMC6073876, PMC6399006, PMC6430470, PMC6494844, PMC6538509, PMC6544653, PMC6625065, PMC6711954, PMC6749091, PMC6983992, PMC7005302, PMC7049688, PMC7481635, PMC7599646, PMC7643360, PMC7672295, PMC7694436, PMC7904523, PMC7940740, PMC8160028, PMC8229322, PMC8239245, PMC8286457, PMC8366451, PMC8441142, PMC8460459, PMC8611001, PMC8897656, PMC9169189, PMC9374437, PMC9454898, PMC9614032, PMC9898924,PMC10143469,PMC11045446,PMC11055877,PMC12053477,PMC3479164,PMC3898746,PMC4561906,PMC4616026,PMC4740175,PMC4741483,PMC5441176,PMC6545159,PMC7005693,PMC8100125,PMC8674361,PMC8851157,PMC8861636"," PMC10825216, PMC11330932, PMC11733544, PMC2831306, PMC3077891, PMC3869187, PMC3904884, PMC4461767, PMC5134122, PMC5355113, PMC5386357, PMC5386708, PMC5614583, PMC5851116, PMC6214949, PMC7068199, PMC7318403, PMC7481635, PMC7564713, PMC8107025, PMC9013652, PMC9558687, PMC9659205,PMC10413151,PMC3077891,PMC5386357,PMC6214949,PMC8262288",890.0,338.0,60.85,60.9,55.0,55.0,101,28,1438.0,1543.0,1457.0,1562.0,forward,reverse_complement,3,4,4,,,,,,,,,,,,,,,,,,,,,"PMC10143469,PMC10163040,PMC10164477,PMC10584277,PMC10645425,PMC10706241,PMC10829671,PMC11045446,PMC11055877,PMC11274440,PMC11330932,PMC11466741,PMC11983960,PMC12010222,PMC12053477,PMC2768758,PMC2887366,PMC3096636,PMC3479164,PMC3492496,PMC3554725,PMC3641338,PMC3734275,PMC3859201,PMC3898746,PMC3916122,PMC3946260,PMC3973192,PMC4093196,PMC4334543,PMC4381569,PMC4464659,PMC4495055,PMC4561906,PMC4616026,PMC4618831,PMC4682290,PMC4740175,PMC4741483,PMC4762427,PMC4932181,PMC5134122,PMC5415946,PMC5441176,PMC5472783,PMC5647349,PMC5752187,PMC5762807,PMC5768693,PMC5815497,PMC5855759,PMC6073876,PMC6399006,PMC6430470,PMC6494844,PMC6538509,PMC6545159,PMC6625065,PMC6711954,PMC6749091,PMC6983992,PMC7005693,PMC7049688,PMC7481635,PMC7643360,PMC7672295,PMC7694436,PMC7904523,PMC7940740,PMC8100125,PMC8160028,PMC8229322,PMC8239245,PMC8286457,PMC8366451,PMC8441142,PMC8460459,PMC8611001,PMC8851157,PMC8861636,PMC8897656,PMC9169189,PMC9374437,PMC9898924","PMC10445237,PMC3198501,PMC3334991,PMC4887794,PMC5385527,PMC5432225,PMC5488545,PMC5841441,PMC6544653,PMC7005302,PMC7599646,PMC8674361,PMC9454898,PMC9614032","PMC10413151,PMC11330932,PMC11733544,PMC2831306,PMC3077891,PMC3869187,PMC3904884,PMC4461767,PMC5134122,PMC5355113,PMC5386357,PMC5386708,PMC5614583,PMC5851116,PMC6214949,PMC7068199,PMC7318403,PMC7481635,PMC7564713,PMC8107025,PMC8262288,PMC9013652,PMC9558687,PMC9659205",PMC10825216,84,14,24,1,"PMC11330932,PMC5134122,PMC7481635",3,0.8754616867817386,0.9027777777777777,0.9833333333333343,90.52308433908695,98.71217125929469
GGGAGATTGATAACTGGTGTGTT,GTGTATATCCCAGGGTGATCCTC,POU5F1,POU5F1,"4505967a2 (2) (1), Human (1) (1), OCT-4 (2) (1), OCT3/4 (2) (1), OCT4 (9) (1), OCT4-F (1) (1), OCT4-Forward (1) (1), Oct-4 (1) (1), Oct4 (1) (1), Oct4-F (1) (1), POU5F1 (3) (1), Pluripotency (1) (1), REAGENT (1) (1), TGG (1) (1), endo (1) (1), hOCT4 (1) (1)","4505967a2 (2) (1), ALDH1 (1) (1), CD133 (1) (1), GAPDH (1) (1), Gene (1) (1), Human (2) (1), Myc (1) (1), Nanog (1) (1), OCT-4 (3) (1), OCT-4-R (1) (1), OCT3/4 (6) (1), OCT4 (4) (1), OCT4-R (6) (1), OCT4-R1 (2) (1), OCT4-Reverse (1) (1), Oct-3/4 (1) (1), Oct-4 (3) (1), Oct3/4 (2) (1), Oct4 (1) (1), Oct4-R (4) (1), POU5F1 (11) (1), POU5F1-R (1) (1), PR (1) (1), Product (1) (1), REAGENT (1) (1), Recombinant (1) (1), Reve (1) (1), SOCS5 (1) (1), SOX2 (3) (1), The (1) (1), h-Oct3/4-R (1) (1), hPOU5F1-R (1) (1)",8.72e-05,8.72e-05,34,122," PMC10611369, PMC10772788, PMC10897545, PMC10940801, PMC11220018, PMC11243929, PMC11354791, PMC11961977, PMC12038528, PMC4746423, PMC4879770, PMC4985348, PMC5351613, PMC5487916, PMC5632925, PMC5742625, PMC5832770, PMC6562827, PMC6694096, PMC6728214, PMC7457590, PMC8330544, PMC8414676, PMC8416176, PMC8520720, PMC8805864, PMC8810931, PMC8974062, PMC9365344, PMC9577761,PMC10108533,PMC11270788,PMC5302923,PMC6567805"," PMC10404326, PMC10417289, PMC10475219, PMC10478283, PMC10483786, PMC10611369, PMC10772788, PMC10795422, PMC10872666, PMC10897545, PMC10940801, PMC10976750, PMC11220018, PMC11243929, PMC11277582, PMC11301968, PMC11374638, PMC11576721, PMC11669215, PMC11720593, PMC11961977, PMC11982335, PMC12038528, PMC12103779, PMC3503795, PMC3849256, PMC4052487, PMC4248291, PMC4355729, PMC4464886, PMC4684758, PMC4694887, PMC4746423, PMC4879770, PMC4985348, PMC5351613, PMC5352030, PMC5487916, PMC5535708, PMC5547951, PMC5599183, PMC5632925, PMC5709502, PMC5715296, PMC5742625, PMC5830947, PMC5832770, PMC5859474, PMC6050740, PMC6092836, PMC6197282, PMC6478495, PMC6562827, PMC6694096, PMC6712617, PMC6728214, PMC6996343, PMC7081039, PMC7217831, PMC7264286, PMC7302175, PMC7330704, PMC7378902, PMC7457590, PMC7466444, PMC7467757, PMC7759383, PMC7790904, PMC8197761, PMC8291794, PMC8330544, PMC8369939, PMC8414676, PMC8416176, PMC8455594, PMC8520720, PMC8530990, PMC8555683, PMC8638179, PMC8718897, PMC8782888, PMC8797349, PMC8805864, PMC8810931, PMC8831954, PMC8971536, PMC8974062, PMC8999884, PMC9005530, PMC9010412, PMC9131684, PMC9214204, PMC9284726, PMC9353684, PMC9365344, PMC9438273, PMC9461253, PMC9577761, PMC9709059, PMC9864029, PMC9893670,PMC10108533,PMC10628816,PMC10721152,PMC11270788,PMC11411300,PMC4248291,PMC4694887,PMC5399579,PMC5535708,PMC5599183,PMC6567805,PMC8527102,PMC8529542,PMC8571728,PMC9595492",26.0,392.0,59.08,60.16,43.5,52.2,34,116,1065.0,1186.0,1087.0,1208.0,forward,reverse_complement,3,4,4,,,,,,,,,,,,,,,,,,,,,"PMC10108533,PMC10611369,PMC10772788,PMC10897545,PMC10940801,PMC11220018,PMC11243929,PMC11270788,PMC11354791,PMC11961977,PMC12038528,PMC4746423,PMC4879770,PMC4985348,PMC5302923,PMC5351613,PMC5487916,PMC5632925,PMC5742625,PMC5832770,PMC6562827,PMC6567805,PMC6694096,PMC6728214,PMC7457590,PMC8330544,PMC8414676,PMC8416176,PMC8520720,PMC8805864,PMC8810931,PMC8974062,PMC9365344,PMC9577761",,"PMC10108533,PMC10404326,PMC10417289,PMC10475219,PMC10478283,PMC10483786,PMC10611369,PMC10628816,PMC10721152,PMC10772788,PMC10795422,PMC10872666,PMC10897545,PMC10940801,PMC10976750,PMC11220018,PMC11243929,PMC11270788,PMC11277582,PMC11301968,PMC11374638,PMC11411300,PMC11576721,PMC11669215,PMC11720593,PMC11961977,PMC11982335,PMC12038528,PMC12103779,PMC3503795,PMC3849256,PMC4052487,PMC4248291,PMC4355729,PMC4464886,PMC4684758,PMC4694887,PMC4746423,PMC4879770,PMC4985348,PMC5351613,PMC5352030,PMC5399579,PMC5487916,PMC5535708,PMC5547951,PMC5599183,PMC5632925,PMC5709502,PMC5715296,PMC5742625,PMC5830947,PMC5832770,PMC5859474,PMC6050740,PMC6092836,PMC6197282,PMC6478495,PMC6562827,PMC6567805,PMC6694096,PMC6728214,PMC6996343,PMC7081039,PMC7217831,PMC7264286,PMC7302175,PMC7330704,PMC7378902,PMC7457590,PMC7466444,PMC7467757,PMC7759383,PMC7790904,PMC8197761,PMC8291794,PMC8330544,PMC8369939,PMC8414676,PMC8416176,PMC8455594,PMC8520720,PMC8527102,PMC8529542,PMC8530990,PMC8555683,PMC8571728,PMC8638179,PMC8718897,PMC8782888,PMC8797349,PMC8805864,PMC8810931,PMC8831954,PMC8971536,PMC8974062,PMC8999884,PMC9005530,PMC9010412,PMC9131684,PMC9214204,PMC9284726,PMC9353684,PMC9365344,PMC9438273,PMC9461253,PMC9577761,PMC9595492,PMC9709059,PMC9864029,PMC9893670",PMC6712617,34,0,111,1,"PMC10108533,PMC10611369,PMC10772788,PMC10897545,PMC10940801,PMC11220018,PMC11243929,PMC11270788,PMC11961977,PMC12038528,PMC4746423,PMC4879770,PMC4985348,PMC5351613,PMC5487916,PMC5632925,PMC5742625,PMC5832770,PMC6562827,PMC6567805,PMC6694096,PMC6728214,PMC7457590,PMC8330544,PMC8414676,PMC8416176,PMC8520720,PMC8805864,PMC8810931,PMC8974062,PMC9365344,PMC9577761",32,1.0,0.8983333333333334,0.6400000000000006,89.75000000000001,98.54406059870423
CAAAGCAGAAACCCTCGTGC,AACCACACTCGGACCACATC,POU5F1,POU5F1,"164 (1) (1), CAA (1) (1), Concentration (1) (1), Gene (1) (1), Human (1) (1), OCT-4 (1) (1), OCT4 (9) (1), Oct4 (4) (1), POU5F1 (1) (1), Pou5f1 (1) (1), RT-OCT4-F (1) (1), TG-3 (1) (1), hOCT4-F (2) (1), human (1) (1)","Cancer (1) (1), IDT (1) (1), OCT4 (4) (1), OCT4A (2) (1), Oct4-F (1) (1), POU5F1 (6) (1), SHP2 (1) (1), SOX2 (1) (1)",0.004,0.004,34,28," PMC11266738, PMC11367998, PMC11434123, PMC11997742, PMC4413550, PMC4741933, PMC5199039, PMC5483250, PMC5557585, PMC5566105, PMC5706845, PMC5830957, PMC6217860, PMC6396461, PMC6509179, PMC6642334, PMC7752272, PMC7824946, PMC8455897, PMC8456648, PMC8802056, PMC8854419, PMC9399390, PMC9438157, PMC9568362, PMC9818073, PMC9852901,PMC10139404,PMC10664984,PMC6966500,PMC9753993,PMC9757749"," PMC10682145, PMC11364923, PMC11997742, PMC12003762, PMC2651644, PMC4413550, PMC4667649, PMC5347651, PMC5483250, PMC5677509, PMC5749353, PMC6003522, PMC6245804, PMC6429482, PMC7897946, PMC8178857, PMC9030920, PMC9102939, PMC9438157, PMC9682313, PMC9818020, PMC9818073, PMC9950793,PMC10088155,PMC7281029,PMC8039936,PMC8233392",49.0,80.0,60.68,60.62,55.0,55.0,32,27,1381.0,1532.0,1400.0,1551.0,forward,reverse_complement,3,2,3,,,,,,,,,,,,,,,,,,,,,"PMC10139404,PMC10664984,PMC11266738,PMC11367998,PMC11997742,PMC4413550,PMC4741933,PMC5483250,PMC5557585,PMC5566105,PMC5706845,PMC5830957,PMC6217860,PMC6396461,PMC6509179,PMC6642334,PMC7752272,PMC7824946,PMC8455897,PMC8456648,PMC8802056,PMC8854419,PMC9399390,PMC9438157,PMC9757749,PMC9818073,PMC9852901","PMC11434123,PMC5199039,PMC6966500,PMC9568362,PMC9753993","PMC10088155,PMC10682145,PMC11997742,PMC12003762,PMC2651644,PMC4413550,PMC4667649,PMC5483250,PMC5677509,PMC6003522,PMC6245804,PMC7281029,PMC7897946,PMC8039936,PMC8178857,PMC8233392,PMC9102939,PMC9438157,PMC9818020,PMC9818073,PMC9950793","PMC11364923,PMC5347651,PMC5749353,PMC6429482,PMC9030920,PMC9682313",27,5,21,6,"PMC11997742,PMC4413550,PMC5483250,PMC9438157,PMC9818073",5,0.8389421802781392,0.927777777777778,0.9799999999999992,89.38044234724029,98.45723937604966
AGTGAGAGGCAACCTGGAGA,GTGAAGTGAGGGCTCCCATA,POU5F1,POU5F1,"657 (1) (1), EXO-OCT4 (1) (1), Kit (1) (1), NM001113060 (1) (1), NM_001113060 (1) (1), NM_002701.4 (1) (1), OCT-4 (2) (1), OCT3/4 (4) (1), OCT4 (25) (1), OCT4A (3) (1), Oct-4 (1) (1), Oct3/4 (1) (1), Oct4 (6) (1), Oct4-SF1 (3) (1), Oct4A (1) (1), Oct4a (1) (1), POU5F1 (13) (1), POU5F1-r (2) (1), POU5F1/OCT4 (1) (1), Pou5F_F (1) (1), RT-PCR (1) (1), TGG-3 (1) (1), hPOU5F1 (1) (1), p-POU5F1-Q-179-R (1) (1), pc-POU5F1-Q-179-R (1) (1)","CTCC (1) (1), Gene (2) (1), LGR5 (1) (1), Lower (2) (1), MYC (1) (1), OCT-4 (4) (1), OCT4 (2) (1), OCT4A (2) (1), OCT4B (2) (1), Oct-4 (3) (1), Oct4 (1) (1), Oct4A (1) (1), Oct4B (1) (1), POU5F1 (2) (1), Sex (1) (1), homeobox (1) (1)",0.004,0.004,108,44," PMC10163040, PMC10164477, PMC10445237, PMC10584277, PMC10645425, PMC10706241, PMC10829671, PMC11274440, PMC11330932, PMC11466741, PMC11983960, PMC12010222, PMC2768758, PMC2887366, PMC3096636, PMC3198501, PMC3334991, PMC3479164, PMC3492496, PMC3554725, PMC3641338, PMC3734275, PMC3859201, PMC3916122, PMC3946260, PMC3973192, PMC4093196, PMC4334543, PMC4381569, PMC4464659, PMC4495055, PMC4561906, PMC4616026, PMC4618831, PMC4682290, PMC4762427, PMC4887794, PMC4932181, PMC5134122, PMC5385527, PMC5415946, PMC5432225, PMC5472783, PMC5488545, PMC5647349, PMC5752187, PMC5762807, PMC5768693, PMC5815497, PMC5841441, PMC5855759, PMC6073876, PMC6399006, PMC6430470, PMC6494844, PMC6538509, PMC6544653, PMC6625065, PMC6711954, PMC6749091, PMC6983992, PMC7005302, PMC7049688, PMC7481635, PMC7599646, PMC7643360, PMC7672295, PMC7694436, PMC7904523, PMC7940740, PMC8160028, PMC8229322, PMC8239245, PMC8286457, PMC8366451, PMC8441142, PMC8460459, PMC8611001, PMC8897656, PMC9169189, PMC9374437, PMC9454898, PMC9614032, PMC9898924,PMC10143469,PMC11045446,PMC11055877,PMC12053477,PMC3479164,PMC3898746,PMC4561906,PMC4616026,PMC4740175,PMC4741483,PMC5441176,PMC6545159,PMC7005693,PMC8100125,PMC8674361,PMC8851157,PMC8861636"," PMC10139117, PMC10671720, PMC10829671, PMC11040361, PMC11274440, PMC11655692, PMC3095638, PMC3311553, PMC3511366, PMC3554725, PMC3823397, PMC3916122, PMC4201761, PMC4464659, PMC4561906, PMC4618831, PMC4832103, PMC5131843, PMC5167543, PMC5323177, PMC5472783, PMC6283856, PMC6430470, PMC7388557, PMC7463744, PMC7643360, PMC7694436, PMC7904523, PMC8104960, PMC8674875,PMC10094087,PMC12205603,PMC4561906,PMC4741483,PMC6283856,PMC7863557",890.0,106.0,60.85,59.46,55.0,55.0,101,36,1438.0,1691.0,1457.0,1710.0,forward,reverse_complement,3,3,4,,,,,,,,,,,,,,,,,,,,,"PMC10143469,PMC10163040,PMC10164477,PMC10584277,PMC10645425,PMC10706241,PMC10829671,PMC11045446,PMC11055877,PMC11274440,PMC11330932,PMC11466741,PMC11983960,PMC12010222,PMC12053477,PMC2768758,PMC2887366,PMC3096636,PMC3479164,PMC3492496,PMC3554725,PMC3641338,PMC3734275,PMC3859201,PMC3898746,PMC3916122,PMC3946260,PMC3973192,PMC4093196,PMC4334543,PMC4381569,PMC4464659,PMC4495055,PMC4561906,PMC4616026,PMC4618831,PMC4682290,PMC4740175,PMC4741483,PMC4762427,PMC4932181,PMC5134122,PMC5415946,PMC5441176,PMC5472783,PMC5647349,PMC5752187,PMC5762807,PMC5768693,PMC5815497,PMC5855759,PMC6073876,PMC6399006,PMC6430470,PMC6494844,PMC6538509,PMC6545159,PMC6625065,PMC6711954,PMC6749091,PMC6983992,PMC7005693,PMC7049688,PMC7481635,PMC7643360,PMC7672295,PMC7694436,PMC7904523,PMC7940740,PMC8100125,PMC8160028,PMC8229322,PMC8239245,PMC8286457,PMC8366451,PMC8441142,PMC8460459,PMC8611001,PMC8851157,PMC8861636,PMC8897656,PMC9169189,PMC9374437,PMC9898924","PMC10445237,PMC3198501,PMC3334991,PMC4887794,PMC5385527,PMC5432225,PMC5488545,PMC5841441,PMC6544653,PMC7005302,PMC7599646,PMC8674361,PMC9454898,PMC9614032","PMC10094087,PMC10139117,PMC10671720,PMC10829671,PMC11040361,PMC11274440,PMC11655692,PMC12205603,PMC3095638,PMC3311553,PMC3511366,PMC3554725,PMC3823397,PMC3916122,PMC4201761,PMC4464659,PMC4561906,PMC4618831,PMC4741483,PMC4832103,PMC5167543,PMC5323177,PMC5472783,PMC6283856,PMC6430470,PMC7388557,PMC7463744,PMC7643360,PMC7694436,PMC7863557,PMC7904523,PMC8104960,PMC8674875","PMC10829671,PMC4464659,PMC5131843,PMC6430470",84,14,33,4,"PMC10829671,PMC11274440,PMC3554725,PMC3916122,PMC4464659,PMC4561906,PMC4618831,PMC4741483,PMC5472783,PMC6430470,PMC7643360,PMC7694436,PMC7904523",13,1.0,0.9227777777777777,0.5366666666666664,88.41666666666666,98.20964099290083
CAGTGCCCGAAACCCACAC,GGAGACCCAGCAGCCTCAAA,POU5F1,POU5F1,"CAGTG (1) (1), EF2-O2S (1) (1), GAPDH (1) (1), OCT (2) (1), OCT-F (1) (1), OCT-F5 (1) (1), OCT4 (11) (1), Oct3/4 (2) (1), Oct4 (6) (1), Oct4-F (1) (1), Oct4-forward (1) (1), hOCT4_qPCR_f (2) (1)","GAPDH (1) (1), Gene (1) (1), OCT (2) (1), OCT-R (1) (1), OCT-R5 (1) (1), OCT4 (3) (1), Oct3/4 (1) (1), Oct4 (3) (1), Oct4-R (1) (1), Oct4-reverse (2) (1), PMEL17 (1) (1), hOCT4_qPCR_r (2) (1)",0.011,0.004,42,44," PMC10308166, PMC10891100, PMC10988125, PMC2994976, PMC3075908, PMC3364915, PMC3641341, PMC4089317, PMC4163225, PMC4235141, PMC4620584, PMC4647834, PMC5559977, PMC5810217, PMC5939958, PMC6224575, PMC6356277, PMC6535505, PMC7052981, PMC7053326, PMC7210934, PMC7325960, PMC7456823, PMC8226172, PMC8678630, PMC9095820, PMC9599553, PMC9762300,PMC10293804,PMC10988125,PMC11096437,PMC2946283,PMC2994976,PMC4647834,PMC7391775,PMC7978301,PMC8452541,PMC9361017,PMC9950567"," PMC10308166, PMC10891100, PMC10988125, PMC2994976, PMC3075908, PMC3364915, PMC3603942, PMC3641341, PMC4089317, PMC4163225, PMC4235141, PMC4620584, PMC4647834, PMC5810217, PMC5845228, PMC5939958, PMC6108882, PMC6224575, PMC6356277, PMC6535505, PMC6757411, PMC7052981, PMC7053326, PMC7210934, PMC7456823, PMC8226172, PMC8678630, PMC9095820, PMC9599553, PMC9762300,PMC10293804,PMC10988125,PMC11096437,PMC2994976,PMC4647834,PMC7391775,PMC7978301,PMC8452541,PMC9361017,PMC9950567",453.0,392.0,62.2,62.8,63.2,60.0,39,40,1469.0,1610.0,1487.0,1629.0,forward,reverse_complement,3,3,3,,,,,,,,,,,,,,,,,,,,,"PMC10293804,PMC10308166,PMC10891100,PMC10988125,PMC11096437,PMC2946283,PMC2994976,PMC3075908,PMC3364915,PMC3641341,PMC4089317,PMC4163225,PMC4235141,PMC4620584,PMC4647834,PMC5559977,PMC5810217,PMC5939958,PMC6224575,PMC6356277,PMC6535505,PMC7052981,PMC7053326,PMC7210934,PMC7325960,PMC7391775,PMC7456823,PMC7978301,PMC8226172,PMC8452541,PMC8678630,PMC9095820,PMC9361017,PMC9599553,PMC9762300,PMC9950567",,"PMC10293804,PMC10308166,PMC10891100,PMC10988125,PMC11096437,PMC2994976,PMC3075908,PMC3364915,PMC3603942,PMC3641341,PMC4089317,PMC4163225,PMC4235141,PMC4620584,PMC4647834,PMC5810217,PMC5845228,PMC5939958,PMC6108882,PMC6224575,PMC6356277,PMC6535505,PMC6757411,PMC7052981,PMC7053326,PMC7210934,PMC7391775,PMC7456823,PMC7978301,PMC8226172,PMC8452541,PMC8678630,PMC9095820,PMC9361017,PMC9599553,PMC9762300,PMC9950567",,36,0,37,0,"PMC10293804,PMC10308166,PMC10891100,PMC10988125,PMC11096437,PMC2994976,PMC3075908,PMC3364915,PMC3641341,PMC4089317,PMC4163225,PMC4235141,PMC4620584,PMC4647834,PMC5810217,PMC5939958,PMC6224575,PMC6356277,PMC6535505,PMC7052981,PMC7053326,PMC7210934,PMC7391775,PMC7456823,PMC7978301,PMC8226172,PMC8452541,PMC8678630,PMC9095820,PMC9361017,PMC9599553,PMC9762300,PMC9950567",33,1.0,0.5988888888888889,0.8000000000000019,83.9666666666667,96.58395446541093
GAGTGAGAGGCAACCTGGAG,GCCGGTTACAGAACCACACT,POU5F1,POU5F1,"ABI (1) (1), NANOG (1) (1), NANOG-R (1) (1), NM_001285986.1 (3) (1), OCT-3/4-R (1) (1), OCT-4 (1) (1), OCT3/4 (1) (1), OCT4 (3) (1), OCT4-R (1) (1), Oct-4 (1) (1), Oct3/4 (1) (1), Oct4 (2) (1), Oct4- (1) (1), POU5F1 (4) (1), SOX2 (1) (1), Set (1) (1), TATTTGG-3 (1) (1)","A2299 (1) (1), AT112 (1) (1), DCX (1) (1), Gene (1) (1), Nanog (1) (1), Nestin (1) (1), OCT3 (1) (1), OCT4 (1) (1), OCT4-Reverse (1) (1), Oct4 (1) (1), Orientation (1) (1), POU5F1 (5) (1), Rev- (1) (1), Target (2) (1), hsa-oct-4 (1) (1)",0.004,0.004,41,32," PMC11458589, PMC11733544, PMC3192166, PMC3751447, PMC3760094, PMC3790833, PMC3904884, PMC4021512, PMC4030998, PMC4090206, PMC4423442, PMC4719186, PMC4878795, PMC5094695, PMC5270332, PMC5503574, PMC5572705, PMC5591432, PMC5614583, PMC5627404, PMC5862611, PMC5983664, PMC6071527, PMC6201862, PMC6277106, PMC6281623, PMC6357186, PMC6544653, PMC6591285, PMC7016998, PMC8107025, PMC8654761, PMC9029981,PMC10413151,PMC10809099,PMC4736581,PMC5572705,PMC6281623"," PMC10825216, PMC11330932, PMC11733544, PMC2831306, PMC3077891, PMC3869187, PMC3904884, PMC4461767, PMC5134122, PMC5355113, PMC5386357, PMC5386708, PMC5614583, PMC5851116, PMC6214949, PMC7068199, PMC7318403, PMC7481635, PMC7564713, PMC8107025, PMC9013652, PMC9558687, PMC9659205,PMC10413151,PMC3077891,PMC5386357,PMC6214949,PMC8262288",62.0,338.0,60.41,60.9,60.0,55.0,38,28,1437.0,1543.0,1456.0,1562.0,forward,reverse_complement,3,4,4,,,,,,,,,,,,,,,,,,,,,"PMC10413151,PMC11458589,PMC11733544,PMC3904884,PMC4030998,PMC5614583,PMC5627404,PMC7016998,PMC8107025,PMC8654761","PMC10809099,PMC3192166,PMC3751447,PMC3760094,PMC3790833,PMC4021512,PMC4090206,PMC4423442,PMC4719186,PMC4736581,PMC4878795,PMC5094695,PMC5270332,PMC5503574,PMC5572705,PMC5591432,PMC5862611,PMC5983664,PMC6071527,PMC6201862,PMC6277106,PMC6281623,PMC6357186,PMC6544653,PMC6591285,PMC9029981","PMC10413151,PMC11330932,PMC11733544,PMC2831306,PMC3077891,PMC3869187,PMC3904884,PMC4461767,PMC5134122,PMC5355113,PMC5386357,PMC5386708,PMC5614583,PMC5851116,PMC6214949,PMC7068199,PMC7318403,PMC7481635,PMC7564713,PMC8107025,PMC8262288,PMC9013652,PMC9558687,PMC9659205",PMC10825216,10,26,24,1,"PMC10413151,PMC11733544,PMC3904884,PMC5614583,PMC8107025",5,0.7988175431896323,0.8855555555555558,0.836666666666666,83.24087715948161,96.2284292987368
CTTGAATCCCGAATGGAAAGGG,CTGAATACCTTCCCAAATAGAACCC,POU5F1,POU5F1,"5460 (1) (1), OCT-4 (2) (1), OCT-4-F (1) (1), OCT4 (24) (1), OCT4-F (5) (1), OCT4-F1 (2) (1), OCT4-r (1) (1), Oct (2) (1), Oct-3/4 (1) (1), Oct-4 (6) (1), Oct3/4 (1) (1), Oct3/4-F (1) (1), Oct4 (8) (1), Oct4-F (3) (1), POU5F1 (9) (1), POU5F1-F (1) (1), Recombinant (1) (1), The (1) (1), h-Oct3/4-F (1) (1), hPOU5F1-F (1) (1)","Gene (3) (1), Genebank (2) (1), Nanog (2) (1), OCT-4 (2) (1), Oct4-R (2) (1), POU5F1 (3) (1)",0.000345,7.45e-06,98,36," PMC10417289, PMC10475219, PMC10477221, PMC10478283, PMC10483786, PMC10795422, PMC10872666, PMC10872693, PMC10976750, PMC11277582, PMC11301968, PMC11374638, PMC11576721, PMC11669215, PMC11680578, PMC11720593, PMC11982335, PMC12103779, PMC3462595, PMC3503795, PMC4052487, PMC4248291, PMC4355729, PMC4464886, PMC4694887, PMC5332902, PMC5352030, PMC5535708, PMC5547951, PMC5599183, PMC5715296, PMC5732775, PMC5830947, PMC5859474, PMC6050740, PMC6092836, PMC6197282, PMC6478495, PMC6712617, PMC7081039, PMC7137341, PMC7217831, PMC7248475, PMC7264286, PMC7302175, PMC7330704, PMC7378902, PMC7466444, PMC7467757, PMC7759383, PMC7790904, PMC8291794, PMC8298552, PMC8455594, PMC8530990, PMC8555683, PMC8638179, PMC8718897, PMC8782888, PMC8797349, PMC8831954, PMC8897693, PMC8971536, PMC8999884, PMC9005530, PMC9010412, PMC9131684, PMC9284726, PMC9438273, PMC9461253, PMC9709059, PMC9864029, PMC9893670,PMC10288279,PMC10404326,PMC10471830,PMC10721152,PMC11411300,PMC11569164,PMC11570519,PMC12235983,PMC3849256,PMC4248291,PMC4694887,PMC4891057,PMC5399579,PMC5535708,PMC5599183,PMC5709502,PMC8494899,PMC8527102,PMC8529542,PMC8571728,PMC9595492"," PMC2805422, PMC3199900, PMC3941395, PMC4479042, PMC4637930, PMC4694990, PMC4786801, PMC4991463, PMC4991750, PMC5070735, PMC5190041, PMC5278368, PMC5364845, PMC5442478, PMC6109047, PMC6246932, PMC6291966, PMC6520756, PMC6769487, PMC7548006, PMC7640456, PMC7691862, PMC8101174, PMC8115647, PMC8431059, PMC9860114,PMC2211489,PMC4479042,PMC4941304,PMC5120353,PMC5278368,PMC6291966",549.0,390.0,59.97,59.85,50.0,44.0,94,32,1045.0,1233.0,1066.0,1257.0,forward,reverse_complement,3,3,4,,,,,,,,,,,,,,,,,,,,,"PMC10288279,PMC10404326,PMC10417289,PMC10471830,PMC10475219,PMC10477221,PMC10478283,PMC10483786,PMC10721152,PMC10795422,PMC10872666,PMC10872693,PMC10976750,PMC11277582,PMC11301968,PMC11374638,PMC11411300,PMC11569164,PMC11570519,PMC11576721,PMC11669215,PMC11680578,PMC11720593,PMC11982335,PMC12103779,PMC12235983,PMC3462595,PMC3503795,PMC3849256,PMC4052487,PMC4248291,PMC4355729,PMC4464886,PMC4694887,PMC4891057,PMC5332902,PMC5352030,PMC5399579,PMC5535708,PMC5547951,PMC5599183,PMC5709502,PMC5715296,PMC5732775,PMC5830947,PMC5859474,PMC6050740,PMC6092836,PMC6197282,PMC6478495,PMC6712617,PMC7081039,PMC7137341,PMC7217831,PMC7248475,PMC7264286,PMC7302175,PMC7330704,PMC7378902,PMC7466444,PMC7467757,PMC7759383,PMC7790904,PMC8291794,PMC8298552,PMC8455594,PMC8494899,PMC8527102,PMC8529542,PMC8530990,PMC8555683,PMC8571728,PMC8638179,PMC8718897,PMC8782888,PMC8797349,PMC8831954,PMC8897693,PMC8971536,PMC8999884,PMC9005530,PMC9010412,PMC9131684,PMC9284726,PMC9438273,PMC9461253,PMC9595492,PMC9709059,PMC9864029,PMC9893670",,"PMC2211489,PMC2805422,PMC3199900,PMC3941395,PMC4479042,PMC4637930,PMC4694990,PMC4786801,PMC4941304,PMC4991463,PMC4991750,PMC5070735,PMC5120353,PMC5190041,PMC5278368,PMC5364845,PMC5442478,PMC6109047,PMC6246932,PMC6291966,PMC6520756,PMC6769487,PMC7548006,PMC7640456,PMC7691862,PMC8101174,PMC8115647,PMC8431059,PMC9860114",,90,0,29,0,,0,0.6776195408191896,0.9483333333333335,0.9600000000000009,81.53097704095951,95.27075796143323
ACATCAAAGCTCTGCAGAAAGAACT,CTGAATACCTTCCCAAATAGAACCC,POU5F1,POU5F1,"Human (4) (1), OCT-4 (4) (1), OCT4 (11) (1), Oct4 (6) (1), Oct4-F (1) (1), POU5F1 (3) (1)","Gene (3) (1), Genebank (2) (1), Nanog (2) (1), OCT-4 (2) (1), Oct4-R (2) (1), POU5F1 (3) (1)",7.45e-06,7.45e-06,37,36," PMC3199900, PMC3941395, PMC4479042, PMC4547412, PMC4637930, PMC4694990, PMC4786801, PMC4991463, PMC5070735, PMC5190041, PMC5278368, PMC5364845, PMC5442478, PMC5879557, PMC6109047, PMC6291966, PMC6520756, PMC6769487, PMC7069992, PMC7548006, PMC7640456, PMC7648157, PMC7691862, PMC8065735, PMC8101174, PMC8431059, PMC9860114,PMC10520132,PMC4479042,PMC4941304,PMC5278368,PMC6291966,PMC8919862"," PMC2805422, PMC3199900, PMC3941395, PMC4479042, PMC4637930, PMC4694990, PMC4786801, PMC4991463, PMC4991750, PMC5070735, PMC5190041, PMC5278368, PMC5364845, PMC5442478, PMC6109047, PMC6246932, PMC6291966, PMC6520756, PMC6769487, PMC7548006, PMC7640456, PMC7691862, PMC8101174, PMC8115647, PMC8431059, PMC9860114,PMC2211489,PMC4479042,PMC4941304,PMC5120353,PMC5278368,PMC6291966",348.0,390.0,61.88,59.85,40.0,44.0,33,32,1131.0,1233.0,1155.0,1257.0,forward,reverse_complement,8,3,3,,,,,,,,,,,,,,,,,,,,,"PMC10520132,PMC3199900,PMC3941395,PMC4479042,PMC4547412,PMC4637930,PMC4694990,PMC4786801,PMC4941304,PMC4991463,PMC5070735,PMC5190041,PMC5278368,PMC5364845,PMC5442478,PMC5879557,PMC6109047,PMC6291966,PMC6520756,PMC6769487,PMC7069992,PMC7548006,PMC7640456,PMC7648157,PMC7691862,PMC8065735,PMC8101174,PMC8431059,PMC8919862,PMC9860114",,"PMC2211489,PMC2805422,PMC3199900,PMC3941395,PMC4479042,PMC4637930,PMC4694990,PMC4786801,PMC4941304,PMC4991463,PMC4991750,PMC5070735,PMC5120353,PMC5190041,PMC5278368,PMC5364845,PMC5442478,PMC6109047,PMC6246932,PMC6291966,PMC6520756,PMC6769487,PMC7548006,PMC7640456,PMC7691862,PMC8101174,PMC8115647,PMC8431059,PMC9860114",,30,0,29,0,"PMC3199900,PMC3941395,PMC4479042,PMC4637930,PMC4694990,PMC4786801,PMC4941304,PMC4991463,PMC5070735,PMC5190041,PMC5278368,PMC5364845,PMC5442478,PMC6109047,PMC6291966,PMC6520756,PMC6769487,PMC7548006,PMC7640456,PMC7691862,PMC8101174,PMC8431059,PMC9860114",23,1.0,0.8038888888888889,0.3233333333333329,80.58333333333331,94.66136069803429
GTGGAGGAAGCTGACAACAA,CTCCAGGTTGCCTCTCACTC,POU5F1,POU5F1,"119 (1) (1), A2300 (1) (1), EGFP (1) (1), FOR (1) (1), GAC (1) (1), Gene (2) (1), H-OCT4 (1) (1), Human (1) (1), NANOG (2) (1), NANOG-F (1) (1), OCT3/4 (1) (1), OCT4 (12) (1), OCT4-F (1) (1), OCT4-Sense (1) (1), OCT4-reverse (1) (1), Oct-4 (2) (1), Oct4 (6) (1), Oct4-reverse (1) (1), Oct4a (1) (1), POU (1) (1), POU5F1 (10) (1), Pluripotency (2) (1), Set (1) (1), The (1) (1), USA (1) (1), human (1) (1)","ABI (1) (1), NANOG (1) (1), NANOG-R (1) (1), NM_001285986.1 (3) (1), OCT-3/4-R (1) (1), OCT-4 (1) (1), OCT3/4 (1) (1), OCT4 (3) (1), OCT4-R (1) (1), Oct-4 (1) (1), Oct3/4 (1) (1), Oct4 (2) (1), Oct4- (1) (1), POU5F1 (4) (1), SOX2 (1) (1), Set (1) (1), TATTTGG-3 (1) (1)",0.004,0.004,72,41," PMC10957997, PMC11014864, PMC11101480, PMC11292262, PMC11427698, PMC11515471, PMC11581432, PMC2831306, PMC3077891, PMC3857166, PMC4090168, PMC4090206, PMC4219743, PMC4358081, PMC4461767, PMC4467125, PMC4484432, PMC5357761, PMC5386357, PMC5479030, PMC5488545, PMC5524812, PMC5533946, PMC5541715, PMC5591432, PMC5677350, PMC5851116, PMC6059729, PMC6168501, PMC6214949, PMC6237593, PMC6283842, PMC6349828, PMC6355651, PMC6430378, PMC6544653, PMC6549167, PMC6591285, PMC6664765, PMC6933027, PMC7005302, PMC7471976, PMC7593581, PMC7600115, PMC7649396, PMC7674658, PMC7692041, PMC7850411, PMC8273683, PMC8340846, PMC8922936, PMC9103168, PMC9558687, PMC9727917, PMC9750879,PMC10074076,PMC10787008,PMC5288783,PMC5386357,PMC6059729,PMC6210048,PMC6214949,PMC6283842,PMC6391455,PMC8596119,PMC8674361,PMC9198085,PMC9618131"," PMC11458589, PMC11733544, PMC3192166, PMC3751447, PMC3760094, PMC3790833, PMC3904884, PMC4021512, PMC4030998, PMC4090206, PMC4423442, PMC4719186, PMC4878795, PMC5094695, PMC5270332, PMC5503574, PMC5572705, PMC5591432, PMC5614583, PMC5627404, PMC5862611, PMC5983664, PMC6071527, PMC6201862, PMC6277106, PMC6281623, PMC6357186, PMC6544653, PMC6591285, PMC7016998, PMC8107025, PMC8654761, PMC9029981,PMC10413151,PMC10809099,PMC4736581,PMC5572705,PMC6281623",471.0,62.0,58.69,60.41,50.0,60.0,68,38,1340.0,1437.0,1359.0,1456.0,forward,reverse_complement,4,3,5,,,,,,,,,,,,,,,,,,,,,"PMC10074076,PMC10787008,PMC10957997,PMC11014864,PMC11101480,PMC11292262,PMC11427698,PMC11515471,PMC11581432,PMC2831306,PMC3077891,PMC3857166,PMC4090168,PMC4090206,PMC4219743,PMC4358081,PMC4461767,PMC4467125,PMC4484432,PMC5288783,PMC5357761,PMC5386357,PMC5479030,PMC5488545,PMC5524812,PMC5533946,PMC5541715,PMC5591432,PMC5677350,PMC5851116,PMC6059729,PMC6168501,PMC6210048,PMC6214949,PMC6237593,PMC6283842,PMC6349828,PMC6355651,PMC6391455,PMC6544653,PMC6549167,PMC6591285,PMC6664765,PMC6933027,PMC7005302,PMC7471976,PMC7593581,PMC7600115,PMC7649396,PMC7674658,PMC7692041,PMC8273683,PMC8340846,PMC8674361,PMC8922936,PMC9103168,PMC9198085,PMC9558687,PMC9618131,PMC9727917,PMC9750879","PMC6430378,PMC7850411,PMC8596119","PMC10809099,PMC3192166,PMC3751447,PMC3760094,PMC3790833,PMC4021512,PMC4090206,PMC4423442,PMC4719186,PMC4736581,PMC4878795,PMC5094695,PMC5270332,PMC5503574,PMC5572705,PMC5591432,PMC5862611,PMC5983664,PMC6071527,PMC6201862,PMC6277106,PMC6281623,PMC6357186,PMC6544653,PMC6591285,PMC9029981","PMC10413151,PMC11458589,PMC11733544,PMC3904884,PMC4030998,PMC5614583,PMC5627404,PMC7016998,PMC8107025,PMC8654761",61,3,26,10,"PMC4090206,PMC5591432,PMC6544653,PMC6591285",4,0.8951083805311474,0.8627777777777779,0.4266666666666671,79.17208569322405,93.64040079983755
GTGGAGGAAGCTGACAACAA,GCCGGTTACAGAACCACACT,POU5F1,POU5F1,"119 (1) (1), A2300 (1) (1), EGFP (1) (1), FOR (1) (1), GAC (1) (1), Gene (2) (1), H-OCT4 (1) (1), Human (1) (1), NANOG (2) (1), NANOG-F (1) (1), OCT3/4 (1) (1), OCT4 (12) (1), OCT4-F (1) (1), OCT4-Sense (1) (1), OCT4-reverse (1) (1), Oct-4 (2) (1), Oct4 (6) (1), Oct4-reverse (1) (1), Oct4a (1) (1), POU (1) (1), POU5F1 (10) (1), Pluripotency (2) (1), Set (1) (1), The (1) (1), USA (1) (1), human (1) (1)","A2299 (1) (1), AT112 (1) (1), DCX (1) (1), Gene (1) (1), Nanog (1) (1), Nestin (1) (1), OCT3 (1) (1), OCT4 (1) (1), OCT4-Reverse (1) (1), Oct4 (1) (1), Orientation (1) (1), POU5F1 (5) (1), Rev- (1) (1), Target (2) (1), hsa-oct-4 (1) (1)",0.004,0.004,72,32," PMC10957997, PMC11014864, PMC11101480, PMC11292262, PMC11427698, PMC11515471, PMC11581432, PMC2831306, PMC3077891, PMC3857166, PMC4090168, PMC4090206, PMC4219743, PMC4358081, PMC4461767, PMC4467125, PMC4484432, PMC5357761, PMC5386357, PMC5479030, PMC5488545, PMC5524812, PMC5533946, PMC5541715, PMC5591432, PMC5677350, PMC5851116, PMC6059729, PMC6168501, PMC6214949, PMC6237593, PMC6283842, PMC6349828, PMC6355651, PMC6430378, PMC6544653, PMC6549167, PMC6591285, PMC6664765, PMC6933027, PMC7005302, PMC7471976, PMC7593581, PMC7600115, PMC7649396, PMC7674658, PMC7692041, PMC7850411, PMC8273683, PMC8340846, PMC8922936, PMC9103168, PMC9558687, PMC9727917, PMC9750879,PMC10074076,PMC10787008,PMC5288783,PMC5386357,PMC6059729,PMC6210048,PMC6214949,PMC6283842,PMC6391455,PMC8596119,PMC8674361,PMC9198085,PMC9618131"," PMC10825216, PMC11330932, PMC11733544, PMC2831306, PMC3077891, PMC3869187, PMC3904884, PMC4461767, PMC5134122, PMC5355113, PMC5386357, PMC5386708, PMC5614583, PMC5851116, PMC6214949, PMC7068199, PMC7318403, PMC7481635, PMC7564713, PMC8107025, PMC9013652, PMC9558687, PMC9659205,PMC10413151,PMC3077891,PMC5386357,PMC6214949,PMC8262288",471.0,338.0,58.69,60.9,50.0,55.0,68,28,1340.0,1543.0,1359.0,1562.0,forward,reverse_complement,4,4,4,,,,,,,,,,,,,,,,,,,,,"PMC10074076,PMC10787008,PMC10957997,PMC11014864,PMC11101480,PMC11292262,PMC11427698,PMC11515471,PMC11581432,PMC2831306,PMC3077891,PMC3857166,PMC4090168,PMC4090206,PMC4219743,PMC4358081,PMC4461767,PMC4467125,PMC4484432,PMC5288783,PMC5357761,PMC5386357,PMC5479030,PMC5488545,PMC5524812,PMC5533946,PMC5541715,PMC5591432,PMC5677350,PMC5851116,PMC6059729,PMC6168501,PMC6210048,PMC6214949,PMC6237593,PMC6283842,PMC6349828,PMC6355651,PMC6391455,PMC6544653,PMC6549167,PMC6591285,PMC6664765,PMC6933027,PMC7005302,PMC7471976,PMC7593581,PMC7600115,PMC7649396,PMC7674658,PMC7692041,PMC8273683,PMC8340846,PMC8674361,PMC8922936,PMC9103168,PMC9198085,PMC9558687,PMC9618131,PMC9727917,PMC9750879","PMC6430378,PMC7850411,PMC8596119","PMC10413151,PMC11330932,PMC11733544,PMC2831306,PMC3077891,PMC3869187,PMC3904884,PMC4461767,PMC5134122,PMC5355113,PMC5386357,PMC5386708,PMC5614583,PMC5851116,PMC6214949,PMC7068199,PMC7318403,PMC7481635,PMC7564713,PMC8107025,PMC8262288,PMC9013652,PMC9558687,PMC9659205",PMC10825216,61,3,24,1,"PMC2831306,PMC3077891,PMC4461767,PMC5386357,PMC5851116,PMC6214949,PMC9558687",7,0.9512160623581074,0.8772222222222221,0.2633333333333331,79.1441364512387,93.61874482351928
AGTGAGAGGCAACCTGGAGA,AACCACACTCGGACCACATC,POU5F1,POU5F1,"657 (1) (1), EXO-OCT4 (1) (1), Kit (1) (1), NM001113060 (1) (1), NM_001113060 (1) (1), NM_002701.4 (1) (1), OCT-4 (2) (1), OCT3/4 (4) (1), OCT4 (25) (1), OCT4A (3) (1), Oct-4 (1) (1), Oct3/4 (1) (1), Oct4 (6) (1), Oct4-SF1 (3) (1), Oct4A (1) (1), Oct4a (1) (1), POU5F1 (13) (1), POU5F1-r (2) (1), POU5F1/OCT4 (1) (1), Pou5F_F (1) (1), RT-PCR (1) (1), TGG-3 (1) (1), hPOU5F1 (1) (1), p-POU5F1-Q-179-R (1) (1), pc-POU5F1-Q-179-R (1) (1)","Cancer (1) (1), IDT (1) (1), OCT4 (4) (1), OCT4A (2) (1), Oct4-F (1) (1), POU5F1 (6) (1), SHP2 (1) (1), SOX2 (1) (1)",0.004,0.004,108,28," PMC10163040, PMC10164477, PMC10445237, PMC10584277, PMC10645425, PMC10706241, PMC10829671, PMC11274440, PMC11330932, PMC11466741, PMC11983960, PMC12010222, PMC2768758, PMC2887366, PMC3096636, PMC3198501, PMC3334991, PMC3479164, PMC3492496, PMC3554725, PMC3641338, PMC3734275, PMC3859201, PMC3916122, PMC3946260, PMC3973192, PMC4093196, PMC4334543, PMC4381569, PMC4464659, PMC4495055, PMC4561906, PMC4616026, PMC4618831, PMC4682290, PMC4762427, PMC4887794, PMC4932181, PMC5134122, PMC5385527, PMC5415946, PMC5432225, PMC5472783, PMC5488545, PMC5647349, PMC5752187, PMC5762807, PMC5768693, PMC5815497, PMC5841441, PMC5855759, PMC6073876, PMC6399006, PMC6430470, PMC6494844, PMC6538509, PMC6544653, PMC6625065, PMC6711954, PMC6749091, PMC6983992, PMC7005302, PMC7049688, PMC7481635, PMC7599646, PMC7643360, PMC7672295, PMC7694436, PMC7904523, PMC7940740, PMC8160028, PMC8229322, PMC8239245, PMC8286457, PMC8366451, PMC8441142, PMC8460459, PMC8611001, PMC8897656, PMC9169189, PMC9374437, PMC9454898, PMC9614032, PMC9898924,PMC10143469,PMC11045446,PMC11055877,PMC12053477,PMC3479164,PMC3898746,PMC4561906,PMC4616026,PMC4740175,PMC4741483,PMC5441176,PMC6545159,PMC7005693,PMC8100125,PMC8674361,PMC8851157,PMC8861636"," PMC10682145, PMC11364923, PMC11997742, PMC12003762, PMC2651644, PMC4413550, PMC4667649, PMC5347651, PMC5483250, PMC5677509, PMC5749353, PMC6003522, PMC6245804, PMC6429482, PMC7897946, PMC8178857, PMC9030920, PMC9102939, PMC9438157, PMC9682313, PMC9818020, PMC9818073, PMC9950793,PMC10088155,PMC7281029,PMC8039936,PMC8233392",890.0,80.0,60.85,60.62,55.0,55.0,101,27,1438.0,1532.0,1457.0,1551.0,forward,reverse_complement,3,2,4,,,,,,,,,,,,,,,,,,,,,"PMC10143469,PMC10163040,PMC10164477,PMC10584277,PMC10645425,PMC10706241,PMC10829671,PMC11045446,PMC11055877,PMC11274440,PMC11330932,PMC11466741,PMC11983960,PMC12010222,PMC12053477,PMC2768758,PMC2887366,PMC3096636,PMC3479164,PMC3492496,PMC3554725,PMC3641338,PMC3734275,PMC3859201,PMC3898746,PMC3916122,PMC3946260,PMC3973192,PMC4093196,PMC4334543,PMC4381569,PMC4464659,PMC4495055,PMC4561906,PMC4616026,PMC4618831,PMC4682290,PMC4740175,PMC4741483,PMC4762427,PMC4932181,PMC5134122,PMC5415946,PMC5441176,PMC5472783,PMC5647349,PMC5752187,PMC5762807,PMC5768693,PMC5815497,PMC5855759,PMC6073876,PMC6399006,PMC6430470,PMC6494844,PMC6538509,PMC6545159,PMC6625065,PMC6711954,PMC6749091,PMC6983992,PMC7005693,PMC7049688,PMC7481635,PMC7643360,PMC7672295,PMC7694436,PMC7904523,PMC7940740,PMC8100125,PMC8160028,PMC8229322,PMC8239245,PMC8286457,PMC8366451,PMC8441142,PMC8460459,PMC8611001,PMC8851157,PMC8861636,PMC8897656,PMC9169189,PMC9374437,PMC9898924","PMC10445237,PMC3198501,PMC3334991,PMC4887794,PMC5385527,PMC5432225,PMC5488545,PMC5841441,PMC6544653,PMC7005302,PMC7599646,PMC8674361,PMC9454898,PMC9614032","PMC10088155,PMC10682145,PMC11997742,PMC12003762,PMC2651644,PMC4413550,PMC4667649,PMC5483250,PMC5677509,PMC6003522,PMC6245804,PMC7281029,PMC7897946,PMC8039936,PMC8178857,PMC8233392,PMC9102939,PMC9438157,PMC9818020,PMC9818073,PMC9950793","PMC11364923,PMC5347651,PMC5749353,PMC6429482,PMC9030920,PMC9682313",84,14,21,6,,0,0.6586703705906511,0.9183333333333334,0.923333333333332,78.9501851961992,93.4668815120284
GTGGAGGAAGCTGACAACAA,TCTCCAGGTTGCCTCTCACT,POU5F1,POU5F1,"119 (1) (1), A2300 (1) (1), EGFP (1) (1), FOR (1) (1), GAC (1) (1), Gene (2) (1), H-OCT4 (1) (1), Human (1) (1), NANOG (2) (1), NANOG-F (1) (1), OCT3/4 (1) (1), OCT4 (12) (1), OCT4-F (1) (1), OCT4-Sense (1) (1), OCT4-reverse (1) (1), Oct-4 (2) (1), Oct4 (6) (1), Oct4-reverse (1) (1), Oct4a (1) (1), POU (1) (1), POU5F1 (10) (1), Pluripotency (2) (1), Set (1) (1), The (1) (1), USA (1) (1), human (1) (1)","657 (1) (1), EXO-OCT4 (1) (1), Kit (1) (1), NM001113060 (1) (1), NM_001113060 (1) (1), NM_002701.4 (1) (1), OCT-4 (2) (1), OCT3/4 (4) (1), OCT4 (25) (1), OCT4A (3) (1), Oct-4 (1) (1), Oct3/4 (1) (1), Oct4 (6) (1), Oct4-SF1 (3) (1), Oct4A (1) (1), Oct4a (1) (1), POU5F1 (13) (1), POU5F1-r (2) (1), POU5F1/OCT4 (1) (1), Pou5F_F (1) (1), RT-PCR (1) (1), TGG-3 (1) (1), hPOU5F1 (1) (1), p-POU5F1-Q-179-R (1) (1), pc-POU5F1-Q-179-R (1) (1)",0.004,0.004,72,108," PMC10957997, PMC11014864, PMC11101480, PMC11292262, PMC11427698, PMC11515471, PMC11581432, PMC2831306, PMC3077891, PMC3857166, PMC4090168, PMC4090206, PMC4219743, PMC4358081, PMC4461767, PMC4467125, PMC4484432, PMC5357761, PMC5386357, PMC5479030, PMC5488545, PMC5524812, PMC5533946, PMC5541715, PMC5591432, PMC5677350, PMC5851116, PMC6059729, PMC6168501, PMC6214949, PMC6237593, PMC6283842, PMC6349828, PMC6355651, PMC6430378, PMC6544653, PMC6549167, PMC6591285, PMC6664765, PMC6933027, PMC7005302, PMC7471976, PMC7593581, PMC7600115, PMC7649396, PMC7674658, PMC7692041, PMC7850411, PMC8273683, PMC8340846, PMC8922936, PMC9103168, PMC9558687, PMC9727917, PMC9750879,PMC10074076,PMC10787008,PMC5288783,PMC5386357,PMC6059729,PMC6210048,PMC6214949,PMC6283842,PMC6391455,PMC8596119,PMC8674361,PMC9198085,PMC9618131"," PMC10163040, PMC10164477, PMC10445237, PMC10584277, PMC10645425, PMC10706241, PMC10829671, PMC11274440, PMC11330932, PMC11466741, PMC11983960, PMC12010222, PMC2768758, PMC2887366, PMC3096636, PMC3198501, PMC3334991, PMC3479164, PMC3492496, PMC3554725, PMC3641338, PMC3734275, PMC3859201, PMC3916122, PMC3946260, PMC3973192, PMC4093196, PMC4334543, PMC4381569, PMC4464659, PMC4495055, PMC4561906, PMC4616026, PMC4618831, PMC4682290, PMC4762427, PMC4887794, PMC4932181, PMC5134122, PMC5385527, PMC5415946, PMC5432225, PMC5472783, PMC5488545, PMC5647349, PMC5752187, PMC5762807, PMC5768693, PMC5815497, PMC5841441, PMC5855759, PMC6073876, PMC6399006, PMC6430470, PMC6494844, PMC6538509, PMC6544653, PMC6625065, PMC6711954, PMC6749091, PMC6983992, PMC7005302, PMC7049688, PMC7481635, PMC7599646, PMC7643360, PMC7672295, PMC7694436, PMC7904523, PMC7940740, PMC8160028, PMC8229322, PMC8239245, PMC8286457, PMC8366451, PMC8441142, PMC8460459, PMC8611001, PMC8897656, PMC9169189, PMC9374437, PMC9454898, PMC9614032, PMC9898924,PMC10143469,PMC11045446,PMC11055877,PMC12053477,PMC3479164,PMC3898746,PMC4561906,PMC4616026,PMC4740175,PMC4741483,PMC5441176,PMC6545159,PMC7005693,PMC8100125,PMC8674361,PMC8851157,PMC8861636",471.0,890.0,58.69,60.85,50.0,55.0,68,101,1340.0,1438.0,1359.0,1457.0,forward,reverse_complement,4,3,5,,,,,,,,,,,,,,,,,,,,,"PMC10074076,PMC10787008,PMC10957997,PMC11014864,PMC11101480,PMC11292262,PMC11427698,PMC11515471,PMC11581432,PMC2831306,PMC3077891,PMC3857166,PMC4090168,PMC4090206,PMC4219743,PMC4358081,PMC4461767,PMC4467125,PMC4484432,PMC5288783,PMC5357761,PMC5386357,PMC5479030,PMC5488545,PMC5524812,PMC5533946,PMC5541715,PMC5591432,PMC5677350,PMC5851116,PMC6059729,PMC6168501,PMC6210048,PMC6214949,PMC6237593,PMC6283842,PMC6349828,PMC6355651,PMC6391455,PMC6544653,PMC6549167,PMC6591285,PMC6664765,PMC6933027,PMC7005302,PMC7471976,PMC7593581,PMC7600115,PMC7649396,PMC7674658,PMC7692041,PMC8273683,PMC8340846,PMC8674361,PMC8922936,PMC9103168,PMC9198085,PMC9558687,PMC9618131,PMC9727917,PMC9750879","PMC6430378,PMC7850411,PMC8596119","PMC10445237,PMC3198501,PMC3334991,PMC4887794,PMC5385527,PMC5432225,PMC5488545,PMC5841441,PMC6544653,PMC7005302,PMC7599646,PMC8674361,PMC9454898,PMC9614032","PMC10143469,PMC10163040,PMC10164477,PMC10584277,PMC10645425,PMC10706241,PMC10829671,PMC11045446,PMC11055877,PMC11274440,PMC11330932,PMC11466741,PMC11983960,PMC12010222,PMC12053477,PMC2768758,PMC2887366,PMC3096636,PMC3479164,PMC3492496,PMC3554725,PMC3641338,PMC3734275,PMC3859201,PMC3898746,PMC3916122,PMC3946260,PMC3973192,PMC4093196,PMC4334543,PMC4381569,PMC4464659,PMC4495055,PMC4561906,PMC4616026,PMC4618831,PMC4682290,PMC4740175,PMC4741483,PMC4762427,PMC4932181,PMC5134122,PMC5415946,PMC5441176,PMC5472783,PMC5647349,PMC5752187,PMC5762807,PMC5768693,PMC5815497,PMC5855759,PMC6073876,PMC6399006,PMC6430470,PMC6494844,PMC6538509,PMC6545159,PMC6625065,PMC6711954,PMC6749091,PMC6983992,PMC7005693,PMC7049688,PMC7481635,PMC7643360,PMC7672295,PMC7694436,PMC7904523,PMC7940740,PMC8100125,PMC8160028,PMC8229322,PMC8239245,PMC8286457,PMC8366451,PMC8441142,PMC8460459,PMC8611001,PMC8851157,PMC8861636,PMC8897656,PMC9169189,PMC9374437,PMC9898924",61,3,14,84,"PMC5488545,PMC6544653,PMC7005302,PMC8674361",4,0.8985027467444143,0.8799999999999998,0.2799999999999988,76.92513733722068,91.70950545406924
CCTCACTTCACTGCACTGTA,CAGGTTTTCTTTCCCTAGCT,POU5F1,POU5F1,"Antibodies (1) (1), NM_002701.3 (1) (1), OCT-4 (2) (1), OCT3/4 (1) (1), OCT4 (22) (1), OCT4-F (4) (1), Oct-4 (1) (1), Oct4 (2) (1), POU5F1 (4) (1), Pluripotency (4) (1), REAGENT (2) (1), endo-OCT4 (1) (1), endoOCT4 (1) (1), endoOCT4-F (1) (1), oct (1) (1), qPCR (2) (1), qRT-PCR (1) (1)","Gene (1) (1), Genes (1) (1), NANOG (1) (1), Nanog (1) (1), OCT-4 (1) (1), OCT3/4 (1) (1), OCT4 (3) (1), OCT4-R (4) (1), Oct-4 (1) (1), POU5F1 (2) (1), Pluripotency (1) (1), REAGENT (2) (1), endo-OCT4 (1) (1), endoOCT4-R (2) (1), endogenous (2) (1)",0.004,0.004,77,66," PMC10544263, PMC10603139, PMC10623963, PMC10772246, PMC11658428, PMC11918522, PMC11966042, PMC11973423, PMC11997124, PMC12027382, PMC12064636, PMC2911382, PMC3192166, PMC3734275, PMC3989277, PMC4049184, PMC4225532, PMC4329829, PMC4454755, PMC4539932, PMC4620536, PMC4635383, PMC4871453, PMC5290732, PMC5345835, PMC5418622, PMC5606115, PMC5610324, PMC5647349, PMC5918198, PMC6244408, PMC6470126, PMC6544653, PMC6567449, PMC6707254, PMC6941254, PMC7792045, PMC7835078, PMC7863436, PMC7977190, PMC8003874, PMC8234706, PMC8379019, PMC8448778, PMC8743724, PMC8900422, PMC8983830, PMC8996222, PMC9136496, PMC9169189, PMC9293975, PMC9375916, PMC9699793, PMC9874078,PMC10213880,PMC10253153,PMC10853546,PMC10874853,PMC11109972,PMC11217373,PMC11339338,PMC11966042,PMC11997124,PMC3634645,PMC4050354,PMC5290732,PMC5418622,PMC6557763,PMC7709977,PMC8132052,PMC8421500,PMC9142666"," PMC10544263, PMC10623963, PMC10772246, PMC11658428, PMC11918522, PMC11966042, PMC11973423, PMC11997124, PMC12027382, PMC12064636, PMC2911382, PMC3661502, PMC3734275, PMC3989277, PMC4225532, PMC4329829, PMC4454755, PMC4539932, PMC4620536, PMC4635383, PMC4871453, PMC5290732, PMC5345835, PMC5418622, PMC5606115, PMC5610324, PMC5647349, PMC5918198, PMC6244408, PMC6470126, PMC6567449, PMC6707254, PMC6941254, PMC7792045, PMC7863436, PMC8003874, PMC8234706, PMC8448778, PMC8743724, PMC8900422, PMC9169189, PMC9293975, PMC9363836, PMC9375916, PMC9750879, PMC9874078,PMC10213880,PMC10253153,PMC10853546,PMC10874853,PMC11109972,PMC11217373,PMC11339338,PMC11966042,PMC11997124,PMC4050354,PMC5290732,PMC5418622,PMC6557763,PMC7709977,PMC8132052,PMC8421500,PMC9142666",339.0,233.0,57.83,55.6,50.0,45.0,72,63,1700.0,1844.0,1719.0,1863.0,forward,reverse_complement,4,4,3,,,,,,,,,,,,,,,,,,,,,"PMC10213880,PMC10253153,PMC10544263,PMC10603139,PMC10623963,PMC10772246,PMC10853546,PMC10874853,PMC11109972,PMC11217373,PMC11339338,PMC11658428,PMC11918522,PMC11966042,PMC11973423,PMC11997124,PMC12027382,PMC12064636,PMC2911382,PMC3192166,PMC3634645,PMC3734275,PMC3989277,PMC4049184,PMC4050354,PMC4225532,PMC4329829,PMC4454755,PMC4539932,PMC4620536,PMC4635383,PMC4871453,PMC5290732,PMC5345835,PMC5418622,PMC5606115,PMC5610324,PMC5647349,PMC5918198,PMC6244408,PMC6470126,PMC6557763,PMC6567449,PMC6707254,PMC6941254,PMC7709977,PMC7792045,PMC7835078,PMC7863436,PMC7977190,PMC8003874,PMC8132052,PMC8234706,PMC8379019,PMC8421500,PMC8448778,PMC8743724,PMC8900422,PMC8983830,PMC8996222,PMC9136496,PMC9142666,PMC9169189,PMC9293975,PMC9375916,PMC9699793,PMC9874078",PMC6544653,"PMC10213880,PMC10253153,PMC10544263,PMC10623963,PMC10772246,PMC10853546,PMC10874853,PMC11109972,PMC11217373,PMC11339338,PMC11658428,PMC11918522,PMC11966042,PMC11973423,PMC11997124,PMC12027382,PMC12064636,PMC2911382,PMC3661502,PMC3734275,PMC3989277,PMC4050354,PMC4225532,PMC4329829,PMC4454755,PMC4539932,PMC4620536,PMC4635383,PMC4871453,PMC5290732,PMC5345835,PMC5418622,PMC5606115,PMC5610324,PMC5647349,PMC5918198,PMC6244408,PMC6470126,PMC6557763,PMC6567449,PMC6707254,PMC6941254,PMC7709977,PMC7792045,PMC7863436,PMC8003874,PMC8132052,PMC8234706,PMC8421500,PMC8448778,PMC8743724,PMC8900422,PMC9142666,PMC9169189,PMC9293975,PMC9363836,PMC9375916,PMC9750879,PMC9874078",,67,1,59,0,"PMC10213880,PMC10253153,PMC10544263,PMC10623963,PMC10772246,PMC10853546,PMC10874853,PMC11109972,PMC11217373,PMC11339338,PMC11658428,PMC11918522,PMC11966042,PMC11973423,PMC11997124,PMC12027382,PMC12064636,PMC2911382,PMC3734275,PMC3989277,PMC4050354,PMC4225532,PMC4329829,PMC4454755,PMC4539932,PMC4620536,PMC4635383,PMC4871453,PMC5290732,PMC5345835,PMC5418622,PMC5606115,PMC5610324,PMC5647349,PMC5918198,PMC6244408,PMC6470126,PMC6557763,PMC6567449,PMC6707254,PMC6941254,PMC7709977,PMC7792045,PMC7863436,PMC8003874,PMC8132052,PMC8234706,PMC8421500,PMC8448778,PMC8743724,PMC8900422,PMC9142666,PMC9169189,PMC9293975,PMC9375916,PMC9874078",56,1.0,0.7127777777777776,0.2566666666666677,76.5166666666667,91.31544228056205
CAAAGCAGAAACCCTCGTGC,ACACTCGGACCACATCCTTC,POU5F1,POU5F1,"164 (1) (1), CAA (1) (1), Concentration (1) (1), Gene (1) (1), Human (1) (1), OCT-4 (1) (1), OCT4 (9) (1), Oct4 (4) (1), POU5F1 (1) (1), Pou5f1 (1) (1), RT-OCT4-F (1) (1), TG-3 (1) (1), hOCT4-F (2) (1), human (1) (1)","55 (1) (1), ACT (1) (1), Cyclin (1) (1), GGAGA (1) (1), GenBank (1) (1), Genbank (1) (1), NANOG (1) (1), NM_002701 (1) (1), OCT-4 (5) (1), OCT3 (1) (1), OCT3/4 (1) (1), OCT4 (4) (1), OCT4-F (1) (1), OCT4_fw (1) (1), Oct-4 (2) (1), Oct4 (3) (1), POU (1) (1), POU5F1 (5) (1), POU5F1-R (1) (1), Pou5F_R (1) (1), SOX-2 (1) (1), SOX2 (2) (1), Sox2 (1) (1), The (1) (1), Upper (2) (1)",0.004,0.004,34,75," PMC11266738, PMC11367998, PMC11434123, PMC11997742, PMC4413550, PMC4741933, PMC5199039, PMC5483250, PMC5557585, PMC5566105, PMC5706845, PMC5830957, PMC6217860, PMC6396461, PMC6509179, PMC6642334, PMC7752272, PMC7824946, PMC8455897, PMC8456648, PMC8802056, PMC8854419, PMC9399390, PMC9438157, PMC9568362, PMC9818073, PMC9852901,PMC10139404,PMC10664984,PMC6966500,PMC9753993,PMC9757749"," PMC10139117, PMC10163040, PMC10377620, PMC10645425, PMC10671720, PMC10706241, PMC10805825, PMC10835262, PMC10960442, PMC11335221, PMC11655692, PMC11983960, PMC2844422, PMC2887366, PMC3311553, PMC3479164, PMC3641338, PMC3973192, PMC4081551, PMC4201761, PMC4297870, PMC4376765, PMC4616026, PMC4762427, PMC4832103, PMC5323177, PMC5415946, PMC5527465, PMC5666729, PMC5768693, PMC5815497, PMC6281623, PMC6283856, PMC6307676, PMC6399006, PMC6494844, PMC6538673, PMC6544653, PMC6547395, PMC6606997, PMC6625065, PMC6711954, PMC7041535, PMC7049688, PMC7348751, PMC7388557, PMC7797662, PMC7859355, PMC7940740, PMC8104960, PMC8152426, PMC8286457, PMC8366451, PMC8441142, PMC8448614, PMC8674875, PMC8773805, PMC9374437, PMC9405349,PMC10094087,PMC10173517,PMC11045446,PMC3479164,PMC3898746,PMC6281623,PMC6283856,PMC6525983,PMC6545159,PMC7005693,PMC8100125",49.0,817.0,60.68,60.05,55.0,55.0,32,70,1381.0,1528.0,1400.0,1547.0,forward,reverse_complement,3,3,3,,,,,,,,,,,,,,,,,,,,,"PMC10139404,PMC10664984,PMC11266738,PMC11367998,PMC11997742,PMC4413550,PMC4741933,PMC5483250,PMC5557585,PMC5566105,PMC5706845,PMC5830957,PMC6217860,PMC6396461,PMC6509179,PMC6642334,PMC7752272,PMC7824946,PMC8455897,PMC8456648,PMC8802056,PMC8854419,PMC9399390,PMC9438157,PMC9757749,PMC9818073,PMC9852901","PMC11434123,PMC5199039,PMC6966500,PMC9568362,PMC9753993","PMC10163040,PMC10173517,PMC10645425,PMC10706241,PMC10805825,PMC10835262,PMC10960442,PMC11045446,PMC11335221,PMC11983960,PMC2887366,PMC3479164,PMC3641338,PMC3898746,PMC3973192,PMC4081551,PMC4297870,PMC4376765,PMC4616026,PMC4762427,PMC5415946,PMC5527465,PMC5666729,PMC5768693,PMC5815497,PMC6281623,PMC6307676,PMC6399006,PMC6494844,PMC6525983,PMC6545159,PMC6547395,PMC6625065,PMC6711954,PMC7005693,PMC7049688,PMC7797662,PMC7859355,PMC7940740,PMC8100125,PMC8152426,PMC8286457,PMC8366451,PMC8441142,PMC8773805,PMC9374437,PMC9405349","PMC10094087,PMC10139117,PMC10377620,PMC10671720,PMC11655692,PMC2844422,PMC3311553,PMC4201761,PMC4832103,PMC5323177,PMC6283856,PMC6538673,PMC6544653,PMC6606997,PMC7041535,PMC7348751,PMC7388557,PMC8104960,PMC8448614,PMC8674875",27,5,47,20,,0,0.6344502158899232,0.9594444444444447,0.7899999999999991,76.30584412782949,91.10665880522299
CAAAGCAGAAACCCTCGTGC,TCTCCAGGTTGCCTCTCACT,POU5F1,POU5F1,"164 (1) (1), CAA (1) (1), Concentration (1) (1), Gene (1) (1), Human (1) (1), OCT-4 (1) (1), OCT4 (9) (1), Oct4 (4) (1), POU5F1 (1) (1), Pou5f1 (1) (1), RT-OCT4-F (1) (1), TG-3 (1) (1), hOCT4-F (2) (1), human (1) (1)","657 (1) (1), EXO-OCT4 (1) (1), Kit (1) (1), NM001113060 (1) (1), NM_001113060 (1) (1), NM_002701.4 (1) (1), OCT-4 (2) (1), OCT3/4 (4) (1), OCT4 (25) (1), OCT4A (3) (1), Oct-4 (1) (1), Oct3/4 (1) (1), Oct4 (6) (1), Oct4-SF1 (3) (1), Oct4A (1) (1), Oct4a (1) (1), POU5F1 (13) (1), POU5F1-r (2) (1), POU5F1/OCT4 (1) (1), Pou5F_F (1) (1), RT-PCR (1) (1), TGG-3 (1) (1), hPOU5F1 (1) (1), p-POU5F1-Q-179-R (1) (1), pc-POU5F1-Q-179-R (1) (1)",0.004,0.004,34,108," PMC11266738, PMC11367998, PMC11434123, PMC11997742, PMC4413550, PMC4741933, PMC5199039, PMC5483250, PMC5557585, PMC5566105, PMC5706845, PMC5830957, PMC6217860, PMC6396461, PMC6509179, PMC6642334, PMC7752272, PMC7824946, PMC8455897, PMC8456648, PMC8802056, PMC8854419, PMC9399390, PMC9438157, PMC9568362, PMC9818073, PMC9852901,PMC10139404,PMC10664984,PMC6966500,PMC9753993,PMC9757749"," PMC10163040, PMC10164477, PMC10445237, PMC10584277, PMC10645425, PMC10706241, PMC10829671, PMC11274440, PMC11330932, PMC11466741, PMC11983960, PMC12010222, PMC2768758, PMC2887366, PMC3096636, PMC3198501, PMC3334991, PMC3479164, PMC3492496, PMC3554725, PMC3641338, PMC3734275, PMC3859201, PMC3916122, PMC3946260, PMC3973192, PMC4093196, PMC4334543, PMC4381569, PMC4464659, PMC4495055, PMC4561906, PMC4616026, PMC4618831, PMC4682290, PMC4762427, PMC4887794, PMC4932181, PMC5134122, PMC5385527, PMC5415946, PMC5432225, PMC5472783, PMC5488545, PMC5647349, PMC5752187, PMC5762807, PMC5768693, PMC5815497, PMC5841441, PMC5855759, PMC6073876, PMC6399006, PMC6430470, PMC6494844, PMC6538509, PMC6544653, PMC6625065, PMC6711954, PMC6749091, PMC6983992, PMC7005302, PMC7049688, PMC7481635, PMC7599646, PMC7643360, PMC7672295, PMC7694436, PMC7904523, PMC7940740, PMC8160028, PMC8229322, PMC8239245, PMC8286457, PMC8366451, PMC8441142, PMC8460459, PMC8611001, PMC8897656, PMC9169189, PMC9374437, PMC9454898, PMC9614032, PMC9898924,PMC10143469,PMC11045446,PMC11055877,PMC12053477,PMC3479164,PMC3898746,PMC4561906,PMC4616026,PMC4740175,PMC4741483,PMC5441176,PMC6545159,PMC7005693,PMC8100125,PMC8674361,PMC8851157,PMC8861636",49.0,890.0,60.68,60.85,55.0,55.0,32,101,1381.0,1438.0,1400.0,1457.0,forward,reverse_complement,3,3,4,,,,,,,,,,,,,,,,,,,,,"PMC10139404,PMC10664984,PMC11266738,PMC11367998,PMC11997742,PMC4413550,PMC4741933,PMC5483250,PMC5557585,PMC5566105,PMC5706845,PMC5830957,PMC6217860,PMC6396461,PMC6509179,PMC6642334,PMC7752272,PMC7824946,PMC8455897,PMC8456648,PMC8802056,PMC8854419,PMC9399390,PMC9438157,PMC9757749,PMC9818073,PMC9852901","PMC11434123,PMC5199039,PMC6966500,PMC9568362,PMC9753993","PMC10445237,PMC3198501,PMC3334991,PMC4887794,PMC5385527,PMC5432225,PMC5488545,PMC5841441,PMC6544653,PMC7005302,PMC7599646,PMC8674361,PMC9454898,PMC9614032","PMC10143469,PMC10163040,PMC10164477,PMC10584277,PMC10645425,PMC10706241,PMC10829671,PMC11045446,PMC11055877,PMC11274440,PMC11330932,PMC11466741,PMC11983960,PMC12010222,PMC12053477,PMC2768758,PMC2887366,PMC3096636,PMC3479164,PMC3492496,PMC3554725,PMC3641338,PMC3734275,PMC3859201,PMC3898746,PMC3916122,PMC3946260,PMC3973192,PMC4093196,PMC4334543,PMC4381569,PMC4464659,PMC4495055,PMC4561906,PMC4616026,PMC4618831,PMC4682290,PMC4740175,PMC4741483,PMC4762427,PMC4932181,PMC5134122,PMC5415946,PMC5441176,PMC5472783,PMC5647349,PMC5752187,PMC5762807,PMC5768693,PMC5815497,PMC5855759,PMC6073876,PMC6399006,PMC6430470,PMC6494844,PMC6538509,PMC6545159,PMC6625065,PMC6711954,PMC6749091,PMC6983992,PMC7005693,PMC7049688,PMC7481635,PMC7643360,PMC7672295,PMC7694436,PMC7904523,PMC7940740,PMC8100125,PMC8160028,PMC8229322,PMC8239245,PMC8286457,PMC8366451,PMC8441142,PMC8460459,PMC8611001,PMC8851157,PMC8861636,PMC8897656,PMC9169189,PMC9374437,PMC9898924",27,5,14,84,,0,0.5874324029153033,0.9149999999999999,0.9433333333333328,75.68828681243181,90.47359450572338
CCTCACTTCACTGCACTGTA,CAAAAACCCTGGCACAAACT,POU5F1,POU5F1,"Antibodies (1) (1), NM_002701.3 (1) (1), OCT-4 (2) (1), OCT3/4 (1) (1), OCT4 (22) (1), OCT4-F (4) (1), Oct-4 (1) (1), Oct4 (2) (1), POU5F1 (4) (1), Pluripotency (4) (1), REAGENT (2) (1), endo-OCT4 (1) (1), endoOCT4 (1) (1), endoOCT4-F (1) (1), oct (1) (1), qPCR (2) (1), qRT-PCR (1) (1)","EN-OCT4 (2) (1), Endo-OCT4 (1) (1), Endo-POU5F1 (1) (1), Gene (2) (1), HES5 (1) (1), NANOG (1) (1), OCT3/4 (2) (1), OCT4 (8) (1), OCT4-F (1) (1), OCT4B (1) (1), Oct3/4 (3) (1), Oct4B (1) (1), Octamer (1) (1), POU5F1 (1) (1), Pou5f1 (2) (1), SOX2 (1) (1), endo-OCT4 (1) (1), endoOCT4 (4) (1)",0.004,0.004,77,53," PMC10544263, PMC10603139, PMC10623963, PMC10772246, PMC11658428, PMC11918522, PMC11966042, PMC11973423, PMC11997124, PMC12027382, PMC12064636, PMC2911382, PMC3192166, PMC3734275, PMC3989277, PMC4049184, PMC4225532, PMC4329829, PMC4454755, PMC4539932, PMC4620536, PMC4635383, PMC4871453, PMC5290732, PMC5345835, PMC5418622, PMC5606115, PMC5610324, PMC5647349, PMC5918198, PMC6244408, PMC6470126, PMC6544653, PMC6567449, PMC6707254, PMC6941254, PMC7792045, PMC7835078, PMC7863436, PMC7977190, PMC8003874, PMC8234706, PMC8379019, PMC8448778, PMC8743724, PMC8900422, PMC8983830, PMC8996222, PMC9136496, PMC9169189, PMC9293975, PMC9375916, PMC9699793, PMC9874078,PMC10213880,PMC10253153,PMC10853546,PMC10874853,PMC11109972,PMC11217373,PMC11339338,PMC11966042,PMC11997124,PMC3634645,PMC4050354,PMC5290732,PMC5418622,PMC6557763,PMC7709977,PMC8132052,PMC8421500,PMC9142666"," PMC10487315, PMC10540402, PMC10786415, PMC10829671, PMC10896791, PMC10954547, PMC3621571, PMC3795682, PMC3895023, PMC3981007, PMC4113436, PMC4161230, PMC4464659, PMC4495396, PMC4503736, PMC4507262, PMC4682290, PMC4727567, PMC4792422, PMC5089679, PMC5131843, PMC5216109, PMC5223107, PMC5345102, PMC5366912, PMC5418812, PMC6089166, PMC6248383, PMC6430470, PMC6558306, PMC6994936, PMC7074584, PMC7181506, PMC7519662, PMC7814459, PMC7932187, PMC8091590, PMC8969067, PMC9450955,PMC10318836,PMC10465966,PMC10721274,PMC10995149,PMC2946283,PMC3634645,PMC7084361,PMC7349204,PMC7827477,PMC8851157,PMC8861636",339.0,260.0,57.83,57.96,50.0,45.0,72,50,1700.0,1865.0,1719.0,1884.0,forward,reverse_complement,4,2,3,,,,,,,,,,,,,,,,,,,,,"PMC10213880,PMC10253153,PMC10544263,PMC10603139,PMC10623963,PMC10772246,PMC10853546,PMC10874853,PMC11109972,PMC11217373,PMC11339338,PMC11658428,PMC11918522,PMC11966042,PMC11973423,PMC11997124,PMC12027382,PMC12064636,PMC2911382,PMC3192166,PMC3634645,PMC3734275,PMC3989277,PMC4049184,PMC4050354,PMC4225532,PMC4329829,PMC4454755,PMC4539932,PMC4620536,PMC4635383,PMC4871453,PMC5290732,PMC5345835,PMC5418622,PMC5606115,PMC5610324,PMC5647349,PMC5918198,PMC6244408,PMC6470126,PMC6557763,PMC6567449,PMC6707254,PMC6941254,PMC7709977,PMC7792045,PMC7835078,PMC7863436,PMC7977190,PMC8003874,PMC8132052,PMC8234706,PMC8379019,PMC8421500,PMC8448778,PMC8743724,PMC8900422,PMC8983830,PMC8996222,PMC9136496,PMC9142666,PMC9169189,PMC9293975,PMC9375916,PMC9699793,PMC9874078",PMC6544653,"PMC10318836,PMC10465966,PMC10540402,PMC10721274,PMC10829671,PMC10954547,PMC10995149,PMC3795682,PMC3895023,PMC3981007,PMC4464659,PMC4495396,PMC4503736,PMC4792422,PMC5131843,PMC5223107,PMC5345102,PMC5366912,PMC6089166,PMC6430470,PMC6558306,PMC6994936,PMC7074584,PMC7181506,PMC7814459,PMC8091590,PMC8851157,PMC8861636,PMC9450955","PMC10487315,PMC10786415,PMC10896791,PMC2946283,PMC3621571,PMC3634645,PMC4113436,PMC4161230,PMC4507262,PMC4682290,PMC4727567,PMC5089679,PMC5216109,PMC5418812,PMC6248383,PMC7084361,PMC7349204,PMC7519662,PMC7827477,PMC7932187,PMC8969067",67,1,29,21,,0,0.671304330673908,0.766111111111111,0.9566666666666658,75.68188320036204,90.46686064119424
GAGTGAGAGGCAACCTGGAG,ACACTCGGACCACATCCTTC,POU5F1,POU5F1,"ABI (1) (1), NANOG (1) (1), NANOG-R (1) (1), NM_001285986.1 (3) (1), OCT-3/4-R (1) (1), OCT-4 (1) (1), OCT3/4 (1) (1), OCT4 (3) (1), OCT4-R (1) (1), Oct-4 (1) (1), Oct3/4 (1) (1), Oct4 (2) (1), Oct4- (1) (1), POU5F1 (4) (1), SOX2 (1) (1), Set (1) (1), TATTTGG-3 (1) (1)","55 (1) (1), ACT (1) (1), Cyclin (1) (1), GGAGA (1) (1), GenBank (1) (1), Genbank (1) (1), NANOG (1) (1), NM_002701 (1) (1), OCT-4 (5) (1), OCT3 (1) (1), OCT3/4 (1) (1), OCT4 (4) (1), OCT4-F (1) (1), OCT4_fw (1) (1), Oct-4 (2) (1), Oct4 (3) (1), POU (1) (1), POU5F1 (5) (1), POU5F1-R (1) (1), Pou5F_R (1) (1), SOX-2 (1) (1), SOX2 (2) (1), Sox2 (1) (1), The (1) (1), Upper (2) (1)",0.004,0.004,41,75," PMC11458589, PMC11733544, PMC3192166, PMC3751447, PMC3760094, PMC3790833, PMC3904884, PMC4021512, PMC4030998, PMC4090206, PMC4423442, PMC4719186, PMC4878795, PMC5094695, PMC5270332, PMC5503574, PMC5572705, PMC5591432, PMC5614583, PMC5627404, PMC5862611, PMC5983664, PMC6071527, PMC6201862, PMC6277106, PMC6281623, PMC6357186, PMC6544653, PMC6591285, PMC7016998, PMC8107025, PMC8654761, PMC9029981,PMC10413151,PMC10809099,PMC4736581,PMC5572705,PMC6281623"," PMC10139117, PMC10163040, PMC10377620, PMC10645425, PMC10671720, PMC10706241, PMC10805825, PMC10835262, PMC10960442, PMC11335221, PMC11655692, PMC11983960, PMC2844422, PMC2887366, PMC3311553, PMC3479164, PMC3641338, PMC3973192, PMC4081551, PMC4201761, PMC4297870, PMC4376765, PMC4616026, PMC4762427, PMC4832103, PMC5323177, PMC5415946, PMC5527465, PMC5666729, PMC5768693, PMC5815497, PMC6281623, PMC6283856, PMC6307676, PMC6399006, PMC6494844, PMC6538673, PMC6544653, PMC6547395, PMC6606997, PMC6625065, PMC6711954, PMC7041535, PMC7049688, PMC7348751, PMC7388557, PMC7797662, PMC7859355, PMC7940740, PMC8104960, PMC8152426, PMC8286457, PMC8366451, PMC8441142, PMC8448614, PMC8674875, PMC8773805, PMC9374437, PMC9405349,PMC10094087,PMC10173517,PMC11045446,PMC3479164,PMC3898746,PMC6281623,PMC6283856,PMC6525983,PMC6545159,PMC7005693,PMC8100125",62.0,817.0,60.41,60.05,60.0,55.0,38,70,1437.0,1528.0,1456.0,1547.0,forward,reverse_complement,3,3,5,,,,,,,,,,,,,,,,,,,,,"PMC10413151,PMC11458589,PMC11733544,PMC3904884,PMC4030998,PMC5614583,PMC5627404,PMC7016998,PMC8107025,PMC8654761","PMC10809099,PMC3192166,PMC3751447,PMC3760094,PMC3790833,PMC4021512,PMC4090206,PMC4423442,PMC4719186,PMC4736581,PMC4878795,PMC5094695,PMC5270332,PMC5503574,PMC5572705,PMC5591432,PMC5862611,PMC5983664,PMC6071527,PMC6201862,PMC6277106,PMC6281623,PMC6357186,PMC6544653,PMC6591285,PMC9029981","PMC10163040,PMC10173517,PMC10645425,PMC10706241,PMC10805825,PMC10835262,PMC10960442,PMC11045446,PMC11335221,PMC11983960,PMC2887366,PMC3479164,PMC3641338,PMC3898746,PMC3973192,PMC4081551,PMC4297870,PMC4376765,PMC4616026,PMC4762427,PMC5415946,PMC5527465,PMC5666729,PMC5768693,PMC5815497,PMC6281623,PMC6307676,PMC6399006,PMC6494844,PMC6525983,PMC6545159,PMC6547395,PMC6625065,PMC6711954,PMC7005693,PMC7049688,PMC7797662,PMC7859355,PMC7940740,PMC8100125,PMC8152426,PMC8286457,PMC8366451,PMC8441142,PMC8773805,PMC9374437,PMC9405349","PMC10094087,PMC10139117,PMC10377620,PMC10671720,PMC11655692,PMC2844422,PMC3311553,PMC4201761,PMC4832103,PMC5323177,PMC6283856,PMC6538673,PMC6544653,PMC6606997,PMC7041535,PMC7348751,PMC7388557,PMC8104960,PMC8448614,PMC8674875",10,26,47,20,,0,0.5902803161636919,0.9327777777777781,0.8800000000000002,75.09734914151794,89.83732969367489
CAAAGCAGAAACCCTCGTGC,CTCCAGGTTGCCTCTCACTC,POU5F1,POU5F1,"164 (1) (1), CAA (1) (1), Concentration (1) (1), Gene (1) (1), Human (1) (1), OCT-4 (1) (1), OCT4 (9) (1), Oct4 (4) (1), POU5F1 (1) (1), Pou5f1 (1) (1), RT-OCT4-F (1) (1), TG-3 (1) (1), hOCT4-F (2) (1), human (1) (1)","ABI (1) (1), NANOG (1) (1), NANOG-R (1) (1), NM_001285986.1 (3) (1), OCT-3/4-R (1) (1), OCT-4 (1) (1), OCT3/4 (1) (1), OCT4 (3) (1), OCT4-R (1) (1), Oct-4 (1) (1), Oct3/4 (1) (1), Oct4 (2) (1), Oct4- (1) (1), POU5F1 (4) (1), SOX2 (1) (1), Set (1) (1), TATTTGG-3 (1) (1)",0.004,0.004,34,41," PMC11266738, PMC11367998, PMC11434123, PMC11997742, PMC4413550, PMC4741933, PMC5199039, PMC5483250, PMC5557585, PMC5566105, PMC5706845, PMC5830957, PMC6217860, PMC6396461, PMC6509179, PMC6642334, PMC7752272, PMC7824946, PMC8455897, PMC8456648, PMC8802056, PMC8854419, PMC9399390, PMC9438157, PMC9568362, PMC9818073, PMC9852901,PMC10139404,PMC10664984,PMC6966500,PMC9753993,PMC9757749"," PMC11458589, PMC11733544, PMC3192166, PMC3751447, PMC3760094, PMC3790833, PMC3904884, PMC4021512, PMC4030998, PMC4090206, PMC4423442, PMC4719186, PMC4878795, PMC5094695, PMC5270332, PMC5503574, PMC5572705, PMC5591432, PMC5614583, PMC5627404, PMC5862611, PMC5983664, PMC6071527, PMC6201862, PMC6277106, PMC6281623, PMC6357186, PMC6544653, PMC6591285, PMC7016998, PMC8107025, PMC8654761, PMC9029981,PMC10413151,PMC10809099,PMC4736581,PMC5572705,PMC6281623",49.0,62.0,60.68,60.41,55.0,60.0,32,38,1381.0,1437.0,1400.0,1456.0,forward,reverse_complement,3,3,4,,,,,,,,,,,,,,,,,,,,,"PMC10139404,PMC10664984,PMC11266738,PMC11367998,PMC11997742,PMC4413550,PMC4741933,PMC5483250,PMC5557585,PMC5566105,PMC5706845,PMC5830957,PMC6217860,PMC6396461,PMC6509179,PMC6642334,PMC7752272,PMC7824946,PMC8455897,PMC8456648,PMC8802056,PMC8854419,PMC9399390,PMC9438157,PMC9757749,PMC9818073,PMC9852901","PMC11434123,PMC5199039,PMC6966500,PMC9568362,PMC9753993","PMC10809099,PMC3192166,PMC3751447,PMC3760094,PMC3790833,PMC4021512,PMC4090206,PMC4423442,PMC4719186,PMC4736581,PMC4878795,PMC5094695,PMC5270332,PMC5503574,PMC5572705,PMC5591432,PMC5862611,PMC5983664,PMC6071527,PMC6201862,PMC6277106,PMC6281623,PMC6357186,PMC6544653,PMC6591285,PMC9029981","PMC10413151,PMC11458589,PMC11733544,PMC3904884,PMC4030998,PMC5614583,PMC5627404,PMC7016998,PMC8107025,PMC8654761",27,5,26,10,,0,0.5840380367020364,0.897777777777778,0.9099999999999989,74.33523516843513,88.9718063134995
CAAAGCAGAAACCCTCGTGC,GCCGGTTACAGAACCACACT,POU5F1,POU5F1,"164 (1) (1), CAA (1) (1), Concentration (1) (1), Gene (1) (1), Human (1) (1), OCT-4 (1) (1), OCT4 (9) (1), Oct4 (4) (1), POU5F1 (1) (1), Pou5f1 (1) (1), RT-OCT4-F (1) (1), TG-3 (1) (1), hOCT4-F (2) (1), human (1) (1)","A2299 (1) (1), AT112 (1) (1), DCX (1) (1), Gene (1) (1), Nanog (1) (1), Nestin (1) (1), OCT3 (1) (1), OCT4 (1) (1), OCT4-Reverse (1) (1), Oct4 (1) (1), Orientation (1) (1), POU5F1 (5) (1), Rev- (1) (1), Target (2) (1), hsa-oct-4 (1) (1)",0.004,0.004,34,32," PMC11266738, PMC11367998, PMC11434123, PMC11997742, PMC4413550, PMC4741933, PMC5199039, PMC5483250, PMC5557585, PMC5566105, PMC5706845, PMC5830957, PMC6217860, PMC6396461, PMC6509179, PMC6642334, PMC7752272, PMC7824946, PMC8455897, PMC8456648, PMC8802056, PMC8854419, PMC9399390, PMC9438157, PMC9568362, PMC9818073, PMC9852901,PMC10139404,PMC10664984,PMC6966500,PMC9753993,PMC9757749"," PMC10825216, PMC11330932, PMC11733544, PMC2831306, PMC3077891, PMC3869187, PMC3904884, PMC4461767, PMC5134122, PMC5355113, PMC5386357, PMC5386708, PMC5614583, PMC5851116, PMC6214949, PMC7068199, PMC7318403, PMC7481635, PMC7564713, PMC8107025, PMC9013652, PMC9558687, PMC9659205,PMC10413151,PMC3077891,PMC5386357,PMC6214949,PMC8262288",49.0,338.0,60.68,60.9,55.0,55.0,32,28,1381.0,1543.0,1400.0,1562.0,forward,reverse_complement,3,4,4,,,,,,,,,,,,,,,,,,,,,"PMC10139404,PMC10664984,PMC11266738,PMC11367998,PMC11997742,PMC4413550,PMC4741933,PMC5483250,PMC5557585,PMC5566105,PMC5706845,PMC5830957,PMC6217860,PMC6396461,PMC6509179,PMC6642334,PMC7752272,PMC7824946,PMC8455897,PMC8456648,PMC8802056,PMC8854419,PMC9399390,PMC9438157,PMC9757749,PMC9818073,PMC9852901","PMC11434123,PMC5199039,PMC6966500,PMC9568362,PMC9753993","PMC10413151,PMC11330932,PMC11733544,PMC2831306,PMC3077891,PMC3869187,PMC3904884,PMC4461767,PMC5134122,PMC5355113,PMC5386357,PMC5386708,PMC5614583,PMC5851116,PMC6214949,PMC7068199,PMC7318403,PMC7481635,PMC7564713,PMC8107025,PMC8262288,PMC9013652,PMC9558687,PMC9659205",PMC10825216,27,5,24,1,,0,0.5680171576099343,0.9122222222222223,0.9266666666666671,74.30085788049674,88.93155491485159
TATGGGAGCCCTCACTTCAC,CAAAAACCCTGGCACAAACT,POU5F1,POU5F1,"CTCC (1) (1), Gene (2) (1), LGR5 (1) (1), Lower (2) (1), MYC (1) (1), OCT-4 (4) (1), OCT4 (2) (1), OCT4A (2) (1), OCT4B (2) (1), Oct-4 (3) (1), Oct4 (1) (1), Oct4A (1) (1), Oct4B (1) (1), POU5F1 (2) (1), Sex (1) (1), homeobox (1) (1)","EN-OCT4 (2) (1), Endo-OCT4 (1) (1), Endo-POU5F1 (1) (1), Gene (2) (1), HES5 (1) (1), NANOG (1) (1), OCT3/4 (2) (1), OCT4 (8) (1), OCT4-F (1) (1), OCT4B (1) (1), Oct3/4 (3) (1), Oct4B (1) (1), Octamer (1) (1), POU5F1 (1) (1), Pou5f1 (2) (1), SOX2 (1) (1), endo-OCT4 (1) (1), endoOCT4 (4) (1)",0.004,0.004,44,53," PMC10139117, PMC10671720, PMC10829671, PMC11040361, PMC11274440, PMC11655692, PMC3095638, PMC3311553, PMC3511366, PMC3554725, PMC3823397, PMC3916122, PMC4201761, PMC4464659, PMC4561906, PMC4618831, PMC4832103, PMC5131843, PMC5167543, PMC5323177, PMC5472783, PMC6283856, PMC6430470, PMC7388557, PMC7463744, PMC7643360, PMC7694436, PMC7904523, PMC8104960, PMC8674875,PMC10094087,PMC12205603,PMC4561906,PMC4741483,PMC6283856,PMC7863557"," PMC10487315, PMC10540402, PMC10786415, PMC10829671, PMC10896791, PMC10954547, PMC3621571, PMC3795682, PMC3895023, PMC3981007, PMC4113436, PMC4161230, PMC4464659, PMC4495396, PMC4503736, PMC4507262, PMC4682290, PMC4727567, PMC4792422, PMC5089679, PMC5131843, PMC5216109, PMC5223107, PMC5345102, PMC5366912, PMC5418812, PMC6089166, PMC6248383, PMC6430470, PMC6558306, PMC6994936, PMC7074584, PMC7181506, PMC7519662, PMC7814459, PMC7932187, PMC8091590, PMC8969067, PMC9450955,PMC10318836,PMC10465966,PMC10721274,PMC10995149,PMC2946283,PMC3634645,PMC7084361,PMC7349204,PMC7827477,PMC8851157,PMC8861636",106.0,260.0,59.46,57.96,55.0,45.0,36,50,1691.0,1865.0,1710.0,1884.0,forward,reverse_complement,3,2,3,,,,,,,,,,,,,,,,,,,,,"PMC10829671,PMC4464659,PMC5131843,PMC6430470","PMC10094087,PMC10139117,PMC10671720,PMC10829671,PMC11040361,PMC11274440,PMC11655692,PMC12205603,PMC3095638,PMC3311553,PMC3511366,PMC3554725,PMC3823397,PMC3916122,PMC4201761,PMC4464659,PMC4561906,PMC4618831,PMC4741483,PMC4832103,PMC5167543,PMC5323177,PMC5472783,PMC6283856,PMC6430470,PMC7388557,PMC7463744,PMC7643360,PMC7694436,PMC7863557,PMC7904523,PMC8104960,PMC8674875","PMC10318836,PMC10465966,PMC10540402,PMC10721274,PMC10829671,PMC10954547,PMC10995149,PMC3795682,PMC3895023,PMC3981007,PMC4464659,PMC4495396,PMC4503736,PMC4792422,PMC5131843,PMC5223107,PMC5345102,PMC5366912,PMC6089166,PMC6430470,PMC6558306,PMC6994936,PMC7074584,PMC7181506,PMC7814459,PMC8091590,PMC8851157,PMC8861636,PMC9450955","PMC10487315,PMC10786415,PMC10896791,PMC2946283,PMC3621571,PMC3634645,PMC4113436,PMC4161230,PMC4507262,PMC4682290,PMC4727567,PMC5089679,PMC5216109,PMC5418812,PMC6248383,PMC7084361,PMC7349204,PMC7519662,PMC7827477,PMC7932187,PMC8969067",4,33,29,21,"PMC10829671,PMC4464659,PMC5131843,PMC6430470",4,0.7635866834385802,0.8566666666666667,0.5,73.87933417192902,88.42942629003863
GTGGAGGAAGCTGACAACAA,CTGGTTCGCTTTCTCTTTCG,POU5F1,POU5F1,"119 (1) (1), A2300 (1) (1), EGFP (1) (1), FOR (1) (1), GAC (1) (1), Gene (2) (1), H-OCT4 (1) (1), Human (1) (1), NANOG (2) (1), NANOG-F (1) (1), OCT3/4 (1) (1), OCT4 (12) (1), OCT4-F (1) (1), OCT4-Sense (1) (1), OCT4-reverse (1) (1), Oct-4 (2) (1), Oct4 (6) (1), Oct4-reverse (1) (1), Oct4a (1) (1), POU (1) (1), POU5F1 (10) (1), Pluripotency (2) (1), Set (1) (1), The (1) (1), USA (1) (1), human (1) (1)","Cancer (1) (1), Gene (1) (1), IDT (1) (1), OCT3 (2) (1), OCT4 (7) (1), OCT4_R (1) (1), Oct-4 (2) (1), Oct4 (3) (1), Oct4_Rev (2) (1), Octamer-binding (1) (1), POU5F1 (7) (1), human (1) (1)",0.004,0.004,72,42," PMC10957997, PMC11014864, PMC11101480, PMC11292262, PMC11427698, PMC11515471, PMC11581432, PMC2831306, PMC3077891, PMC3857166, PMC4090168, PMC4090206, PMC4219743, PMC4358081, PMC4461767, PMC4467125, PMC4484432, PMC5357761, PMC5386357, PMC5479030, PMC5488545, PMC5524812, PMC5533946, PMC5541715, PMC5591432, PMC5677350, PMC5851116, PMC6059729, PMC6168501, PMC6214949, PMC6237593, PMC6283842, PMC6349828, PMC6355651, PMC6430378, PMC6544653, PMC6549167, PMC6591285, PMC6664765, PMC6933027, PMC7005302, PMC7471976, PMC7593581, PMC7600115, PMC7649396, PMC7674658, PMC7692041, PMC7850411, PMC8273683, PMC8340846, PMC8922936, PMC9103168, PMC9558687, PMC9727917, PMC9750879,PMC10074076,PMC10787008,PMC5288783,PMC5386357,PMC6059729,PMC6210048,PMC6214949,PMC6283842,PMC6391455,PMC8596119,PMC8674361,PMC9198085,PMC9618131"," PMC10835262, PMC11880082, PMC12003762, PMC2651644, PMC3111432, PMC4297870, PMC4496178, PMC5167543, PMC5355113, PMC5386708, PMC5488545, PMC5722528, PMC5780180, PMC5877810, PMC6003522, PMC6158549, PMC6245804, PMC6477173, PMC7068199, PMC7318403, PMC7408407, PMC7564713, PMC7815724, PMC7897946, PMC8178857, PMC8889648, PMC8899165, PMC9013652, PMC9102939, PMC9109612, PMC9659205,PMC10682145,PMC4496178,PMC6928603,PMC7281029,PMC8233392,PMC9109296,PMC9668309",471.0,153.0,58.69,57.77,50.0,50.0,68,38,1340.0,1406.0,1359.0,1425.0,forward,reverse_complement,4,2,4,,,,,,,,,,,,,,,,,,,,,"PMC10074076,PMC10787008,PMC10957997,PMC11014864,PMC11101480,PMC11292262,PMC11427698,PMC11515471,PMC11581432,PMC2831306,PMC3077891,PMC3857166,PMC4090168,PMC4090206,PMC4219743,PMC4358081,PMC4461767,PMC4467125,PMC4484432,PMC5288783,PMC5357761,PMC5386357,PMC5479030,PMC5488545,PMC5524812,PMC5533946,PMC5541715,PMC5591432,PMC5677350,PMC5851116,PMC6059729,PMC6168501,PMC6210048,PMC6214949,PMC6237593,PMC6283842,PMC6349828,PMC6355651,PMC6391455,PMC6544653,PMC6549167,PMC6591285,PMC6664765,PMC6933027,PMC7005302,PMC7471976,PMC7593581,PMC7600115,PMC7649396,PMC7674658,PMC7692041,PMC8273683,PMC8340846,PMC8674361,PMC8922936,PMC9103168,PMC9198085,PMC9558687,PMC9618131,PMC9727917,PMC9750879","PMC6430378,PMC7850411,PMC8596119","PMC11880082,PMC3111432,PMC4496178,PMC5488545,PMC5780180,PMC5877810,PMC6158549,PMC6477173,PMC6928603,PMC8899165,PMC9109296,PMC9668309","PMC10682145,PMC10835262,PMC12003762,PMC2651644,PMC4297870,PMC5167543,PMC5355113,PMC5386708,PMC5722528,PMC6003522,PMC6245804,PMC7068199,PMC7281029,PMC7318403,PMC7408407,PMC7564713,PMC7815724,PMC7897946,PMC8178857,PMC8233392,PMC8889648,PMC9013652,PMC9102939,PMC9109612,PMC9659205",61,3,12,25,PMC5488545,1,0.7177900736739476,0.8033333333333335,0.6933333333333351,73.8561703503641,88.4013714584741
GTGGAGGAAGCTGACAACAA,ACACTCGGACCACATCCTTC,POU5F1,POU5F1,"119 (1) (1), A2300 (1) (1), EGFP (1) (1), FOR (1) (1), GAC (1) (1), Gene (2) (1), H-OCT4 (1) (1), Human (1) (1), NANOG (2) (1), NANOG-F (1) (1), OCT3/4 (1) (1), OCT4 (12) (1), OCT4-F (1) (1), OCT4-Sense (1) (1), OCT4-reverse (1) (1), Oct-4 (2) (1), Oct4 (6) (1), Oct4-reverse (1) (1), Oct4a (1) (1), POU (1) (1), POU5F1 (10) (1), Pluripotency (2) (1), Set (1) (1), The (1) (1), USA (1) (1), human (1) (1)","55 (1) (1), ACT (1) (1), Cyclin (1) (1), GGAGA (1) (1), GenBank (1) (1), Genbank (1) (1), NANOG (1) (1), NM_002701 (1) (1), OCT-4 (5) (1), OCT3 (1) (1), OCT3/4 (1) (1), OCT4 (4) (1), OCT4-F (1) (1), OCT4_fw (1) (1), Oct-4 (2) (1), Oct4 (3) (1), POU (1) (1), POU5F1 (5) (1), POU5F1-R (1) (1), Pou5F_R (1) (1), SOX-2 (1) (1), SOX2 (2) (1), Sox2 (1) (1), The (1) (1), Upper (2) (1)",0.004,0.004,72,75," PMC10957997, PMC11014864, PMC11101480, PMC11292262, PMC11427698, PMC11515471, PMC11581432, PMC2831306, PMC3077891, PMC3857166, PMC4090168, PMC4090206, PMC4219743, PMC4358081, PMC4461767, PMC4467125, PMC4484432, PMC5357761, PMC5386357, PMC5479030, PMC5488545, PMC5524812, PMC5533946, PMC5541715, PMC5591432, PMC5677350, PMC5851116, PMC6059729, PMC6168501, PMC6214949, PMC6237593, PMC6283842, PMC6349828, PMC6355651, PMC6430378, PMC6544653, PMC6549167, PMC6591285, PMC6664765, PMC6933027, PMC7005302, PMC7471976, PMC7593581, PMC7600115, PMC7649396, PMC7674658, PMC7692041, PMC7850411, PMC8273683, PMC8340846, PMC8922936, PMC9103168, PMC9558687, PMC9727917, PMC9750879,PMC10074076,PMC10787008,PMC5288783,PMC5386357,PMC6059729,PMC6210048,PMC6214949,PMC6283842,PMC6391455,PMC8596119,PMC8674361,PMC9198085,PMC9618131"," PMC10139117, PMC10163040, PMC10377620, PMC10645425, PMC10671720, PMC10706241, PMC10805825, PMC10835262, PMC10960442, PMC11335221, PMC11655692, PMC11983960, PMC2844422, PMC2887366, PMC3311553, PMC3479164, PMC3641338, PMC3973192, PMC4081551, PMC4201761, PMC4297870, PMC4376765, PMC4616026, PMC4762427, PMC4832103, PMC5323177, PMC5415946, PMC5527465, PMC5666729, PMC5768693, PMC5815497, PMC6281623, PMC6283856, PMC6307676, PMC6399006, PMC6494844, PMC6538673, PMC6544653, PMC6547395, PMC6606997, PMC6625065, PMC6711954, PMC7041535, PMC7049688, PMC7348751, PMC7388557, PMC7797662, PMC7859355, PMC7940740, PMC8104960, PMC8152426, PMC8286457, PMC8366451, PMC8441142, PMC8448614, PMC8674875, PMC8773805, PMC9374437, PMC9405349,PMC10094087,PMC10173517,PMC11045446,PMC3479164,PMC3898746,PMC6281623,PMC6283856,PMC6525983,PMC6545159,PMC7005693,PMC8100125",471.0,817.0,58.69,60.05,50.0,55.0,68,70,1340.0,1528.0,1359.0,1547.0,forward,reverse_complement,4,3,4,,,,,,,,,,,,,,,,,,,,,"PMC10074076,PMC10787008,PMC10957997,PMC11014864,PMC11101480,PMC11292262,PMC11427698,PMC11515471,PMC11581432,PMC2831306,PMC3077891,PMC3857166,PMC4090168,PMC4090206,PMC4219743,PMC4358081,PMC4461767,PMC4467125,PMC4484432,PMC5288783,PMC5357761,PMC5386357,PMC5479030,PMC5488545,PMC5524812,PMC5533946,PMC5541715,PMC5591432,PMC5677350,PMC5851116,PMC6059729,PMC6168501,PMC6210048,PMC6214949,PMC6237593,PMC6283842,PMC6349828,PMC6355651,PMC6391455,PMC6544653,PMC6549167,PMC6591285,PMC6664765,PMC6933027,PMC7005302,PMC7471976,PMC7593581,PMC7600115,PMC7649396,PMC7674658,PMC7692041,PMC8273683,PMC8340846,PMC8674361,PMC8922936,PMC9103168,PMC9198085,PMC9558687,PMC9618131,PMC9727917,PMC9750879","PMC6430378,PMC7850411,PMC8596119","PMC10163040,PMC10173517,PMC10645425,PMC10706241,PMC10805825,PMC10835262,PMC10960442,PMC11045446,PMC11335221,PMC11983960,PMC2887366,PMC3479164,PMC3641338,PMC3898746,PMC3973192,PMC4081551,PMC4297870,PMC4376765,PMC4616026,PMC4762427,PMC5415946,PMC5527465,PMC5666729,PMC5768693,PMC5815497,PMC6281623,PMC6307676,PMC6399006,PMC6494844,PMC6525983,PMC6545159,PMC6547395,PMC6625065,PMC6711954,PMC7005693,PMC7049688,PMC7797662,PMC7859355,PMC7940740,PMC8100125,PMC8152426,PMC8286457,PMC8366451,PMC8441142,PMC8773805,PMC9374437,PMC9405349","PMC10094087,PMC10139117,PMC10377620,PMC10671720,PMC11655692,PMC2844422,PMC3311553,PMC4201761,PMC4832103,PMC5323177,PMC6283856,PMC6538673,PMC6544653,PMC6606997,PMC7041535,PMC7348751,PMC7388557,PMC8104960,PMC8448614,PMC8674875",61,3,47,20,,0,0.6985300403080517,0.9244444444444445,0.5466666666666669,73.59316868206925,88.07944691755549
CGAAAGAGAAAGCGAACCAG,AACCACACTCGGACCACATC,POU5F1,POU5F1,"Cancer (1) (1), Gene (1) (1), IDT (1) (1), OCT3 (2) (1), OCT4 (7) (1), OCT4_R (1) (1), Oct-4 (2) (1), Oct4 (3) (1), Oct4_Rev (2) (1), Octamer-binding (1) (1), POU5F1 (7) (1), human (1) (1)","Cancer (1) (1), IDT (1) (1), OCT4 (4) (1), OCT4A (2) (1), Oct4-F (1) (1), POU5F1 (6) (1), SHP2 (1) (1), SOX2 (1) (1)",0.004,0.004,42,28," PMC10835262, PMC11880082, PMC12003762, PMC2651644, PMC3111432, PMC4297870, PMC4496178, PMC5167543, PMC5355113, PMC5386708, PMC5488545, PMC5722528, PMC5780180, PMC5877810, PMC6003522, PMC6158549, PMC6245804, PMC6477173, PMC7068199, PMC7318403, PMC7408407, PMC7564713, PMC7815724, PMC7897946, PMC8178857, PMC8889648, PMC8899165, PMC9013652, PMC9102939, PMC9109612, PMC9659205,PMC10682145,PMC4496178,PMC6928603,PMC7281029,PMC8233392,PMC9109296,PMC9668309"," PMC10682145, PMC11364923, PMC11997742, PMC12003762, PMC2651644, PMC4413550, PMC4667649, PMC5347651, PMC5483250, PMC5677509, PMC5749353, PMC6003522, PMC6245804, PMC6429482, PMC7897946, PMC8178857, PMC9030920, PMC9102939, PMC9438157, PMC9682313, PMC9818020, PMC9818073, PMC9950793,PMC10088155,PMC7281029,PMC8039936,PMC8233392",153.0,80.0,57.77,60.62,50.0,55.0,38,27,1406.0,1532.0,1425.0,1551.0,forward,reverse_complement,2,2,3,,,,,,,,,,,,,,,,,,,,,"PMC10682145,PMC10835262,PMC12003762,PMC2651644,PMC4297870,PMC5167543,PMC5355113,PMC5386708,PMC5722528,PMC6003522,PMC6245804,PMC7068199,PMC7281029,PMC7318403,PMC7408407,PMC7564713,PMC7815724,PMC7897946,PMC8178857,PMC8233392,PMC8889648,PMC9013652,PMC9102939,PMC9109612,PMC9659205","PMC11880082,PMC3111432,PMC4496178,PMC5488545,PMC5780180,PMC5877810,PMC6158549,PMC6477173,PMC6928603,PMC8899165,PMC9109296,PMC9668309","PMC10088155,PMC10682145,PMC11997742,PMC12003762,PMC2651644,PMC4413550,PMC4667649,PMC5483250,PMC5677509,PMC6003522,PMC6245804,PMC7281029,PMC7897946,PMC8039936,PMC8178857,PMC8233392,PMC9102939,PMC9438157,PMC9818020,PMC9818073,PMC9950793","PMC11364923,PMC5347651,PMC5749353,PMC6429482,PMC9030920,PMC9682313",25,12,21,6,"PMC10682145,PMC12003762,PMC2651644,PMC6003522,PMC6245804,PMC7281029,PMC7897946,PMC8178857,PMC8233392,PMC9102939",10,0.932970854961279,0.841666666666667,0.05000000000000193,72.89854274806399,87.19903166801393
CGAAAGAGAAAGCGAACCAG,TTACAGAACCACACTCGGAC,POU5F1,POU5F1,"Cancer (1) (1), Gene (1) (1), IDT (1) (1), OCT3 (2) (1), OCT4 (7) (1), OCT4_R (1) (1), Oct-4 (2) (1), Oct4 (3) (1), Oct4_Rev (2) (1), Octamer-binding (1) (1), POU5F1 (7) (1), human (1) (1)","Marker (1) (1), OCT-4 (2) (1), OCT-4-reverse (1) (1), OCT4-R (1) (1), Oct-4 (1) (1), SOX2 (2) (1), hOCT4 (1) (1), total (1) (1)",0.004,0.004,42,36," PMC10835262, PMC11880082, PMC12003762, PMC2651644, PMC3111432, PMC4297870, PMC4496178, PMC5167543, PMC5355113, PMC5386708, PMC5488545, PMC5722528, PMC5780180, PMC5877810, PMC6003522, PMC6158549, PMC6245804, PMC6477173, PMC7068199, PMC7318403, PMC7408407, PMC7564713, PMC7815724, PMC7897946, PMC8178857, PMC8889648, PMC8899165, PMC9013652, PMC9102939, PMC9109612, PMC9659205,PMC10682145,PMC4496178,PMC6928603,PMC7281029,PMC8233392,PMC9109296,PMC9668309"," PMC10229310, PMC2911382, PMC3046119, PMC3060028, PMC3661502, PMC3953728, PMC4353623, PMC4414166, PMC4871453, PMC5206619, PMC5354751, PMC5661476, PMC6163012, PMC6304868, PMC6607707, PMC7026130, PMC7056658, PMC7106710, PMC7374836, PMC7532415, PMC7876244, PMC7998608, PMC8027678, PMC8067398, PMC8268119, PMC8773741, PMC9010520, PMC9290266,PMC10177426,PMC3060028,PMC4050354,PMC4414166,PMC6831611,PMC9811443",153.0,189.0,57.77,57.84,50.0,50.0,38,34,1406.0,1538.0,1425.0,1557.0,forward,reverse_complement,2,2,3,,,,,,,,,,,,,,,,,,,,,"PMC10682145,PMC10835262,PMC12003762,PMC2651644,PMC4297870,PMC5167543,PMC5355113,PMC5386708,PMC5722528,PMC6003522,PMC6245804,PMC7068199,PMC7281029,PMC7318403,PMC7408407,PMC7564713,PMC7815724,PMC7897946,PMC8178857,PMC8233392,PMC8889648,PMC9013652,PMC9102939,PMC9109612,PMC9659205","PMC11880082,PMC3111432,PMC4496178,PMC5488545,PMC5780180,PMC5877810,PMC6158549,PMC6477173,PMC6928603,PMC8899165,PMC9109296,PMC9668309","PMC10177426,PMC10229310,PMC2911382,PMC3046119,PMC3060028,PMC3661502,PMC3953728,PMC4050354,PMC4353623,PMC4414166,PMC4871453,PMC5206619,PMC5354751,PMC5661476,PMC6163012,PMC6304868,PMC6607707,PMC6831611,PMC7026130,PMC7056658,PMC7106710,PMC7374836,PMC7532415,PMC7876244,PMC7998608,PMC8027678,PMC8067398,PMC8268119,PMC8773741,PMC9010520,PMC9290266,PMC9811443",,25,12,32,0,,0,0.5914627072463363,0.7561111111111114,0.9766666666666666,71.7898020289835,85.70201368523468
GAGTGAGAGGCAACCTGGAG,AACCACACTCGGACCACATC,POU5F1,POU5F1,"ABI (1) (1), NANOG (1) (1), NANOG-R (1) (1), NM_001285986.1 (3) (1), OCT-3/4-R (1) (1), OCT-4 (1) (1), OCT3/4 (1) (1), OCT4 (3) (1), OCT4-R (1) (1), Oct-4 (1) (1), Oct3/4 (1) (1), Oct4 (2) (1), Oct4- (1) (1), POU5F1 (4) (1), SOX2 (1) (1), Set (1) (1), TATTTGG-3 (1) (1)","Cancer (1) (1), IDT (1) (1), OCT4 (4) (1), OCT4A (2) (1), Oct4-F (1) (1), POU5F1 (6) (1), SHP2 (1) (1), SOX2 (1) (1)",0.004,0.004,41,28," PMC11458589, PMC11733544, PMC3192166, PMC3751447, PMC3760094, PMC3790833, PMC3904884, PMC4021512, PMC4030998, PMC4090206, PMC4423442, PMC4719186, PMC4878795, PMC5094695, PMC5270332, PMC5503574, PMC5572705, PMC5591432, PMC5614583, PMC5627404, PMC5862611, PMC5983664, PMC6071527, PMC6201862, PMC6277106, PMC6281623, PMC6357186, PMC6544653, PMC6591285, PMC7016998, PMC8107025, PMC8654761, PMC9029981,PMC10413151,PMC10809099,PMC4736581,PMC5572705,PMC6281623"," PMC10682145, PMC11364923, PMC11997742, PMC12003762, PMC2651644, PMC4413550, PMC4667649, PMC5347651, PMC5483250, PMC5677509, PMC5749353, PMC6003522, PMC6245804, PMC6429482, PMC7897946, PMC8178857, PMC9030920, PMC9102939, PMC9438157, PMC9682313, PMC9818020, PMC9818073, PMC9950793,PMC10088155,PMC7281029,PMC8039936,PMC8233392",62.0,80.0,60.41,60.62,60.0,55.0,38,27,1437.0,1532.0,1456.0,1551.0,forward,reverse_complement,3,2,5,,,,,,,,,,,,,,,,,,,,,"PMC10413151,PMC11458589,PMC11733544,PMC3904884,PMC4030998,PMC5614583,PMC5627404,PMC7016998,PMC8107025,PMC8654761","PMC10809099,PMC3192166,PMC3751447,PMC3760094,PMC3790833,PMC4021512,PMC4090206,PMC4423442,PMC4719186,PMC4736581,PMC4878795,PMC5094695,PMC5270332,PMC5503574,PMC5572705,PMC5591432,PMC5862611,PMC5983664,PMC6071527,PMC6201862,PMC6277106,PMC6281623,PMC6357186,PMC6544653,PMC6591285,PMC9029981","PMC10088155,PMC10682145,PMC11997742,PMC12003762,PMC2651644,PMC4413550,PMC4667649,PMC5483250,PMC5677509,PMC6003522,PMC6245804,PMC7281029,PMC7897946,PMC8039936,PMC8178857,PMC8233392,PMC9102939,PMC9438157,PMC9818020,PMC9818073,PMC9950793","PMC11364923,PMC5347651,PMC5749353,PMC6429482,PMC9030920,PMC9682313",10,26,21,6,,0,0.5198019952459786,0.9011111111111114,0.9299999999999997,71.62343309563227,85.46756821746526
